SLAVE_INDEX,DURATION,FAILURES,READS_PER_SEC,READS_PER_SEC_NET,READ_COUNT,REQ_PER_SEC,REQ_PER_SEC_NET,TRANSACTIONS_PER_SEC,TRANSACTION_COUNT,WRITES_PER_SEC,WRITES_PER_SEC_NET,WRITE_COUNT
0,173648677704,0,1564796.8127517074,5049875.129942397,67847235,1563017.9485884327,5047181.063776905,1563.0179485884328,67854,126038.00518149413,794772.780013268,6765
1,177322806625,0,1658789.15375745,5999104.96697095,73452452,1657090.8480002184,5995274.671733191,1657.0908480002183,73460,151150.20893442517,831145.2408965413,7548
2,176368584740,0,1709052.084520185,6026694.654615055,75278545,1707469.6179251089,6023308.394076386,1707.4696179251089,75286,164975.9262116125,902546.9347862623,7455
3,176500507696,0,1688991.040743499,5938710.907161354,74446470,1687337.9226361816,5937415.427451741,1687.3379226361815,74454,158039.80439205628,1880899.5895617316,7530
4,175530753995,0,1690953.4721039445,5883939.942116002,74122202,1689269.7447676111,5880131.6742544165,1689.2992112932186,74131,155750.8063353365,794615.5257654826,7496
5,178320995670,0,1689410.5224435192,6070083.676942819,75230432,1687698.0686948404,6066848.594991351,1687.6980686948405,75238,152371.7982612894,963314.2797244842,7568
6,180811184552,0,1679402.9685422275,5806403.992135171,75836438,1677860.806850426,5803115.420861708,1677.860806850426,75844,164349.8533497587,868741.8840859715,7562
7,175564293674,0,1715165.1382027417,6031581.9923944045,75188483,1713241.3072473418,6028412.9821687415,1713.2413072473419,75196,140207.22458059643,963725.7326565586,7517
