SLAVE_INDEX,DURATION,FAILURES,READS_PER_SEC,READS_PER_SEC_NET,READ_COUNT,REQ_PER_SEC,REQ_PER_SEC_NET,TRANSACTIONS_PER_SEC,TRANSACTION_COUNT,WRITES_PER_SEC,WRITES_PER_SEC_NET,WRITE_COUNT
0,155762976361,0,2893931.045268505,7153252.553270818,112514183,2889657.186293319,7146478.160865228,2889.697970107571,112527,182746.8998810121,680709.1085984368,11218
1,157793815348,0,2717579.338348217,7017335.368276763,107082019,2714755.6262282208,7010928.773005752,2714.783087639426,107094,242080.50963714276,702865.0785376554,10893
