SLAVE_INDEX,DURATION,FAILURES,READS_PER_SEC,READS_PER_SEC_NET,READ_COUNT,REQ_PER_SEC,REQ_PER_SEC_NET,TRANSACTIONS_PER_SEC,TRANSACTION_COUNT,WRITES_PER_SEC,WRITES_PER_SEC_NET,WRITE_COUNT
0,143203059620,0,2934085.1720107147,6205853.171720681,104901905,2930451.940856374,6203122.47830511,2930.397310334614,104914,219469.22882173595,1150987.7017193919,10516
1,145537434298,0,2943287.8277588603,6558108.756100203,106968788,2940257.6599213863,6556733.788946307,2940.216342637369,106981,258182.47380602296,2104516.7204955234,10601
2,148763485644,0,2903814.2939332747,6730856.827452916,107869751,2900727.971867096,6728590.456829642,2900.763926437915,107882,250781.11093096732,1547664.6293480506,10850
3,143598597941,0,3012201.1632547677,6680267.012516148,108000784,3008705.336924763,6676983.507079442,3008.747852793462,108013,236296.7148850872,1118591.6279076098,10683
