SLAVE_INDEX,DURATION,FAILURES,READS_PER_SEC,READS_PER_SEC_NET,READ_COUNT,REQ_PER_SEC,REQ_PER_SEC_NET,TRANSACTIONS_PER_SEC,TRANSACTION_COUNT,WRITES_PER_SEC,WRITES_PER_SEC_NET,WRITE_COUNT
0,151401675069,0,2849722.7114585573,3672960.397204284,107576037,2842416.1344573847,3664032.567633376,2842.4486611086063,107588,105231.76793255287,142797.1671043146,10604
1,153366521197,0,2922308.6058958108,3876145.728672248,111844594,2917343.3974242876,3869814.181886278,2917.375278074542,111857,161111.03609291872,221802.94937519904,11108
2,152212314421,0,2945824.009381249,3937746.1522114137,111849738,2939604.470913086,3929202.754804214,2939.604470913086,111861,133808.96348427705,174261.2538272062,11262
3,153223793235,0,3027223.617064012,4008423.290317881,115729653,3021491.36387682,4001037.1700159064,3021.5141369422463,115742,149894.60498732334,203694.98772369983,11439
4,152837645468,0,2911379.269357746,3832794.6561130285,111031276,2906152.2810032875,3826377.097348617,2906.03259439704,111044,153183.86119774458,215441.78404443432,11092
5,162130388991,0,2737249.5377103067,3542264.3231042484,110737316,2732332.7030603187,3536489.95362199,2732.391319416124,110751,145953.12772189174,207034.15844591585,11225
