SLAVE_INDEX,DURATION,FAILURES,READS_PER_SEC,READS_PER_SEC_NET,READ_COUNT,REQ_PER_SEC,REQ_PER_SEC_NET,TRANSACTIONS_PER_SEC,TRANSACTION_COUNT,WRITES_PER_SEC,WRITES_PER_SEC_NET,WRITE_COUNT
0,238724706935,0,8746.128597976556,2844099.322391366,457261,8511.896510792547,2876640.1024808697,8.511896510792548,508,6856.950586605859,3207353.9235311677,50739
1,238701754562,0,8363.257807944341,3635264.706951513,453290,8447.998229842186,3595209.4325308376,8.461196166367221,505,9286.85128575868,3273652.072648512,50848
2,238820077286,0,8561.479546501849,3704289.0010930765,457978,8525.095641610662,3671495.1281923656,8.511746097730976,509,8211.794269846363,3401173.7359687956,51013
3,238920607853,0,8426.418703304906,3714928.3428718722,461782,8588.627069216767,3666977.5508313407,8.588627069216768,513,10392.29239371934,3284718.414823547,51218
4,238654651079,0,8426.941364874603,3703191.894232267,458931,8547.91637530129,3627992.7899405407,8.547916375301291,510,9813.997987408136,3068109.6737013184,51069
5,238582265214,0,8755.98930672023,3778759.3181291963,460711,8584.041224367684,3725243.5285189473,8.584041224367684,512,7296.878185333512,3304821.842933524,51289
6,238481860092,0,8399.758898392132,2447482.5001164083,460040,8570.882494842495,2507132.577531315,8.570882494842495,511,10502.39542544409,3214345.416705964,50960
7,238474173267,0,8582.049908276067,3614499.738239198,462844,8621.495450989825,3577451.8568876507,8.638250639718692,515,8995.576287675834,3273850.5737150027,51157
