SLAVE_INDEX,DURATION,FAILURES,READS_PER_SEC,READS_PER_SEC_NET,READ_COUNT,REQ_PER_SEC,REQ_PER_SEC_NET,TRANSACTIONS_PER_SEC,TRANSACTION_COUNT,WRITES_PER_SEC,WRITES_PER_SEC_NET,WRITE_COUNT
0,237895755336,0,30047.360901026637,2433294.7362555256,1585711,29609.607746263366,2386087.344184495,29.609607746263364,1761,26161.681405716365,2029843.6015921168,175289
1,232668793596,0,35262.844218386796,3387716.1558428346,1842127,35191.65537178754,3360429.5628409507,35.19165537178754,2047,34564.23813219813,3133492.3202687544,204873
2,232462065043,0,35340.13488597708,2971213.76045967,1834681,35068.08733929156,2993315.8724146504,35.068087339291566,2038,32790.34205339199,3208698.8803685573,203319
3,232302187434,0,34083.498028905364,3433865.7911948296,1787417,34196.836834594986,3406642.4476945205,34.19683683459499,1986,35251.95598979253,3179742.7347897124,198583
