SLAVE_INDEX,DURATION,FAILURES,READS_PER_SEC,READS_PER_SEC_NET,READ_COUNT,REQ_PER_SEC,REQ_PER_SEC_NET,TRANSACTIONS_PER_SEC,TRANSACTION_COUNT,WRITES_PER_SEC,WRITES_PER_SEC_NET,WRITE_COUNT
0,238130550011,0,12414.561709990572,3740583.743441033,669820,12497.346517960545,3675687.9098092504,12.497346517960544,744,13298.063302033052,3177855.8028437356,74180
1,238143819453,0,12735.645134535656,3168563.849592781,661709,12345.481007035909,3175837.028954424,12.34548100703591,735,9670.639875964012,3243046.64654514,73291
2,238187791768,0,12251.280372044179,2833522.004704973,659034,12292.821467743126,2520295.4711777773,12.292821467743126,732,12681.189747433744,1261135.386364699,72966
3,237751569603,0,12571.251919361132,3714601.8854166167,676295,12635.037510019849,3657043.5424976344,12.635037510019849,751,13243.352469213152,3207157.243306999,74705
4,238060182249,0,12205.514591972164,3732788.9895490846,652052,12175.122998807059,3681027.7348276577,12.170101669599832,725,11908.622678040101,3273111.5058265263,72551
5,238076506401,0,12121.420942845716,3828687.34368286,661238,12348.971532067353,3757221.149014458,12.348971532067353,735,14847.62854252913,3218643.0479827933,73762
