SLAVE_INDEX,DURATION,FAILURES,READS_PER_SEC,READS_PER_SEC_NET,READ_COUNT,REQ_PER_SEC,REQ_PER_SEC_NET,TRANSACTIONS_PER_SEC,TRANSACTION_COUNT,WRITES_PER_SEC,WRITES_PER_SEC_NET,WRITE_COUNT
0,239130107911,0,8725.72531476429,3643146.025534426,458883,8530.920751975122,3585363.4265938327,8.53092075197512,510,7106.6320507745395,3138496.0140695395,51117
1,239681834774,0,8430.556461069958,3750399.838313991,456192,8461.216937496474,3692265.8925638236,8.461216937496474,507,8746.837371547914,3241169.3318322534,50808
2,239581216467,0,8892.034401359488,2029584.2913199612,463539,8598.336841167784,2110622.860861318,8.598336841167784,515,6626.778204791486,3296099.691691606,51461
3,239265468682,0,8641.664458855023,3751399.810706711,463456,8609.683676242807,3703451.613308019,8.609683676242808,515,8332.41984306862,3321708.79181446,51544
4,239163225580,0,8052.624573666598,3822570.9013013695,448834,8345.76467665318,3769867.4446046264,8.345764676653179,499,12376.880217818116,3355897.753155344,50166
5,239719460746,0,8674.931531429105,3816220.943136065,470523,8726.867620550107,3759766.8030160833,8.726867620550108,523,9221.902225536336,3319472.3628560235,52477
6,239762801882,0,8837.483260430698,3731191.8836916815,469696,8708.606938233961,3679171.6766453683,8.708606938233961,522,7700.215052104758,3269791.7494178237,52304
7,239342348252,0,8530.255517600277,3766412.3030806594,461792,8573.49322001086,3706794.867142619,8.57349322001086,513,8984.157090133458,3243770.2221950614,51208
