SLAVE_INDEX,DURATION,FAILURES,READS_PER_SEC,READS_PER_SEC_NET,READ_COUNT,REQ_PER_SEC,REQ_PER_SEC_NET,TRANSACTIONS_PER_SEC,TRANSACTION_COUNT,WRITES_PER_SEC,WRITES_PER_SEC_NET,WRITE_COUNT
0,230725258906,0,39240.68364000808,4363414.957136867,2011075,38730.04647332794,3992293.8025117395,38.73004647332794,2234,34661.05209543683,2258993.827226533,222925
1,230750916855,0,38730.7951412263,3558574.520410173,2002302,38581.46316963201,3307698.077655414,38.59226927432252,2227,37292.57919986288,2026844.899444924,223375
