SLAVE_INDEX,DURATION,FAILURES,READS_PER_SEC,READS_PER_SEC_NET,READ_COUNT,REQ_PER_SEC,REQ_PER_SEC_NET,TRANSACTIONS_PER_SEC,TRANSACTION_COUNT,WRITES_PER_SEC,WRITES_PER_SEC_NET,WRITE_COUNT
0,229830431614,0,38954.53773917432,4361579.551141393,2001761,38706.79760520497,4150237.362762944,38.70679760520497,2224,36609.66442974739,2889232.334898688,222239
1,230478327696,0,39182.699578404034,3958029.490655104,1993315,38441.79228723971,3832743.985715348,38.441792287239714,2215,32855.57072752124,2983568.5097099184,221685
