SLAVE_INDEX,DURATION,FAILURES,READS_PER_SEC,READS_PER_SEC_NET,READ_COUNT,REQ_PER_SEC,REQ_PER_SEC_NET,TRANSACTIONS_PER_SEC,TRANSACTION_COUNT,WRITES_PER_SEC,WRITES_PER_SEC_NET,WRITE_COUNT
0,232419406201,0,24682.09805553279,3539576.7161260443,1264647,24180.424913140578,3514922.8648895165,24.180424913140577,1405,20437.477773580373,3307354.2108894577,140353
1,231889890541,0,24169.376702278245,3963309.612246011,1270405,24350.660508857425,3859184.079214746,24.30914798921654,1412,26112.019113908525,3121629.2269157483,141263
2,232433608777,0,23999.27651759642,2861238.8813533434,1270265,24282.20268874684,2695458.8345636902,24.28220268874684,1411,27173.649118118905,1769878.934892051,140735
3,233042142036,0,24732.329248774113,3862683.245540487,1289869,24596.409687628642,3474526.7068761867,24.59640968762864,1433,23435.74287042372,1823337.633161802,143131
