SLAVE_INDEX,DURATION,FAILURES,READS_PER_SEC,READS_PER_SEC_NET,READ_COUNT,REQ_PER_SEC,REQ_PER_SEC_NET,TRANSACTIONS_PER_SEC,TRANSACTION_COUNT,WRITES_PER_SEC,WRITES_PER_SEC_NET,WRITE_COUNT
0,232814723771,0,42752.13871079298,2493625.6431909306,2238181,42746.437333529364,2504232.138474314,42.746437333529364,2488,42695.42525534912,2603442.819404591,249819
1,236769708642,0,18930.132942889268,2580845.408229444,1002478,18818.065982996446,2567605.33733629,18.802185799421903,1114,17866.335485926928,2454309.931722714,111409
2,236692494096,0,26340.163789788745,2618725.355619727,1413690,26549.215360632752,2633818.4783939766,26.54921536063275,1571,28588.228698434737,2777688.583287622,157310
3,232713518951,0,48173.34737611461,2665603.9227790916,2517490,48076.27872429593,2669615.0957139465,48.07627872429593,2797,47219.3153467655,2706294.410324193,279510
4,236129388144,0,22405.375630224647,2555120.2052936703,1186382,22343.682171329347,2554443.929598433,22.34368217132935,1319,21806.532181097406,2548409.95037847,132618
5,234331934275,0,35043.15160741488,2623068.289054683,1859875,35266.213397538006,2635041.392194096,35.266213397538,2066,37415.14475695424,2748230.1556125246,206125
