SLAVE_INDEX,DURATION,FAILURES,READS_PER_SEC,READS_PER_SEC_NET,READ_COUNT,REQ_PER_SEC,REQ_PER_SEC_NET,TRANSACTIONS_PER_SEC,TRANSACTION_COUNT,WRITES_PER_SEC,WRITES_PER_SEC_NET,WRITE_COUNT
0,241295317025,0,4386.558287200263,2599585.9549260777,234966,4326.648411049908,2576216.6858815663,4.3266484110499075,261,3851.8512167428407,2382882.8938087192,26034
1,240883013950,0,4004.37439875662,2756994.584430453,216986,4001.942620163733,2756536.5760406083,4.0019426201637325,241,3980.102710275466,2752404.987499045,24014
2,240876266449,0,4098.491243841555,2651623.6056489814,227781,4201.32715820829,2655360.3382622604,4.20132715820829,253,5432.467537941017,2689594.2516335174,25219
3,240672689603,0,4654.5807210155135,2845643.2093282063,252166,4653.623150376922,2845954.0613515223,4.653623150376922,280,4644.96582611413,2848773.3663332793,27834
