SLAVE_INDEX,DURATION,FAILURES,READS_PER_SEC,READS_PER_SEC_NET,READ_COUNT,REQ_PER_SEC,REQ_PER_SEC_NET,TRANSACTIONS_PER_SEC,TRANSACTION_COUNT,WRITES_PER_SEC,WRITES_PER_SEC_NET,WRITE_COUNT
0,237793993102,0,18006.532361225873,2640896.8101421515,980446,18318.376941218718,2687122.9912774805,18.31837694121872,1089,21714.985560209483,3191712.473378997,108554
1,237248203549,0,16815.83102417709,2814069.396000225,901054,16876.8401197737,2839108.9561766754,16.8768401197737,1001,17447.52379979017,3086722.801407401,99946
2,235936805686,0,19024.372057449258,2817875.252013329,1003823,18920.3205791511,2637802.748034303,18.9203205791511,1116,18037.50941697025,1678156.1465599225,112177
3,237172059747,0,18201.254502572356,2947863.260457589,969609,18164.045143409825,2959806.321611818,18.180596655463667,1078,17834.856238905322,3072184.052752357,107392
4,237117081112,0,15920.903704233095,3419711.2507921234,855936,16042.70760318282,3347956.1714621815,16.04270760318282,951,17229.54872694121,2815953.411054396,95064
5,236782186596,0,18304.10309428996,2842890.153939501,986375,18514.906307035766,2841795.8888322273,18.514906307035766,1096,20655.294869064048,2831987.7570295297,109625
