SLAVE_INDEX,DURATION,FAILURES,READS_PER_SEC,READS_PER_SEC_NET,READ_COUNT,REQ_PER_SEC,REQ_PER_SEC_NET,TRANSACTIONS_PER_SEC,TRANSACTION_COUNT,WRITES_PER_SEC,WRITES_PER_SEC_NET,WRITE_COUNT
0,234019972007,0,32065.29574915121,4211675.791332723,1606771,30516.79708681609,4255415.21553714,30.526544864826036,1786,21274.59628020678,4693940.008448693,178614
1,235323183366,0,21802.10468327005,2980230.2987567144,1176529,22216.25564136981,3093520.285722883,22.216255641369813,1307,26808.454329822824,4707062.383016579,130471
2,220968536257,0,148022.60311701166,5878673.3426599065,7373148,148328.8098622308,5582562.984834252,148.32880986223077,8194,151137.12580585806,3843571.857531886,820852
3,235455880655,0,35148.47045705548,4589387.108077098,1837094,34673.16245102513,4147726.978375323,34.67316245102513,2041,30907.557485167854,2221562.3948731553,203906
4,238188722474,0,9870.029072419498,1797010.2429932107,559862,10445.498737966416,1916462.8302781242,10.445498737966416,622,22005.560774362075,4778254.351920417,62138
5,236956482218,0,20971.537346093395,6038105.775536829,1147696,21522.939369550564,5873590.69554317,21.522939369550564,1275,28209.812938103187,4715339.447889437,127304
6,238490079809,0,14183.84689002919,5283088.994761262,773589,14407.307854279708,5181253.252212802,14.407307854279708,859,16805.316915201718,4411132.403732882,85411
7,240970604605,0,7316.613028196786,5557707.087587003,377881,6971.804725949303,5428122.832991588,6.971804725949304,420,4900.0271807569725,4489070.1150620645,42119
