SLAVE_INDEX,DURATION,FAILURES,READS_PER_SEC,READS_PER_SEC_NET,READ_COUNT,REQ_PER_SEC,REQ_PER_SEC_NET,TRANSACTIONS_PER_SEC,TRANSACTION_COUNT,WRITES_PER_SEC,WRITES_PER_SEC_NET,WRITE_COUNT
0,159850209263,0,412697.2491924038,1236085.4142165543,14644468,407106.1295448859,1193152.2627338879,407.1061295448859,16269,362798.54475937365,908649.7395901486,1624532
1,142049703185,0,411061.13573560386,1246059.0995056203,13010476,407018.9145323415,1206954.6912466863,407.07124378322163,14457,373886.45499818656,940871.3870406698,1443753
