SLAVE_INDEX,DURATION,FAILURES,READS_PER_SEC,READS_PER_SEC_NET,READ_COUNT,REQ_PER_SEC,REQ_PER_SEC_NET,TRANSACTIONS_PER_SEC,TRANSACTION_COUNT,WRITES_PER_SEC,WRITES_PER_SEC_NET,WRITE_COUNT
0,217464826776,0,58725.15519507786,1017939.08417235,2899737,59254.01450448306,984541.2388265957,59.28017959370733,3223,64489.28915464133,759820.3353077746,321679
1,221308536613,0,52421.806957705376,999071.3445761737,2611651,52433.585154881745,968951.024148287,52.43358515488175,2901,52540.13459445542,761683.6770115838,289349
2,214126024072,0,73479.2909194906,1002411.9703731827,3352541,69566.50908995168,968911.6505153598,69.56650908995168,3724,46985.34562070763,744386.7327136158,371459
3,220607958046,0,54475.54001887206,944196.717663152,2661334,53615.472917498686,909153.0095772553,53.615472917498685,2957,46944.17279441205,681485.0571391128,295666
4,220904257931,0,54154.75111947215,1015213.0547179605,2728706,54901.6126424698,954532.6519785762,54.90161264246981,3032,62678.688790250366,620731.4292402096,303294
5,223475263568,0,42292.30672428996,969848.8313995354,2107145,41892.67237244492,941439.4285437642,41.89472646611836,2341,38599.10080742345,744507.6866668176,233349
