SLAVE_INDEX,DURATION,FAILURES,READS_PER_SEC,READS_PER_SEC_NET,READ_COUNT,REQ_PER_SEC,REQ_PER_SEC_NET,TRANSACTIONS_PER_SEC,TRANSACTION_COUNT,WRITES_PER_SEC,WRITES_PER_SEC_NET,WRITE_COUNT
0,221129304765,0,48278.8596719261,945499.3858984722,2326359,46748.883016595144,904515.5285881922,46.774881822195255,2586,36360.13547777066,650353.3769394876,258028
1,221516239922,0,45396.44863312812,935030.1865875936,2268552,45509.674611440474,881288.3960206803,45.5380751194957,2522,46556.11125093941,580573.1327600238,251731
2,230893569057,0,27141.767409203276,982415.0117221924,1416426,27267.974702429783,943295.9962684505,27.267974702429782,1574,28457.439174456173,694655.554389364,157574
3,228447555031,0,33056.10077597947,942543.4380280063,1687261,32830.292269848374,907743.6501591527,32.83029226984837,1875,30931.33535459692,681581.1637786806,187739
4,229805267142,0,29440.673296847224,935472.9074278874,1502240,29050.6831415435,908770.1121028373,29.0506831415435,1669,25953.61220583522,722885.8329846865,166760
5,226817490879,0,32953.34240628757,922774.9771172148,1709748,33500.34413374911,873929.2579015348,33.50604137721934,1900,39387.85761913476,591827.334191344,189868
6,229015890629,0,30198.80783690774,869911.9237563454,1591126,30879.953266895627,848804.090025784,30.879953266895626,1768,38740.570188959544,696724.7571808171,176874
7,223667869059,0,40240.007766607516,942912.2773193382,1994305,39637.25338511363,914241.7574183412,39.58807931174871,2218,34937.86578838334,718156.1436565287,222090
