SLAVE_INDEX,DURATION,FAILURES,READS_PER_SEC,READS_PER_SEC_NET,READ_COUNT,REQ_PER_SEC,REQ_PER_SEC_NET,TRANSACTIONS_PER_SEC,TRANSACTION_COUNT,WRITES_PER_SEC,WRITES_PER_SEC_NET,WRITE_COUNT
0,65304290935,0,1597036.405945134,2660917.115201968,23004092,1565693.5024647934,2581642.786707441,1565.7056856659865,25563,1330777.0695353511,2036045.3196431063,2557534
1,62205860851,0,1612185.1248024055,2705176.843487356,22020229,1573104.4416279772,2598866.4420066136,1573.1267602115743,24466,1291100.8233952906,1919255.7155785277,2443850
2,69069079020,0,1604248.6009225205,2707108.893196456,24472477,1574877.2901474833,2619765.614580897,1574.8537568759493,27195,1352239.8151210265,2030596.168649381,2721354
3,65008689896,0,1597969.4293377078,2672103.2597247423,22886197,1564736.4708123268,2578312.4640960265,1564.7406187412691,25432,1318138.6960685814,1959585.8658660054,2544170
