SLAVE_INDEX,DURATION,FAILURES,READS_PER_SEC,READS_PER_SEC_NET,READ_COUNT,REQ_PER_SEC,REQ_PER_SEC_NET,TRANSACTIONS_PER_SEC,TRANSACTION_COUNT,WRITES_PER_SEC,WRITES_PER_SEC_NET,WRITE_COUNT
0,71370797861,0,1604541.620797099,2678706.1611499563,25122650,1564484.23369826,2580261.3147419286,1564.473753473234,27916,1277505.9945488072,1939038.7612417482,2791972
1,87590562049,0,1610032.1177221006,2709697.294488016,30932492,1569439.6380639442,2597860.157298002,1569.476050121772,34369,1279014.7608567374,1893874.6596371827,3434533
2,30742453794,0,1619871.993464081,2727115.9033898055,10982317,1587671.183538577,2642182.6733046253,1587.6952173464435,12204,1346672.68647274,2063599.662538333,1219910
3,75243812074,0,1607177.0155550155,2700522.3844464724,26736303,1579158.8533970374,2615494.0214683744,1579.2086418715987,29708,1364898.7988981474,2037753.8286768256,2969180
4,74259328453,0,1610628.8949414615,2706751.612483012,26378724,1578741.0745870243,2617091.784700145,1578.7603378056635,29311,1339933.3064903799,2015962.5228618165,2930339
5,78642926712,0,1614711.0186252582,2716348.719049698,27925117,1578258.5566091463,2615838.807243209,1578.2943192125626,31032,1311871.7836748853,1962631.1526573077,3104601
