SLAVE_INDEX,DURATION,FAILURES,READS_PER_SEC,READS_PER_SEC_NET,READ_COUNT,REQ_PER_SEC,REQ_PER_SEC_NET,TRANSACTIONS_PER_SEC,TRANSACTION_COUNT,WRITES_PER_SEC,WRITES_PER_SEC_NET,WRITE_COUNT
0,66297450088,0,1600543.7400025532,2679354.646929829,23430439,1571019.4564308324,2596728.3239984903,1571.066620893864,26041,1347692.564124684,2033412.3662655842,2608207
1,68464866581,0,1613311.1983212014,2706815.2034007506,24350871,1580733.7311022226,2623588.060839768,1580.6891959992784,27057,1337610.5755059675,2054879.0558937169,2705310
