SLAVE_INDEX,DURATION,FAILURES,READS_PER_SEC,READS_PER_SEC_NET,READ_COUNT,REQ_PER_SEC,REQ_PER_SEC_NET,TRANSACTIONS_PER_SEC,TRANSACTION_COUNT,WRITES_PER_SEC,WRITES_PER_SEC_NET,WRITE_COUNT
0,129029444801,0,4333902.98748442,5132577.126803782,139759303,4332719.999394024,5132275.375339933,433.2676042711017,13979,297346.3976050234,1308241.561149647,2811
1,131452400044,0,4352542.3540732665,5189561.8848291105,142985335,4351022.939166991,5188860.796036506,435.13285108270065,14301,228530.49153836328,650142.5050340814,2767
