SLAVE_INDEX,DURATION,FAILURES,READS_PER_SEC,READS_PER_SEC_NET,READ_COUNT,REQ_PER_SEC,REQ_PER_SEC_NET,TRANSACTIONS_PER_SEC,TRANSACTION_COUNT,WRITES_PER_SEC,WRITES_PER_SEC_NET,WRITE_COUNT
0,130679563543,0,4147036.140321766,4664903.228838273,135444430,4145932.396091336,4664587.1549634,414.6336646089403,13547,291770.7082095125,1069168.000025074,2729
1,132656562366,0,4036474.939581061,5208519.346589953,133828385,4035413.540440153,5207745.253957127,403.5865485131465,13385,281313.9152056172,609625.9874056865,2637
2,133676830455,0,4038313.665122282,5284294.447267092,134912354,4037051.583009124,5283645.688063448,403.6945681837809,13493,243888.72520685784,743161.852139712,2711
3,132982870290,0,4066050.215580319,5298305.696773801,135141154,4065002.167731448,5297765.0212078225,406.5785104769471,13517,298440.7605633026,883455.2125417991,2760
4,130957038370,0,4145386.8470015763,4636276.393708164,135677653,4144269.195112831,4635305.795266499,414.4564051768023,13569,280140.1323899801,395828.64962839754,2652
5,139703359278,0,4007594.7254634467,5106512.910678679,139926789,4006474.7969746385,5105802.919041032,400.70613106124495,13995,259491.4532877294,623857.6959400986,2708
