SLAVE_INDEX,DURATION,FAILURES,READS_PER_SEC,READS_PER_SEC_NET,READ_COUNT,REQ_PER_SEC,REQ_PER_SEC_NET,TRANSACTIONS_PER_SEC,TRANSACTION_COUNT,WRITES_PER_SEC,WRITES_PER_SEC_NET,WRITE_COUNT
0,122056960617,0,5144266.964085463,5455346.137537698,156915711,5142482.729596806,5454371.950802571,514.3171254520436,15694,289109.17188592546,565619.913624326,3242
1,121198363369,0,5088477.296115879,5474359.972765474,154121482,5086690.107547173,5473127.164252263,508.75262605802396,15415,279475.985635183,455001.4976951904,3147
