SLAVE_INDEX,DURATION,FAILURES,READS_PER_SEC,READS_PER_SEC_NET,READ_COUNT,REQ_PER_SEC,REQ_PER_SEC_NET,TRANSACTIONS_PER_SEC,TRANSACTION_COUNT,WRITES_PER_SEC,WRITES_PER_SEC_NET,WRITE_COUNT
0,75218262380,0,698373.482300289,698957.4839414753,6563617,698123.4388892566,698718.1209556932,698.6593399323485,6569,87557.18538074303,91098.682208228,337
