SLAVE_INDEX,DURATION,FAILURES,READS_PER_SEC,READS_PER_SEC_NET,READ_COUNT,REQ_PER_SEC,REQ_PER_SEC_NET,TRANSACTIONS_PER_SEC,TRANSACTION_COUNT,WRITES_PER_SEC,WRITES_PER_SEC_NET,WRITE_COUNT
0,4815002302,0,2244385.30963239,3253950.6700091586,10786268,2240252.5115137524,3252937.7285768175,2240.2888983520816,10787,60684.47256633866,459985.4268631489,553
