SLAVE_INDEX,DURATION,FAILURES,READS_PER_SEC,READS_PER_SEC_NET,READ_COUNT,REQ_PER_SEC,REQ_PER_SEC_NET,TRANSACTIONS_PER_SEC,TRANSACTION_COUNT,WRITES_PER_SEC,WRITES_PER_SEC_NET,WRITE_COUNT
0,125227593393,0,3.18222704010342E7,4.311156795280023E7,165055310,3.1634595320917845E7,4.3110378353378944E7,31636.859704101265,165076,264257.96888704016,2.7716205769731E7,8200
