SLAVE_INDEX,DURATION,FAILURES,READS_PER_SEC,READS_PER_SEC_NET,READ_COUNT,REQ_PER_SEC,REQ_PER_SEC_NET,TRANSACTIONS_PER_SEC,TRANSACTION_COUNT,WRITES_PER_SEC,WRITES_PER_SEC_NET,WRITE_COUNT
0,40159642185,0,1.5122136762037663E7,2.1155170644135945E7,75838517,1.5108173454459278E7,2.114411884330416E7,14741.221411219856,75846,785016.4334691798,1867377.9699757444,3838
