SLAVE_INDEX,DURATION,FAILURES,READS_PER_SEC,READS_PER_SEC_NET,READ_COUNT,REQ_PER_SEC,REQ_PER_SEC_NET,TRANSACTIONS_PER_SEC,TRANSACTION_COUNT,WRITES_PER_SEC,WRITES_PER_SEC_NET,WRITE_COUNT
0,181614468450,0,3.1705474921272255E7,4.247137489222005E7,179009803,3.154265292237514E7,4.2469908642682545E7,31544.092976307827,179030,306282.71020753676,2.5195721318453327E7,9014
