SLAVE_INDEX,DURATION,FAILURES,READS_PER_SEC,READS_PER_SEC_NET,READ_COUNT,REQ_PER_SEC,REQ_PER_SEC_NET,TRANSACTIONS_PER_SEC,TRANSACTION_COUNT,WRITES_PER_SEC,WRITES_PER_SEC_NET,WRITE_COUNT
0,38788877348,0,1.5715754427961634E7,1.7476887069592685E7,76142451,1.57047605821314E7,1.7468021538645625E7,15705.294949960302,76151,1046563.5828139702,1565735.3858821865,3803
