SLAVE_INDEX,DURATION,FAILURES,READS_PER_SEC,READS_PER_SEC_NET,READ_COUNT,REQ_PER_SEC,REQ_PER_SEC_NET,TRANSACTIONS_PER_SEC,TRANSACTION_COUNT,WRITES_PER_SEC,WRITES_PER_SEC_NET,WRITE_COUNT
0,166822842155,0,4.2562190997854635E7,4.47305025303895E7,221795458,4.2546994574071676E7,4.47264038654507E7,42550.2871093293,221824,5239701.65806795,1.5819510086080015E7,11122
