SLAVE_INDEX,DURATION,FAILURES,READS_PER_SEC,READS_PER_SEC_NET,READ_COUNT,REQ_PER_SEC,REQ_PER_SEC_NET,TRANSACTIONS_PER_SEC,TRANSACTION_COUNT,WRITES_PER_SEC,WRITES_PER_SEC_NET,WRITE_COUNT
0,163783737169,0,4.3052519916147895E7,4.5933227666066125E7,220258083,4.3036059488170706E7,4.5927065487386405E7,43038.24322802389,220285,4921984.564543257,1.2355528193504613E7,10875
