SLAVE_INDEX,DURATION,FAILURES,READS_PER_SEC,READS_PER_SEC_NET,READ_COUNT,REQ_PER_SEC,REQ_PER_SEC_NET,TRANSACTIONS_PER_SEC,TRANSACTION_COUNT,WRITES_PER_SEC,WRITES_PER_SEC_NET,WRITE_COUNT
0,118370697849,0,3.7233098886956684E7,3.9469970495440654E7,183566543,3.722050507483107E7,3.9466194927952744E7,37223.15816916831,183591,4790583.255165283,1.3541540173026688E7,9172
