SLAVE_INDEX,DURATION,FAILURES,READS_PER_SEC,READS_PER_SEC_NET,READ_COUNT,REQ_PER_SEC,REQ_PER_SEC_NET,TRANSACTIONS_PER_SEC,TRANSACTION_COUNT,WRITES_PER_SEC,WRITES_PER_SEC_NET,WRITE_COUNT
0,119604316250,0,3.743146516098095E7,3.911706355470958E7,186306577,3.738649169360558E7,3.91091074357672E7,37388.64063948611,186327,1521625.981078679,7837440.5726605,9497
