SLAVE_INDEX,DURATION,FAILURES,READS_PER_SEC,READS_PER_SEC_NET,READ_COUNT,REQ_PER_SEC,REQ_PER_SEC_NET,TRANSACTIONS_PER_SEC,TRANSACTION_COUNT,WRITES_PER_SEC,WRITES_PER_SEC_NET,WRITE_COUNT
0,315397664884,0,664681.3209022828,664923.5237283526,6549806,664571.7687132856,664825.7899509652,666.2819997341101,6567,155950.42219468977,170096.15491314602,331
