SLAVE_INDEX,DURATION,FAILURES,READS_PER_SEC,READS_PER_SEC_NET,READ_COUNT,REQ_PER_SEC,REQ_PER_SEC_NET,TRANSACTIONS_PER_SEC,TRANSACTION_COUNT,WRITES_PER_SEC,WRITES_PER_SEC_NET,WRITE_COUNT
0,408122939353,0,1.3124333977988869E7,1.3379569454607284E7,111478996,1.3111897332905123E7,1.3366845333143821E7,13114.41822069426,111507,672835.4253876449,683584.8534392997,5714
