SLAVE_INDEX,DURATION,FAILURES,READS_PER_SEC,READS_PER_SEC_NET,READ_COUNT,REQ_PER_SEC,REQ_PER_SEC_NET,TRANSACTIONS_PER_SEC,TRANSACTION_COUNT,WRITES_PER_SEC,WRITES_PER_SEC_NET,WRITE_COUNT
0,238087167407,0,7613.006043141738,2447920.5316445054,404946,7558.576212230958,2371598.5309193786,75.58576212230957,4499,7101.231904161431,1851575.452168192,44954
1,238212285638,0,7781.061184137846,2486850.945718586,411200,7670.469199798998,2405066.4831480198,76.70469199798997,4568,6799.060325892723,1854962.835606024,45600
2,237591798596,0,7716.1806449720025,3280421.6090387087,411751,7698.918947578503,3057951.1874825894,76.98918947578503,4573,7546.312902528041,1895753.0204524403,45549
3,237600460507,0,7886.22450561001,3335880.5375998234,417195,7806.382176373582,3128108.71403525,78.06382176373582,4637,7156.404572736409,2006809.1048029354,46505
4,238106749067,0,7647.076323566812,3254202.208125696,408305,7626.831272594471,3037162.0559731373,76.26831272594471,4540,7450.581075513926,1903040.5127527036,45695
5,238063296849,0,7906.797724235398,3271773.4435107177,420225,7846.6526538311555,3079277.306408045,78.46652653831156,4670,7344.722928962363,2014475.3458310983,46775
6,237924447666,0,7813.621874204605,3334707.8957632426,409960,7656.211952447925,3101631.05592889,76.56211952447924,4554,6478.687564103416,1902157.0236692862,45440
7,238119579842,0,7747.878764175453,3227375.303181583,409391,7641.538764713776,2609658.6233644313,76.41538764713776,4549,6801.7406350466235,958801.3990191052,45509
