SLAVE_INDEX,DURATION,FAILURES,READS_PER_SEC,READS_PER_SEC_NET,READ_COUNT,REQ_PER_SEC,REQ_PER_SEC_NET,TRANSACTIONS_PER_SEC,TRANSACTION_COUNT,WRITES_PER_SEC,WRITES_PER_SEC_NET,WRITE_COUNT
0,238168892290,0,7793.122822085322,2479992.9125377596,412750,7697.058933153423,2109536.939173615,76.97058933153423,4583,6923.692825132711,896308.7423322866,45550
1,237969956281,0,7678.8780464898755,3362396.4638545043,402499,7518.596162144411,2359890.048855422,75.18596162144412,4473,6331.305535557962,641510.487497603,44801
2,237852358480,0,7774.878954068657,2508508.655830742,413020,7715.710753207916,2449457.1233154843,77.15710753207915,4588,7220.00119715048,2020373.0214091577,45780
3,237984779959,0,7946.053916939804,3340545.2404948296,415730,7766.883244879955,3122288.505312604,77.66883244879955,4621,6460.787182371606,1968945.8765036764,46370
4,237932229238,0,7728.014610913492,3286222.3414913537,420171,7845.931616656558,3049339.9024425866,78.45931616656557,4667,9099.769057594936,1847037.0376398354,46529
5,237864126304,0,7836.72323962571,3328342.897361099,417436,7796.047385598624,3191866.496259368,77.96047385598624,4636,7446.550140677302,2328504.3248623675,46164
6,237920399095,0,7943.943447452435,3222279.28022655,417912,7804.290876540571,2702457.6698458698,78.04290876540571,4642,6735.274162551968,1100129.6207856429,46288
7,238077842585,0,7612.735812327597,3285932.8925298825,405754,7572.313241860605,3038377.1010616557,75.72313241860604,4507,7225.936234660666,1808427.5839645271,44946
