SLAVE_INDEX,DURATION,FAILURES,READS_PER_SEC,READS_PER_SEC_NET,READ_COUNT,REQ_PER_SEC,REQ_PER_SEC_NET,TRANSACTIONS_PER_SEC,TRANSACTION_COUNT,WRITES_PER_SEC,WRITES_PER_SEC_NET,WRITE_COUNT
0,233460876703,0,20956.241984308603,3333288.5501983655,1098365,20911.426655056614,3179729.0695628487,209.11426655056616,12205,20516.850862918433,2248277.639342718,122135
1,233614808655,0,21066.01905940571,3167634.77125035,1099154,20911.34559545159,3045736.8391834246,209.1134559545159,12213,19615.335526707244,2262317.7697998597,122146
2,233982493038,0,20984.383469279852,3772316.1507346868,1102397,20943.447248440716,3540250.3001464573,209.43447248440717,12251,20582.705149940564,2280067.215741556,122703
3,232857109239,0,21244.69268058389,2651223.243934029,1101019,21005.156406797818,2424045.1829771046,210.05156406797818,12228,19062.012910751935,1365887.625855114,121781
