SLAVE_INDEX,DURATION,FAILURES,READS_PER_SEC,READS_PER_SEC_NET,READ_COUNT,REQ_PER_SEC,REQ_PER_SEC_NET,TRANSACTIONS_PER_SEC,TRANSACTION_COUNT,WRITES_PER_SEC,WRITES_PER_SEC_NET,WRITE_COUNT
0,239043482202,0,5345.924051496557,3190947.8221434196,286057,5317.860952702287,3045502.78232266,53.17860952702287,3178,5077.6566503385475,2158773.7161496156,31743
1,239708717918,0,3973.5296431403763,3089936.313319754,215818,4001.523216723911,2914475.9697004976,40.01523216723911,2398,4272.389527319672,1928822.91956689,23982
2,239354533416,0,5099.135244303743,3093792.946827809,277638,5160.545665760226,2995566.3338601845,51.60545665760226,3088,5780.827626040885,2335045.102780163,31162
3,239603466695,0,4619.00871143917,3088875.009910632,248900,4614.290499424863,2981849.946503357,46.142904994248624,2764,4572.020808535893,2269981.5799249266,27500
4,236634941927,0,19038.260758987206,3237783.429676803,1008315,18950.709322477836,3181617.1603647536,189.50709322477834,11211,18202.353017085137,2754441.738785765,112785
5,239172209986,0,4707.570958536933,3108459.8025166565,250611,4657.731766015827,2470490.2599657425,46.57731766015827,2785,4253.111119998061,868588.4046266557,27889
