SLAVE_INDEX,DURATION,FAILURES,READS_PER_SEC,READS_PER_SEC_NET,READ_COUNT,REQ_PER_SEC,REQ_PER_SEC_NET,TRANSACTIONS_PER_SEC,TRANSACTION_COUNT,WRITES_PER_SEC,WRITES_PER_SEC_NET,WRITE_COUNT
0,239831689691,0,1998.2528846267608,2245324.0702708946,107355,1986.393043445574,2186861.8052480854,19.863930434455742,1191,1884.176930438049,1766456.0154708158,11745
1,244593426891,0,781.342075956512,2292808.9564285576,42819,778.4346555022076,1786915.6070354097,7.7843465550220765,476,753.3291383315525,600421.9342383513,4781
2,239945224738,0,1060.8135310712605,2462412.2024319214,57173,1061.909026438097,2039173.1239415186,10.619090264380972,637,1071.6025709727821,813854.3776110369,6527
3,239687897623,0,2903.2050895065513,2219423.728355622,153858,2850.37336793112,2119707.6079296973,28.5037336793112,1708,2446.1227452173766,1505453.6707562516,16942
4,240024561951,0,905.5468828608258,2561103.921231298,50418,929.904832179489,2270053.1737580877,9.299048321794888,558,1243.1604691163784,1099516.2853592061,5382
5,243161380292,0,1127.0177448380596,2253718.07025729,62375,1138.3386608005148,1823238.8989336456,11.38338660800515,692,1253.4055373365518,664043.1691302141,6825
