SLAVE_INDEX,DURATION,FAILURES,READS_PER_SEC,READS_PER_SEC_NET,READ_COUNT,REQ_PER_SEC,REQ_PER_SEC_NET,TRANSACTIONS_PER_SEC,TRANSACTION_COUNT,WRITES_PER_SEC,WRITES_PER_SEC_NET,WRITE_COUNT
0,239420285399,0,3122.7750429316743,3652056.5794942933,168781,3134.2373464697835,3442470.3633418744,31.342373464697836,1876,3240.9283114647883,2272711.1476095337,18819
1,235737120213,0,22361.153617734806,3587757.105902837,1190473,22452.128011140954,3397720.474417968,224.52128011140957,13232,23302.456929621112,2303401.025143354,132727
