SLAVE_INDEX,DURATION,FAILURES,READS_PER_SEC,READS_PER_SEC_NET,READ_COUNT,REQ_PER_SEC,REQ_PER_SEC_NET,TRANSACTIONS_PER_SEC,TRANSACTION_COUNT,WRITES_PER_SEC,WRITES_PER_SEC_NET,WRITE_COUNT
0,239704396937,0,2915.111900532159,2502589.881542876,156692,2908.5824411608132,2310309.437418212,29.085824411608133,1743,2851.740514045575,1372140.8075342437,17608
1,240760173152,0,2553.4563280000298,3366283.0257418742,135947,2508.7205748879173,3160869.4410988856,25.087205748879175,1510,2166.0060231443795,2037833.2619049286,15053
2,239513734098,0,3349.8567222183933,3016680.530802023,181790,3370.161644549887,2879751.844733998,33.70161644549887,2018,3566.5646370763457,2038948.709486084,20010
3,239872734575,0,1551.1571739784288,3317521.9810786364,81924,1517.4713401459542,2938964.6242399295,15.174713401459542,910,1268.7638072793648,1447770.3602676685,9076
