SLAVE_INDEX,DURATION,FAILURES,READS_PER_SEC,READS_PER_SEC_NET,READ_COUNT,REQ_PER_SEC,REQ_PER_SEC_NET,TRANSACTIONS_PER_SEC,TRANSACTION_COUNT,WRITES_PER_SEC,WRITES_PER_SEC_NET,WRITE_COUNT
0,238120537597,0,11137.357084848069,3358025.5428327466,590690,11023.375079231595,3274120.463712167,110.23922772460264,6563,10092.380141459253,2672275.0202544625,65533
1,238182368993,0,10329.318195138041,3559869.2054777048,553462,10328.22039011753,3452204.494010766,103.28220390117531,6150,10318.357401003694,2713977.378214852,61538
2,235597432351,0,24037.731742848206,3529229.399854087,1271430,23990.074694784806,3472983.5524912435,239.90074694784803,14130,23570.391411414883,3038134.266660255,141570
3,237897471889,0,11913.870230950079,3019658.762262167,637553,11912.694899600738,2992885.487714024,119.12694899600737,7085,11902.14338290932,2772022.6463314025,70947
