SLAVE_INDEX,DURATION,FAILURES,READS_PER_SEC,READS_PER_SEC_NET,READ_COUNT,REQ_PER_SEC,REQ_PER_SEC_NET,TRANSACTIONS_PER_SEC,TRANSACTION_COUNT,WRITES_PER_SEC,WRITES_PER_SEC_NET,WRITE_COUNT
0,236707121153,0,10965.663065094108,3324343.831539181,577797,10857.299043144685,3107645.947493347,108.57299043144685,6425,9976.868069802593,1964250.477378773,64703
1,236411971358,0,11198.652362401497,3440872.811773408,581441,10924.996670700957,2695746.8349040505,109.24996670700958,6457,8946.767642290682,910896.4963892744,64259
2,237049777069,0,11040.271266108457,2855600.23745463,586858,11003.596089612654,2724785.7434814144,110.03596089612655,6521,10684.33518810081,1929648.0723657364,65242
3,236716795717,0,11221.643597167991,3378500.159251689,592292,11122.151227273154,3145207.5673808753,111.22151227273154,6582,10301.372433618584,1940830.724020588,65908
4,236809174621,0,11353.882911587925,3390228.913044907,600000,11256.320639882917,2832127.2137995814,112.56320639882917,6664,10445.283234011316,1138527.1145633478,66400
5,237175475354,0,10977.824298351215,3415965.126095377,579542,10856.097141396856,3186734.3807374765,108.56097141396856,6437,9867.721186894198,1984059.520672335,64158
