SLAVE_INDEX,DURATION,FAILURES,READS_PER_SEC,READS_PER_SEC_NET,READ_COUNT,REQ_PER_SEC,REQ_PER_SEC_NET,TRANSACTIONS_PER_SEC,TRANSACTION_COUNT,WRITES_PER_SEC,WRITES_PER_SEC_NET,WRITE_COUNT
0,222110971281,0,266915.69699306256,620517.629643738,2069637,41395.28969223192,45412.931435246515,413.98478866668125,22988,4792.371207759703,4842.436985580348,228950
1,219495023644,0,266167.35904763185,623337.5404736577,2050358,41500.87709858202,45585.527645069094,415.0389158991631,22775,4811.291996754621,4863.146812036736,226951
