SLAVE_INDEX,DURATION,FAILURES,READS_PER_SEC,READS_PER_SEC_NET,READ_COUNT,REQ_PER_SEC,REQ_PER_SEC_NET,TRANSACTIONS_PER_SEC,TRANSACTION_COUNT,WRITES_PER_SEC,WRITES_PER_SEC_NET,WRITE_COUNT
0,231018916140,0,260668.533599113,546254.5565767845,1660643,31933.93910448982,34101.60029862418,319.35998944868805,18445,3574.905092267774,3598.7534238161006,183693
1,231066477343,0,264081.38514228887,544355.3148920485,1641572,31581.924318547513,33660.57818072518,315.85358348982504,18246,3546.2147269764673,3571.6246111991427,182809
2,231157212256,0,265218.70410880033,548327.0109054493,1652004,31772.16029005544,33872.185786694085,317.7536809549825,18363,3570.312935721844,3595.8956417492955,184087
3,231001728319,0,264468.40012281795,550516.4475567618,1664688,32030.028752782408,34175.05604279332,320.3401523741909,18500,3596.473313054677,3621.398172356451,185060
