SLAVE_INDEX,DURATION,FAILURES,READS_PER_SEC,READS_PER_SEC_NET,READ_COUNT,REQ_PER_SEC,REQ_PER_SEC_NET,TRANSACTIONS_PER_SEC,TRANSACTION_COUNT,WRITES_PER_SEC,WRITES_PER_SEC_NET,WRITE_COUNT
0,167803764491,0,109636.78939183758,1255534.5234632292,4095260,108433.20503084363,1094864.7866827566,1084.3300215030438,45489,98655.52725279612,507984.2275239602,453615
1,169577538317,0,109301.24338185461,1309850.0289826521,4141594,108566.0057500338,1141700.3434443257,1085.6906183273466,46028,102378.9422795936,530207.3160924406,460995
2,173466079107,0,109546.99046829491,1307430.6365440013,4252119,108950.01545715661,1155103.7709161912,1089.491534231797,47248,103858.46015792398,563982.6503552108,472664
3,166692124684,0,115418.09064400266,1298189.8746710545,4262148,113629.8672532193,1130924.019608662,1136.3220753385742,47354,99713.41864485515,523421.83676359244,473153
4,169157342121,0,106969.53640866958,1179052.281473102,4040214,106163.85771274517,1035430.7166664009,1061.6444402331329,44897,99430.85575491867,494204.3461954623,449385
5,169934271885,0,107539.52430246651,1191273.4350697135,4066076,106362.77073191993,1033079.9385663815,1063.6378020037523,45189,96842.48389690588,471078.662957509,452594
