SLAVE_INDEX,DURATION,FAILURES,READS_PER_SEC,READS_PER_SEC_NET,READ_COUNT,REQ_PER_SEC,REQ_PER_SEC_NET,TRANSACTIONS_PER_SEC,TRANSACTION_COUNT,WRITES_PER_SEC,WRITES_PER_SEC_NET,WRITE_COUNT
0,203931363390,0,54489.15909434593,1206225.349491684,2436506,53105.98536669745,1053694.5599684555,531.0728791111793,27076,43237.60869737464,493080.29777386074,270988
1,200682305170,0,60052.60844147329,1266845.6514717683,2646034,58608.057098191246,1115567.910532554,586.0805709819125,29404,48188.44024486022,538039.5601224005,294366
2,209956659062,0,46744.17143895433,1211713.9652573282,2189048,46339.087521520225,1062274.6588177276,463.39087521520224,24323,42986.72655823052,503483.91992875113,243252
3,185881643018,0,79251.97890883603,1229274.0170901718,3270737,78202.9670277465,1063692.5218180907,782.027125738127,36342,69877.9233777563,480790.71144686895,363387
4,197235762474,0,65173.30918413742,1300087.5643623304,2818969,63528.23566492782,1136837.6795840056,635.3006293345836,31327,51777.77521079651,533988.8455537533,313541
5,200546637340,0,57333.95307019362,1141819.2212173422,2558069,56679.085477404995,1001198.1850818568,566.79085477405,28417,51385.601358125336,474335.677669883,283631
6,204461383922,0,55042.87257108846,1191697.0783020891,2280314,49572.196986921655,1054369.1502496917,495.72196986921654,25339,26176.931223081865,517800.77667186357,253586
7,200676893042,0,57436.522014517854,1226889.4999713136,2664300,59012.27500827155,1072235.828121712,590.1227500827155,29606,78337.30088298129,502580.6662758284,296300
