SLAVE_INDEX,DURATION,FAILURES,READS_PER_SEC,READS_PER_SEC_NET,READ_COUNT,REQ_PER_SEC,REQ_PER_SEC_NET,TRANSACTIONS_PER_SEC,TRANSACTION_COUNT,WRITES_PER_SEC,WRITES_PER_SEC_NET,WRITE_COUNT
0,176266403987,0,112875.66172462497,840659.6875451879,4423501,111533.44911631563,784956.8497936982,1115.3344911631564,49149,100749.09769333767,491682.65627246816,491399
1,174774244233,0,117474.51790912489,916141.052612731,4539121,115430.21163407098,858557.3876698205,1154.3126713410122,50438,99802.06416254892,548391.8068982748,504436
2,171529600474,0,114394.04019422425,902961.832635337,4369074,113202.61894356401,831799.8985015553,1132.0261894356402,48544,103498.5872250967,486583.4288969555,485326
3,172794740643,0,114939.87115270615,862819.9211572694,4408036,113391.73823861254,800172.1436471626,1133.9108043334143,48984,101144.72072055869,484151.097277906,490338
