SLAVE_INDEX,DURATION,FAILURES,READS_PER_SEC,READS_PER_SEC_NET,READ_COUNT,REQ_PER_SEC,REQ_PER_SEC_NET,TRANSACTIONS_PER_SEC,TRANSACTION_COUNT,WRITES_PER_SEC,WRITES_PER_SEC_NET,WRITE_COUNT
0,97360656903,0,284530.6197660024,1394932.372409011,6095315,278246.8490017476,1258949.5465312747,2782.402676838976,67727,232111.8951580134,670599.7081761142,677259
1,96167481380,0,286299.08519130794,1569246.8922444992,6032321,278777.60356501915,1381090.3639996045,2787.7416277960915,67024,225451.76986843138,664140.691881601,670014
