SLAVE_INDEX,DURATION,FAILURES,READS_PER_SEC,READS_PER_SEC_NET,READ_COUNT,REQ_PER_SEC,REQ_PER_SEC_NET,TRANSACTIONS_PER_SEC,TRANSACTION_COUNT,WRITES_PER_SEC,WRITES_PER_SEC_NET,WRITE_COUNT
0,233014647252,0,192231.2161154589,4591629.82581956,9880326,173135.96581063737,4596221.964303937,17.26899669458662,1009,29972.60546920263,4828420.309690087,205478
1,228216183018,0,291151.5319930795,4093616.1786486288,15304807,273950.77410031384,4103651.4233654374,27.395077410031384,1563,72465.11283780453,4638854.034028488,325193
2,232766122213,0,231259.0420865774,4457285.80833103,12188066,213433.121313671,4464217.48849811,21.3433121313671,1242,42258.630286872016,4861509.219688091,231934
3,232737811125,0,176675.22905872794,4191157.410100273,9449883,166089.59160159327,4195882.612344812,16.619559059087198,967,45548.767719342104,4415774.649015223,213949
4,234146790310,0,192247.98708111473,4214382.331388032,10140660,176812.16106011203,4220409.023434013,17.681216106011203,1035,36162.3786305884,4534525.656103125,209340
5,226122650005,0,325823.98012648604,4034190.2906417195,16506122,297789.62876346556,4046059.5587063525,29.789132838983154,1684,55888.457811709326,4748923.2072112225,328123
6,228095480567,0,292143.78364650835,4088629.0087839644,14972704,267957.9614995783,4100737.043094142,26.79579614995783,1528,53232.41602063981,4792209.8332490055,307296
7,230808253154,0,247462.391432022,4361391.533067135,13028928,229974.44534439562,4366636.220163997,22.997444534439563,1327,47718.79671218102,4670156.604848144,241072
