SLAVE_INDEX,DURATION,FAILURES,READS_PER_SEC,READS_PER_SEC_NET,READ_COUNT,REQ_PER_SEC,REQ_PER_SEC_NET,TRANSACTIONS_PER_SEC,TRANSACTION_COUNT,WRITES_PER_SEC,WRITES_PER_SEC_NET,WRITE_COUNT
0,261619495914,0,15781.929976331236,5365599.667237331,987265,15442.27423069432,5305317.398420319,1.544227423069432,101,7982.225819947918,3565696.866911482,22735
1,260929906534,0,20290.781912553397,4729810.017157069,1157093,18089.149161539168,4711352.425695095,1.8089149161539169,118,2791.1788700218835,3935571.3620393635,22907
2,261703938702,0,14154.019697708298,4721708.230099434,925956,14520.224719762537,4702220.735110542,1.4520224719762536,95,4019083.2907957784,4057336.79730178,24044
3,266471425540,0,19464.00739342929,4875185.360732496,1125763,17262.638914015544,4805427.699664889,1.7262638914015547,115,2760.5839362091615,2886813.609056569,24237
4,251425867068,0,21468.450238325666,5270526.681876763,1295097,21000.225877999994,5274334.05191906,2.1000225877999994,132,9839.686300488094,5480216.545905533,24903
5,256897039312,0,16762.98975490489,5213378.014823901,978107,15570.440246070812,5213872.6113379095,1.5570440246070811,100,3726.42855515227,5236065.713545495,21893
6,263038775868,0,27208.964030756746,5780614.86135536,1646043,25395.495314166932,5697553.913871544,2.5395495314166934,167,4551.668727390177,2867039.845385449,23957
7,260305012561,0,28205.448808493224,5310440.505122083,1565742,24432.875638572634,5312979.169791018,2.4432875638572633,159,2536.3299020752447,5482136.107622346,24258
