SLAVE_INDEX,DURATION,FAILURES,READS_PER_SEC,READS_PER_SEC_NET,READ_COUNT,REQ_PER_SEC,REQ_PER_SEC_NET,TRANSACTIONS_PER_SEC,TRANSACTION_COUNT,WRITES_PER_SEC,WRITES_PER_SEC_NET,WRITE_COUNT
0,253124601449,0,14406.67071005739,3347947.280627751,880829,14222.24461546593,3317818.709232049,1.422224461546593,90,8955.094082812373,2347281.8926259647,19171
1,243495727024,0,105512.27511769127,3366182.871581868,5627938,94293.23578124623,3367589.5064086965,9.429323578124622,574,14872.68201324387,3439777.4958584355,112062
2,255701252012,0,17013.69108949769,3221137.336334973,991789,15799.687988271578,3197519.9275635104,1.5799687988271578,101,3233.641775029117,2285071.553883163,18211
3,240551024673,0,117609.45140558155,3592110.601231204,6541550,111078.304639619,3593357.320732749,11.1078304639619,668,30652.223497768977,3653265.762649408,138450
4,248349179929,0,15999.986051770355,3504242.4808714264,878856,14495.719297439178,3471186.581251217,1.4495719297439178,90,2953.589463634492,2493507.890285535,21144
5,257132177721,0,34462.114044545706,3375587.184321342,1861846,29401.221064611138,3369203.4734375374,2.940122106461114,189,2744.8128741106116,2994680.8356461474,28154
6,253602371872,0,25759.34175194898,3442101.8747349367,1467020,23659.08471482421,3430284.040021899,2.365908471482421,150,5113.492610459947,2975813.9100306695,32980
7,254240814006,0,24486.406232830126,3240670.7522523906,1505895,24071.66616393688,3241799.826287203,2.4071666163936882,153,11695.899276664113,3313930.240840447,24105
