SLAVE_INDEX,DURATION,FAILURES,READS_PER_SEC,READS_PER_SEC_NET,READ_COUNT,REQ_PER_SEC,REQ_PER_SEC_NET,TRANSACTIONS_PER_SEC,TRANSACTION_COUNT,WRITES_PER_SEC,WRITES_PER_SEC_NET,WRITE_COUNT
0,226123691813,0,325014.3059029095,4027293.369734217,17176031,309741.9798802938,4040027.2536593047,30.974197988029378,1751,90655.80293877733,4824583.546431362,333969
1,232917182347,0,208120.01023823928,4380607.234210409,11341861,198697.23450051039,4389747.856073018,19.86972345005104,1157,61121.308320140124,4897824.763954093,228139
2,230420234862,0,246756.49136686922,4689095.498115266,12586634,223420.98570827383,4649921.471090348,22.316637907773742,1288,42982.60085589228,3392001.975877488,283545
3,226800092583,0,301811.15217384696,4387754.573650579,15715751,283068.6675161091,4394937.08404097,28.306866751610915,1605,72214.60865730356,4761403.284261993,334249
4,231529243661,0,235117.7224214356,4436429.320253663,12384510,218546.9066451381,4414871.347868688,21.85469066451381,1265,50970.93160221521,3599053.3387594554,265490
5,224930998305,0,339211.4792516332,4064274.0250874893,17603943,319656.1102818958,4071392.2098596073,31.927348869882383,1798,85606.86817594233,4440192.4781973865,371199
