SLAVE_INDEX,DURATION,FAILURES,READS_PER_SEC,READS_PER_SEC_NET,READ_COUNT,REQ_PER_SEC,REQ_PER_SEC_NET,TRANSACTIONS_PER_SEC,TRANSACTION_COUNT,WRITES_PER_SEC,WRITES_PER_SEC_NET,WRITE_COUNT
0,249689869065,0,36207.88480611086,5802086.661104157,2012040,32680.54098693033,5789564.69957323,3.268054098693033,204,4079.7533805540547,5011283.453139929,27960
1,253196060777,0,30897.893772029696,5418998.258543061,1830965,29384.343410274098,5425887.167594089,2.93843434102741,186,7186.089251289509,5898767.120087196,29035
2,262160768367,0,20459.41093357872,5360665.18230929,1121221,17546.48503913614,5355894.297551164,1.7546485039136137,115,2680.1132968785523,5176410.808696151,28779
3,254630332085,0,32093.746005943318,5957896.120217447,1729105,27647.923726737812,5952210.129304976,2.764792372673781,176,3158.7114974234423,5650405.420475344,30895
