SLAVE_INDEX,DURATION,FAILURES,READS_PER_SEC,READS_PER_SEC_NET,READ_COUNT,REQ_PER_SEC,REQ_PER_SEC_NET,TRANSACTIONS_PER_SEC,TRANSACTION_COUNT,WRITES_PER_SEC,WRITES_PER_SEC_NET,WRITE_COUNT
0,237148362805,0,156313.9750801814,3567098.5332590826,8209712,141211.1793811378,3534692.9499788936,14.134608625686608,838,23984.258834227414,2421745.3355739294,162288
1,247187595751,0,16117.560579127996,2745019.658895614,995886,16505.68260759296,2750753.0356671694,1.650568260759296,102,3006747.226062466,3010430.3283689865,24114
2,245826362491,0,13847.177517931419,3475820.519664801,818883,13668.184184773972,3472274.158498853,1.3668184184773973,84,9104.459763318484,3340121.026992708,21117
3,247140590659,0,36210.463886669975,3296852.780813926,1914896,31560.98307931252,3306533.0759025505,3.1560983079312517,195,3943.0494589086143,3937139.5695172376,35104
4,235536422072,0,133980.60226879414,3577117.357319892,7192958,124821.45963401301,3583787.7449623663,12.482145963401301,735,30214.661914716104,3918464.4650557246,157042
5,245725550896,0,31357.356912147152,3483170.829991946,1560301,26045.31753683488,3477984.4340698123,2.6045317536834878,160,3401.0132655082093,3285698.5396212568,39699
