SLAVE_INDEX,DURATION,FAILURES,READS_PER_SEC,READS_PER_SEC_NET,READ_COUNT,REQ_PER_SEC,REQ_PER_SEC_NET,TRANSACTIONS_PER_SEC,TRANSACTION_COUNT,WRITES_PER_SEC,WRITES_PER_SEC_NET,WRITE_COUNT
0,267363455088,0,2638.6075224132637,3298908.2642025943,86019,1346.4817017774908,3277394.4910439868,0.13464817017774908,9,116.26509837045988,2872608.8877335596,3981
1,249202717736,0,28037.870879186754,4156977.409866313,1746430,28571.116979321127,4142771.067146139,2.8571116979321127,178,2701538.591412387,3517414.133760019,33570
2,254660116637,0,90484.36107348099,3899505.1156168114,5396718,86232.58439523308,3890611.7327299686,8.623258439523307,549,23190.174202369453,3437106.44584026,93282
3,253433699228,0,43584.77022832133,4070263.898203905,1991994,32197.770165754115,4051347.489047959,3.2197770165754114,204,2719.1896564870744,3396373.4660922983,48006
4,277762237268,0,17712.761598714173,4541712.024579659,1194866,17568.982911422594,4525273.091978041,1.7568982911422595,122,12677.021225643059,3860915.4889010587,25134
5,283085670383,0,1653.8211798548311,3768267.926454238,117041,1695.5997785072811,3751925.5585452495,0.16955997785072813,12,2156415.1620253758,3202557.7169302637,2959
