SLAVE_INDEX,DURATION,FAILURES,READS_PER_SEC,READS_PER_SEC_NET,READ_COUNT,REQ_PER_SEC,REQ_PER_SEC_NET,TRANSACTIONS_PER_SEC,TRANSACTION_COUNT,WRITES_PER_SEC,WRITES_PER_SEC_NET,WRITE_COUNT
0,238786208756,0,104818.99960031892,4063546.6156275645,5489180,93975.27653253193,4058406.8765294533,9.397527653253194,561,16486.602941675,3837863.5126514337,120820
1,243488083544,0,130655.1503456518,3308056.6410951884,7171983,120416.57059041114,3316057.097712809,12.041657059041114,733,26426.20102976876,3724937.4700670564,158017
2,245051661612,0,129117.54229851175,3338793.798230085,7145243,118995.31636790198,3284058.7582455077,11.899531636790197,729,24436.26837693043,1815204.2690561784,144757
3,235201073101,0,152586.2451601654,3751652.0206293785,8360911,145046.24298780443,3749799.1872578883,14.502978883989593,853,41902.970027390365,3659765.0843438026,167847
