SLAVE_INDEX,DURATION,FAILURES,READS_PER_SEC,READS_PER_SEC_NET,READ_COUNT,REQ_PER_SEC,REQ_PER_SEC_NET,TRANSACTIONS_PER_SEC,TRANSACTION_COUNT,WRITES_PER_SEC,WRITES_PER_SEC_NET,WRITE_COUNT
0,237996553881,0,116693.38858948596,4778313.107943195,6199771,106556.16472783124,4767218.209545062,10.655616472783125,634,22012.544361220283,4323393.662853374,140229
1,236797752717,0,145969.49315192542,4800852.023737325,7640413,131420.1661245996,4793400.025174007,13.142016612459962,778,20357.142856127197,4418033.684456503,139587
2,237865455113,0,124153.08041905053,4791827.889715069,6759822,116031.98113357143,4781969.554686414,11.603198113357143,690,27930.098507737734,4350367.314204246,140178
3,236414540363,0,109475.9218378794,4328583.043049378,6010761,104054.51357699155,4330979.961158007,10.405451357699155,615,33161.87480147969,4437044.395753838,139239
