SLAVE_INDEX,DURATION,FAILURES,READS_PER_SEC,READS_PER_SEC_NET,READ_COUNT,REQ_PER_SEC,REQ_PER_SEC_NET,TRANSACTIONS_PER_SEC,TRANSACTION_COUNT,WRITES_PER_SEC,WRITES_PER_SEC_NET,WRITE_COUNT
0,248066053634,0,39119.43125552243,3653802.173281087,2348118,38538.12264899797,3642970.953336221,3.853812264899797,239,21023.258866502016,3123802.3735177307,41882
1,247503007213,0,33220.12669962711,3531348.661120079,2028132,33454.13897486211,3519800.8689152165,3.3454138974862104,207,50782.98128559384,3038485.689215377,41868
2,244482818127,0,29415.08341357739,3603114.338630365,1581217,26504.9300791104,3566408.0893849474,2.6504930079110403,162,5265.571694492672,2519810.174473448,38783
3,248304142019,0,41147.95724210215,3077898.369538679,2163838,35601.50035404392,3070862.2924867626,3.560150035404392,221,4864.652659582579,2773649.1791636953,46162
4,249676461300,0,53423.247748223905,3512095.0421872856,2966680,48382.61459291197,3501784.8986071227,4.838261459291196,302,7741.576717815035,3010126.2068237844,53320
5,244244287962,0,29347.084783964518,3732420.336838328,1567114,26203.273998349243,3698806.460404485,2.6203273998349244,160,4292.222681458971,2588101.1722006486,32886
6,249684081691,0,35799.782439039955,2585256.9037978165,2001278,32681.298482209695,2595371.514312289,3.2681298482209695,204,5939.812872928003,3253187.0628558765,38722
7,248843126280,0,34116.039875635346,3769191.8974663024,1607965,26522.733814932202,3733712.798032423,2.6522733814932202,165,2787.7343981588197,2745230.8389899908,42035
