SLAVE_INDEX,DURATION,FAILURES,READS_PER_SEC,READS_PER_SEC_NET,READ_COUNT,REQ_PER_SEC,REQ_PER_SEC_NET,TRANSACTIONS_PER_SEC,TRANSACTION_COUNT,WRITES_PER_SEC,WRITES_PER_SEC_NET,WRITE_COUNT
0,241488833906,0,59709.18746726686,3433768.7863162453,3424222,57808.05585998215,3424577.1142490627,5.780805585998215,349,21752.83577676069,3005730.7108746422,65778
1,238938335711,0,95279.59179230369,3287786.656039698,4855366,83321.99996605006,3289887.298189827,8.33687754794751,498,13884.08297692061,3375841.303013399,121839
2,240359089655,0,83236.34553827102,3208949.4117864496,4396099,74721.53445820972,3213516.096223538,7.472153445820971,449,12907.148344565263,3442898.2162530636,93901
3,244067228037,0,90447.54816851144,3452261.003696332,4971469,83091.86023502344,3453140.470477431,8.309186023502345,507,16281.833311869908,3498103.998414242,98531
4,236931186591,0,92366.87505094665,3025971.130582431,5157676,88782.23378972872,3031265.8045903067,8.880215170647714,526,29802.80684777567,3328228.211735782,101144
5,237558404557,0,98223.71386718791,3385256.07904329,5219303,89577.97152949836,3382793.3149466785,8.957797152949837,532,16104.54255169169,3259871.8322326094,100697
