SLAVE_INDEX,DURATION,FAILURES,READS_PER_SEC,READS_PER_SEC_NET,READ_COUNT,REQ_PER_SEC,REQ_PER_SEC_NET,TRANSACTIONS_PER_SEC,TRANSACTION_COUNT,WRITES_PER_SEC,WRITES_PER_SEC_NET,WRITE_COUNT
0,536696837262,0,229310.56472345695,3700526.2692486313,30046469,228588.32674676235,3695715.7052342873,22.822902311141334,3068,198494.22025469225,3478070.917602949,624189
1,933768378000,0,1053.9497357276953,3942707.390509134,246035,1070.929390585981,3932474.6287354636,0.10709293905859811,25,3387007.941529907,,3965
2,944649998282,0,1156.420139123866,3434346.609342127,273098,1185.6243074545096,3423998.9609630583,0.11856243074545096,28,1574093.2799649877,3059278.507593345,6902
3,1018873554432,0,926.6152187612745,3378923.136606544,236024,942.217015864328,3369357.568523327,0.0942217015864328,24,1903614.4376419648,2884596.898260282,3976
4,882727278651,0,4415.374473072148,4096910.8917491254,972946,4486.096777310139,4080080.78411586,0.4486096777310139,99,52043.12011752389,3305408.5362553396,17054
5,921593555784,0,1351.9835124204824,877619.190517265,235913,1041.6739504903846,888904.3500631629,0.10416739504903846,24,73.10695065917034,3448675.9472361864,4087
6,904873346009,0,640.621106633167,2932866.922243605,144919,663.0762223755813,2923279.964358981,0.06630762223755812,15,2622731.822186938,2673979.7196452515,5081
7,864939548906,0,397.6583065887245,3218305.856355138,85987,416.21405849153064,3188706.1696282737,0.04162140584915306,9,2663756.2049074383,,4013
