SLAVE_INDEX,DURATION,FAILURES,READS_PER_SEC,READS_PER_SEC_NET,READ_COUNT,REQ_PER_SEC,REQ_PER_SEC_NET,TRANSACTIONS_PER_SEC,TRANSACTION_COUNT,WRITES_PER_SEC,WRITES_PER_SEC_NET,WRITE_COUNT
0,238012942981,0,16261.92858043762,16273.740189867118,869783,14834.33613222392,14844.095480753287,1.512496560037641,90,2145.1159935803994,2145.223067743575,12908
1,237891363151,0,17665.205560480717,17673.48549989423,927917,15853.454913393087,15860.154189000392,1.6141626883936824,96,2150.2131950943995,2150.3717419436557,14933
2,237837757799,0,17644.146445007067,17657.095496816226,898515,15427.306555340505,15437.030056829031,1.5640696694172378,93,2200.7724040619705,2200.799857187515,18784
3,237800994107,0,18240.711136573766,18249.422835134963,968240,16523.059606016755,16530.1697314271,1.6820456614304928,100,2207.5732058840294,2207.6536326597698,14060
4,237847973685,0,17390.11069885823,17398.003425305353,882340,15163.568325272025,15169.575414149753,1.5471859170513023,92,2214.13185398079,2214.266131331246,19316
5,237769774413,0,18479.943392176814,18488.923531580695,911385,15704.199615861036,15710.816156210514,1.598162398824561,95,2183.8192054408996,2184.052219389849,22111
6,237807645231,0,17832.59637743746,17840.782828048556,914344,15689.25169069221,15695.463027650352,1.597909997202736,95,2251.3604382548997,,18412
7,237714277301,0,17633.381129620575,17649.11035038043,894181,15363.553428368841,15375.489340250759,1.564882284664038,93,2162.286963287259,2162.520296165022,18853
