SLAVE_INDEX,DURATION,FAILURES,READS_PER_SEC,READS_PER_SEC_NET,READ_COUNT,REQ_PER_SEC,REQ_PER_SEC_NET,TRANSACTIONS_PER_SEC,TRANSACTION_COUNT,WRITES_PER_SEC,WRITES_PER_SEC_NET,WRITE_COUNT
0,219105848191,0,1017786.3099285668,1046109.4336068236,10638032,198098.3545549328,199146.6149347965,19.84400399414393,1087,4807.62995893245,4808.209426397575,213095
1,216301294048,0,988179.6102198558,1023150.9108916455,10012642,189089.22473170093,190325.72214387034,18.93626519326823,1024,4833.976359077773,4834.525094749256,212419
