SLAVE_INDEX,DURATION,FAILURES,READS_PER_SEC,READS_PER_SEC_NET,READ_COUNT,REQ_PER_SEC,REQ_PER_SEC_NET,TRANSACTIONS_PER_SEC,TRANSACTION_COUNT,WRITES_PER_SEC,WRITES_PER_SEC_NET,WRITE_COUNT
0,203224990556,0,744160.6808940147,1955584.0928147582,35467131,713314.1824900437,1923381.5278604853,71.34946862548145,3625,245953.01543320043,1096021.6865378756,773686
1,230444268333,0,347587.21175386617,1809880.803931898,18003774,319029.43185275147,1766214.184721714,31.903535779212884,1838,64638.85806945952,819321.6292362711,375852
