SLAVE_INDEX,DURATION,FAILURES,READS_PER_SEC,READS_PER_SEC_NET,READ_COUNT,REQ_PER_SEC,REQ_PER_SEC_NET,TRANSACTIONS_PER_SEC,TRANSACTION_COUNT,WRITES_PER_SEC,WRITES_PER_SEC_NET,WRITE_COUNT
0,224308385687,0,305256.4136593018,1188555.2776745495,15932075,290354.97625523957,1184576.8141129944,29.04918896236221,1629,90146.55486851421,1028021.4293923167,350189
1,220456513449,0,399040.5638480728,1252206.1437540597,19952135,369415.2589364985,1245605.9628796307,36.94152589364985,2036,79756.76770004784,990272.5344297978,407865
2,219893961020,0,400377.1946306661,1247303.8290023939,20527419,381026.78041430825,1244491.9015305943,37.97652134427727,2096,113129.95071617288,1120700.5032317166,418953
3,218512898166,0,407109.084371062,1262267.8728697237,20942799,391738.88918434165,1256837.0922695932,39.173888918434166,2140,143525.49874103713,1049920.746629068,457201
