SLAVE_INDEX,DURATION,FAILURES,READS_PER_SEC,READS_PER_SEC_NET,READ_COUNT,REQ_PER_SEC,REQ_PER_SEC_NET,TRANSACTIONS_PER_SEC,TRANSACTION_COUNT,WRITES_PER_SEC,WRITES_PER_SEC_NET,WRITE_COUNT
0,192319344573,0,914764.6994314466,1271885.38404098,42005198,891903.9339534095,1269452.7652626443,89.18585273624036,4290,406069.32649940235,1162965.0222675707,877397
1,193621983521,0,945479.6766105656,1250691.6385288425,43825398,922757.5337829451,1248688.9404038775,92.30268203566766,4468,409723.29002518253,1152532.7732144652,841138
