SLAVE_INDEX,DURATION,FAILURES,READS_PER_SEC,READS_PER_SEC_NET,READ_COUNT,REQ_PER_SEC,REQ_PER_SEC_NET,TRANSACTIONS_PER_SEC,TRANSACTION_COUNT,WRITES_PER_SEC,WRITES_PER_SEC_NET,WRITE_COUNT
0,235082926726,0,239281.85349732504,2098430.4721420333,13137237,228174.8008970464,2084499.8070287127,22.81748008970464,1341,70518.57020621239,1579478.6221344296,272763
1,236059024593,0,206266.28862839603,2052858.5890391227,11043685,190969.1869553577,2034820.7606719497,19.09691869553577,1127,41344.79392807132,1424175.099677626,226315
2,233781661857,0,243063.08440497925,1850046.5260809523,13271828,231498.05493770604,1832081.4395029717,23.149805493770604,1353,67179.55437813714,1222045.290050128,258172
3,222624415467,0,328874.83941552136,1977291.2415472395,16099664,295565.06577219354,1954553.8134386844,29.556506577219356,1645,52270.76516338788,1278782.831887132,350336
