SLAVE_INDEX,DURATION,FAILURES,READS_PER_SEC,READS_PER_SEC_NET,READ_COUNT,REQ_PER_SEC,REQ_PER_SEC_NET,TRANSACTIONS_PER_SEC,TRANSACTION_COUNT,WRITES_PER_SEC,WRITES_PER_SEC_NET,WRITE_COUNT
0,236911183281,0,125279.77322176394,1161105.8756442466,6764063,116668.19445672279,1151839.036978886,11.666819445672278,691,27871.129141647198,840810.5533688124,145937
1,231725519486,0,152115.44863762925,1143667.8093874746,8582929,151731.23822524966,1141238.053573855,15.173123822524968,879,137351.66564353977,1048874.1353950067,207071
2,231999420113,0,223923.01176237047,1189409.1721573868,11507654,202241.88481655112,1184871.9422909203,20.224188481655112,1173,33644.251694398095,989511.0531101776,222346
3,233028555498,0,174271.86040819643,1194199.2159465211,9091641,158950.47678102224,1189766.1125346501,15.895047678102223,926,27654.970618760948,991088.2995927259,168359
4,235313060442,0,157325.5533920115,1142082.6050369625,8596386,149247.98451064463,1141246.891994603,14.924798451064463,878,43847.9457703554,1103444.4164634708,183614
5,232200842033,0,155664.70110262954,1167332.2864842596,7780401,136875.59322236697,1163196.049605093,13.678196963218786,795,20481.837635430253,996891.6929561038,165256
6,230133644013,0,179658.54658273043,1114394.9559449041,9267033,164442.4662995483,1102778.102084319,16.459862471044456,947,32577.535154778285,736067.6432585644,193903
7,232370083981,0,164730.15539209326,1172176.5085326785,8672399,152268.9297770926,1168420.3330654697,15.234278785100285,885,31816.63001309013,1006936.7691392438,173287
