SLAVE_INDEX,DURATION,FAILURES,READS_PER_SEC,READS_PER_SEC_NET,READ_COUNT,REQ_PER_SEC,REQ_PER_SEC_NET,TRANSACTIONS_PER_SEC,TRANSACTION_COUNT,WRITES_PER_SEC,WRITES_PER_SEC_NET,WRITE_COUNT
0,156690254728,0,2165428.9916853127,2290315.7320542675,82706002,2156671.3551306343,2280953.7239764077,215.7321859413375,8451,1814919.8899511662,1916253.1186727728,1776344
1,156441630677,0,2118378.3450028603,2239318.36895006,80900049,2110291.2733096224,2230489.324971291,211.08926793661692,8256,1774883.0451025297,1866252.0823576788,1634303
2,164910257353,0,2108807.45631554,2227515.871224693,84895712,2100950.74473363,2218873.9657459348,210.14551583455497,8664,1774833.969251623,1862506.5148762828,1721370
3,152271630676,0,2116313.0181145156,2237322.2920721406,78594604,2107453.8085351894,2227445.7451499607,210.8019120487135,8025,1753830.4201284638,1836878.8676659472,1631753
4,157792207429,0,2088005.3873464304,2204956.313573572,80523077,2081148.0196052236,2197423.8151401565,208.1671952179317,8212,1781811.5476596798,1870549.8132811105,1574158
5,150848764367,0,2119720.00876174,2240576.5950568123,78008226,2111720.923513821,2231715.745214878,211.25230563495356,7967,1788585.2158417657,1876441.2419847145,1629397
