SLAVE_INDEX,DURATION,FAILURES,READS_PER_SEC,READS_PER_SEC_NET,READ_COUNT,REQ_PER_SEC,REQ_PER_SEC_NET,TRANSACTIONS_PER_SEC,TRANSACTION_COUNT,WRITES_PER_SEC,WRITES_PER_SEC_NET,WRITE_COUNT
0,73780361946,0,1105313.62684935,1107648.1801220474,10184339,1104342.6441799582,1106783.3786129504,1104.6840043169043,10188,59668.21727159603,66832.293481919,511
