SLAVE_INDEX,DURATION,FAILURES,READS_PER_SEC,READS_PER_SEC_NET,READ_COUNT,REQ_PER_SEC,REQ_PER_SEC_NET,TRANSACTIONS_PER_SEC,TRANSACTION_COUNT,WRITES_PER_SEC,WRITES_PER_SEC_NET,WRITE_COUNT
0,173871426634,0,2644646.726090898,3329907.111014072,114923363,2643896.521121128,3329543.9526496558,264.42520275932407,11494,90239.05241475043,280270.02995568415,1152
1,175250384739,0,2498070.334354931,3020488.966441557,109370911,2496360.054510294,3020353.3993567023,249.65419646151437,10938,36270.67305161928,554558.3161519881,1104
2,177620143675,0,2436821.1059347466,3670422.7146543544,108182430,2436288.469576929,3670156.8004230354,243.66601807717663,10820,103298.87472303174,432508.03955816844,1047
3,176994169710,0,2425954.624732426,3589694.9093602826,107324674,2425519.1948039904,3589359.7854967667,242.58422161842094,10734,121404.54533235257,330163.573280659,1015
