SLAVE_INDEX,DURATION,FAILURES,READS_PER_SEC,READS_PER_SEC_NET,READ_COUNT,REQ_PER_SEC,REQ_PER_SEC_NET,TRANSACTIONS_PER_SEC,TRANSACTION_COUNT,WRITES_PER_SEC,WRITES_PER_SEC_NET,WRITE_COUNT
0,138402799662,0,5410982.960946024,5537735.320525253,187181496,5409816.404209438,5536812.199534991,541.058329210766,18721,247897.60319601154,323783.38039789855,1938
