SLAVE_INDEX,DURATION,FAILURES,READS_PER_SEC,READS_PER_SEC_NET,READ_COUNT,REQ_PER_SEC,REQ_PER_SEC_NET,TRANSACTIONS_PER_SEC,TRANSACTION_COUNT,WRITES_PER_SEC,WRITES_PER_SEC_NET,WRITE_COUNT
0,144659631402,0,4740947.707028758,5038949.681020317,171416483,4739905.095531166,5038701.673021608,474.0506060087888,17144,210046.82313793132,864783.0343223135,1748
1,144669720476,0,4782695.223429271,5081702.723462367,172903690,4780694.57606187,5081154.645565527,478.15506554409376,17294,112749.9855391851,435238.2001119113,1747
