SLAVE_INDEX,DURATION,FAILURES,READS_PER_SEC,READS_PER_SEC_NET,READ_COUNT,REQ_PER_SEC,REQ_PER_SEC_NET,TRANSACTIONS_PER_SEC,TRANSACTION_COUNT,WRITES_PER_SEC,WRITES_PER_SEC_NET,WRITE_COUNT
0,165606945043,0,3100791.336313982,3415053.4430322144,128353525,3100227.009602105,3414800.266242738,310.05943273594494,12837,158187.53856883917,398177.29271935514,1256
1,163827158279,0,3236793.5586099913,3718399.2415995505,132548546,3236334.44887729,3718262.2204156504,323.67405871195865,13257,212766.43648865583,792489.8557704403,1323
2,163702272510,0,3110922.8367014523,3398688.086811099,127294434,3110421.0356572527,3398302.6773669543,311.10127559166745,12732,187078.27969562478,283531.3440502355,1314
3,158988971154,0,3478253.478011597,4009138.525478789,138215403,3477393.4316769773,4008984.9616226223,347.79763960318456,13824,136657.13194803277,837485.6918295274,1398
