SLAVE_INDEX,DURATION,FAILURES,READS_PER_SEC,READS_PER_SEC_NET,READ_COUNT,REQ_PER_SEC,REQ_PER_SEC_NET,TRANSACTIONS_PER_SEC,TRANSACTION_COUNT,WRITES_PER_SEC,WRITES_PER_SEC_NET,WRITE_COUNT
0,146867920662,0,4629168.630739621,4800555.730714424,169936006,4628314.263156011,4800330.918593095,462.8764618795321,16996,240225.19888184054,851888.0707389596,1717
1,145826546108,0,4635164.0688600745,4857182.375984922,168937328,4633970.138053817,4856612.959327985,463.42718085345905,16895,168005.7953275813,370783.2325797283,1637
