SLAVE_INDEX,DURATION,FAILURES,READS_PER_SEC,READS_PER_SEC_NET,READ_COUNT,REQ_PER_SEC,REQ_PER_SEC_NET,TRANSACTIONS_PER_SEC,TRANSACTION_COUNT,WRITES_PER_SEC,WRITES_PER_SEC_NET,WRITE_COUNT
0,174862634642,0,2482645.812616422,2904947.693698344,108503185,2482044.1307462384,2904792.261196012,248.23586817510815,10852,91717.81745409155,430097.3974525148,1009
1,176451030515,0,2389110.8253487945,2904911.8381677046,105368873,2388648.877650903,2904821.193713981,238.910396649242,10539,113459.88521623,685724.0817725968,1016
2,175166516380,0,2535290.073235842,3197932.3045706484,110996164,2534668.823560011,3197678.6960047157,253.49586730711889,11101,99644.20171128845,358937.1397224897,1113
3,177298079687,0,2224853.7514105723,2530477.6565019647,98586079,2224209.9671704154,2530326.8404355734,222.47273342368334,9861,72413.24473698557,355356.22703487246,960
4,175654093165,0,2508291.2832151745,3161065.0683288174,110125361,2507802.4887596136,3160730.5748674707,250.85654680409536,11016,120371.17486382872,268542.0598416942,1082
5,169908793503,0,2721218.5497493073,3465740.512306268,115558307,2720505.2456089538,3465300.9675925313,272.075224956794,11557,98172.17520928355,248873.48536123525,1134
