SLAVE_INDEX,DURATION,FAILURES,READS_PER_SEC,READS_PER_SEC_NET,READ_COUNT,REQ_PER_SEC,REQ_PER_SEC_NET,TRANSACTIONS_PER_SEC,TRANSACTION_COUNT,WRITES_PER_SEC,WRITES_PER_SEC_NET,WRITE_COUNT
0,169953880520,0,2784532.655617094,3678393.6415039264,118275426,2783734.4257892678,3678232.9456017693,278.3960369098017,11829,94466.04840845628,689014.414343533,1191
1,172630615458,0,2758074.0543836723,3668221.81684615,119001426,2757392.405380206,3668105.987181147,275.7795221312395,11902,104715.16561738418,865821.0431428334,1161
2,170626738368,0,2763530.9562852113,3586782.403001593,117851844,2762825.501494849,3586675.3994786907,276.29894385278686,11786,100188.33991815001,873548.6273151787,1132
3,168573537995,0,2908116.6141362838,3822197.3096257974,122520475,2907259.1216216646,3822023.075861999,290.7364293697377,12253,98280.70961160459,705357.6348755824,1264
4,169706433779,0,2812540.864818412,3693780.2447360186,119294387,2811810.143989061,3693649.163860019,281.26210051548014,11933,103210.08263754284,805667.7807417089,1181
5,170111671907,0,2743927.354404247,3644055.7977141296,116661134,2743194.389713112,3643901.566043219,274.36088161970014,11668,102695.62674867743,718163.492407732,1212
