SLAVE_INDEX,DURATION,FAILURES,READS_PER_SEC,READS_PER_SEC_NET,READ_COUNT,REQ_PER_SEC,REQ_PER_SEC_NET,TRANSACTIONS_PER_SEC,TRANSACTION_COUNT,WRITES_PER_SEC,WRITES_PER_SEC_NET,WRITE_COUNT
0,183579364592,0,2116427.982258575,3448045.3147373274,97107942,2115900.3838110417,3447938.651399193,211.60653472733944,9712,81517.28543573731,841599.8466032444,970
1,191024299070,0,2060517.3418537804,3429269.919727264,98379054,2060052.0557638395,3429156.7146254373,206.00520557638396,9838,84141.82157393193,773549.3547588515,946
2,184179680714,0,2058321.2839904916,3504991.4139588564,94751585,2057827.9782585725,3504877.0437567234,205.79073841813565,9477,81796.04981640485,817148.291551556,940
3,177075154923,0,2374152.1843554764,3535943.336124181,105067281,2373417.1187525042,3535588.0262821666,237.3455425288927,10507,72157.38246689855,311486.6425289967,1020
4,179549905404,0,2295458.99671209,3448613.096483193,103008983,2294849.440732819,3448507.675102562,229.48494407328192,10301,82262.54349596599,841865.9872689499,1017
5,187208397819,0,1908334.8718000264,3461539.8137304643,89290704,1907854.5202086589,3461427.7219713666,190.8034040117005,8930,72906.19014375255,816785.1637789165,893
6,189015867704,0,2182141.5555754364,3407695.525539401,103083175,2181492.6598952096,3407603.1169416956,218.16154854703382,10309,69385.02782032998,902451.855044903,1007
7,189914170088,0,2107886.188783845,3301132.7107511833,100052324,2107338.6352084954,3301033.8992893836,210.78992375165078,10008,81306.27138930338,852681.3168980303,1043
