SLAVE_INDEX,DURATION,FAILURES,READS_PER_SEC,READS_PER_SEC_NET,READ_COUNT,REQ_PER_SEC,REQ_PER_SEC_NET,TRANSACTIONS_PER_SEC,TRANSACTION_COUNT,WRITES_PER_SEC,WRITES_PER_SEC_NET,WRITE_COUNT
0,161082374067,0,3394192.394585091,3692642.936632873,136642521,3393142.366852996,3692549.328515923,339.3790502740789,13667,103954.88622493685,1027786.5873465701,1336
1,162054464120,0,3167342.473251207,3431878.2253793813,128285769,3166516.484359345,3431810.9461397924,316.70443117044056,12831,115282.89306980399,1147890.320169677,1264
2,159700895286,0,3256771.687995831,3536413.2058682046,129989262,3255850.501456656,3536344.84615159,325.6336377476472,13001,111020.73213810705,1204541.716188906,1298
3,162644499858,0,3339141.2241939805,3659531.498564671,135735292,3338240.595126366,3659454.146717277,333.849201351297,13575,116682.4512827117,1156705.456862672,1326
4,160865074601,0,3291057.437167318,3617444.6737107737,132314374,3290104.4388457327,3617346.1323541617,329.0210240966399,13232,111980.1252696777,985688.1728006285,1350
5,159782672374,0,3502552.7442746595,3829358.6411984544,139863546,3501377.7131633195,3829293.9249790944,350.17560431680744,13988,96229.9521386617,1376168.5692335514,1326
