SLAVE_INDEX,DURATION,FAILURES,READS_PER_SEC,READS_PER_SEC_NET,READ_COUNT,REQ_PER_SEC,REQ_PER_SEC_NET,TRANSACTIONS_PER_SEC,TRANSACTION_COUNT,WRITES_PER_SEC,WRITES_PER_SEC_NET,WRITE_COUNT
0,176244034395,0,2401608.4164032987,3228256.72162564,105791896,2401055.544674965,3228142.165522767,240.14421890275696,10581,97698.30640033144,696599.3073793334,1033
1,170787220287,0,2670737.436868459,3606907.426831809,114002135,2670065.683097899,3606794.327757103,267.0456734129028,11402,102008.53369897587,871535.5457761802,1139
2,176601168374,0,2410344.375512524,3254993.2705163686,106390654,2409762.811414411,3254903.212625928,241.0176137689286,10641,97119.28698947508,872490.3509082539,1078
3,175770573305,0,2432320.522451805,3302712.2582630236,106856398,2431749.0007745298,3302589.272280019,243.19074846319026,10687,100374.92262089322,705538.5099366059,1081
4,181460855779,0,2429652.9179146946,3487893.6646045167,110182595,2428814.622900093,3487249.178751758,242.91734914990505,11020,68301.99229149925,178755.66878914647,1100
5,173364399016,0,2598804.0798896444,3558784.002126251,112607661,2598198.422263321,3558642.6498428993,259.8345757294924,11262,105981.12201767544,710621.4021209757,1116
