SLAVE_INDEX,DURATION,FAILURES,READS_PER_SEC,READS_PER_SEC_NET,READ_COUNT,REQ_PER_SEC,REQ_PER_SEC_NET,TRANSACTIONS_PER_SEC,TRANSACTION_COUNT,WRITES_PER_SEC,WRITES_PER_SEC_NET,WRITE_COUNT
0,165921691886,0,3078823.649230609,4100401.2181691662,127680786,3078127.532299433,4100124.4046672485,307.85604512187365,12770,127359.17279910624,517835.8823901617,1246
1,165628740883,0,2996352.546586225,3982780.2646263824,124042063,2995696.21404353,3982641.5887058075,299.6097353780074,12406,135279.62996968077,913220.9159570254,1285
2,166041128518,0,2984047.1115395995,3989670.4700339707,123840902,2983407.5955843595,3989459.300965474,298.3597348003475,12385,127923.90926644379,612552.7724645938,1189
3,166368387789,0,3023171.8808970167,3964462.5297938343,125708991,3022455.183239126,3964295.3214523764,302.2555177219649,12572,122417.84885322185,760225.8076115041,1258
