SLAVE_INDEX,DURATION,FAILURES,READS_PER_SEC,READS_PER_SEC_NET,READ_COUNT,REQ_PER_SEC,REQ_PER_SEC_NET,TRANSACTIONS_PER_SEC,TRANSACTION_COUNT,WRITES_PER_SEC,WRITES_PER_SEC_NET,WRITE_COUNT
0,131490831753,0,4946018.745937067,5987119.648867508,162552685,4944964.172265684,5986854.378220255,494.5743695886549,16258,228352.99821668965,1131273.7701063603,1678
1,134983176038,0,5018191.986355228,6095699.607604279,169307145,5017182.969597241,6095434.351968334,501.7513757043822,16932,235683.75678222848,1130751.3836205474,1678
