SLAVE_INDEX,DURATION,FAILURES,READS_PER_SEC,READS_PER_SEC_NET,READ_COUNT,REQ_PER_SEC,REQ_PER_SEC_NET,TRANSACTIONS_PER_SEC,TRANSACTION_COUNT,WRITES_PER_SEC,WRITES_PER_SEC_NET,WRITE_COUNT
0,164664713673,0,3097443.005599384,3379420.5905886097,127466589,3096422.424858614,3379349.389544741,309.68164345385924,12749,92202.81593766088,1095956.1005388806,1289
1,160344310885,0,3080858.069313251,3324015.6015771,123459606,3079892.821106623,3323942.2427253835,308.037063357361,12348,93946.45191192222,1026274.3521432332,1217
2,164133019677,0,3127228.6278078426,3379215.712863301,128276184,3126182.026077122,3379141.949339216,312.6732046690546,12830,87761.04465227101,1037139.6357967072,1240
3,164507218280,0,3186118.3823066005,3439006.8012702176,130990356,3185066.87717606,3438929.6290910407,318.55130250637995,13101,90690.32660614394,1035818.090885884,1267
4,167712747941,0,2970534.957028596,3250616.197946059,124502017,2969441.1552734026,3250541.2478677803,296.9691701061232,12452,79860.33454893432,995352.2079712629,1267
5,164983240376,0,3116113.633133467,3404959.3365534847,128477926,3114965.367565657,3404748.2571641617,311.52249078601335,12849,85987.97617461279,491587.9571191922,1344
6,160166531380,0,3325144.3828692352,3623878.9860502617,133099124,3324051.7067630086,3623774.3086512676,332.44047596414356,13312,98382.86666064619,933473.8908962155,1334
7,164008449893,0,3078714.462011864,3336033.341150588,126193059,3077752.0324673485,3335957.7081313273,307.8133768152319,12621,96432.66586272103,1028931.8542303534,1276
