SLAVE_INDEX,DURATION,FAILURES,READS_PER_SEC,READS_PER_SEC_NET,READ_COUNT,REQ_PER_SEC,REQ_PER_SEC_NET,TRANSACTIONS_PER_SEC,TRANSACTION_COUNT,WRITES_PER_SEC,WRITES_PER_SEC_NET,WRITE_COUNT
0,191919876802,0,1557952.0848450437,1603119.766237606,74731307,1557567.9444000397,1602881.998686148,155.79312531989467,7475,61307.77440639154,102221.05017777493,755
1,192678182189,0,1594748.6567937522,1642892.6168929797,76799278,1594369.1419024507,1642665.673471439,159.49836046712844,7683,63571.97616628821,109676.90614019439,759
