SLAVE_INDEX,DURATION,FAILURES,READS_PER_SEC,READS_PER_SEC_NET,READ_COUNT,REQ_PER_SEC,REQ_PER_SEC_NET,TRANSACTIONS_PER_SEC,TRANSACTION_COUNT,WRITES_PER_SEC,WRITES_PER_SEC_NET,WRITE_COUNT
0,208857705439,0,1163440.1792072942,1165814.4242347225,60736175,1163217.9884833423,1165599.3105188631,116.36614100814758,6076,55849.4306985895,57825.6831437244,585
1,208856603938,0,1151282.0412441122,1153635.79515783,60100785,1151055.4488924153,1153416.3112836701,115.14103497427546,6012,55390.500714379996,57323.72266294094,598
2,208053938239,0,1167259.4432424374,1169645.4150523902,60701394,1167042.8065681544,1169433.3881191057,116.73879441130536,6072,56109.574603386536,57498.45397116129,569
3,208615018625,0,1156726.8000931088,1159247.1533709585,60315290,1156500.8003267867,1159036.3865094357,115.67703209597443,6033,53268.98614561672,57172.41512358084,569
