SLAVE_INDEX,DURATION,FAILURES,READS_PER_SEC,READS_PER_SEC_NET,READ_COUNT,REQ_PER_SEC,REQ_PER_SEC_NET,TRANSACTIONS_PER_SEC,TRANSACTION_COUNT,WRITES_PER_SEC,WRITES_PER_SEC_NET,WRITE_COUNT
0,209988778841,0,1080170.7377660158,1082313.8749788725,56694711,1079967.9547244518,1082116.3984051594,108.04371106053613,5672,55536.3108816808,57170.482701433124,577
1,209675903306,0,1106060.944035964,1108318.1778636638,57966619,1105844.135373113,1108107.1257939776,110.60863724390921,5798,55289.696048594284,56946.51274982902,598
2,208239715473,0,1094971.355674006,1097168.7680750238,56993912,1094785.2261619095,1096984.213926562,109.52746991420958,5702,56683.249821083446,57365.51683416304,529
3,209910866937,0,1088073.8531400133,1090342.8367585766,57088412,1087870.5963733448,1090151.7254179136,108.82698632105811,5711,53630.50646739782,57092.49303920685,553
4,208323429133,0,1075340.5464637035,1077462.5811969629,55994150,1075149.0839611955,1077278.3654476053,107.54415838588403,5601,54854.22961801423,57117.13159896346,536
5,209477225179,0,1084366.3284181496,1086529.5841256557,56776369,1084164.4852128176,1086334.3253306805,108.46031902217689,5680,55758.79349258875,57763.331232481985,573
6,209198982360,0,1097825.4176852435,1100086.7644345427,57404971,1097625.0907609817,1099899.2171722602,109.7900535678169,5742,53999.349218175106,57717.743515233145,542
7,207400697898,0,1103646.4734354434,1105851.8760488858,57212812,1103436.4798162372,1105650.1593549626,110.37555282393181,5723,54169.2725187184,56498.43745880584,562
