SLAVE_INDEX,DURATION,FAILURES,READS_PER_SEC,READS_PER_SEC_NET,READ_COUNT,REQ_PER_SEC,REQ_PER_SEC_NET,TRANSACTIONS_PER_SEC,TRANSACTION_COUNT,WRITES_PER_SEC,WRITES_PER_SEC_NET,WRITE_COUNT
0,207988807176,0,1103373.6484726025,1105551.9881331085,57360906,1103164.747734925,1105351.65827584,110.35193638683116,5738,55379.71477710244,57847.56808042747,574
1,208806102965,0,1105964.5782528312,1108161.7970338122,57722677,1105776.2427504438,1107974.7464495546,110.60963329942207,5774,56571.62100643048,57160.92985733764,530
2,207624241141,0,1116903.9881519158,1119139.6845082068,57962581,1116693.3433487962,1118934.9380440675,111.7016269928039,5798,55433.85376029989,57172.05680179014,571
3,208986854559,0,1124778.6587291216,1127052.6653718024,58753659,1124554.3672874952,1126834.4125542706,112.48538472217757,5877,55739.50911281677,57429.22177388997,611
4,208922513975,0,1061387.1706354958,1063413.42521867,55427109,1061209.1908224416,1063240.3535098033,106.16361178235069,5545,55611.94138771864,57316.79881218183,514
5,209231297977,0,1112633.2708448572,1114867.6788924981,58187776,1112421.584392148,1114664.3991451298,111.2833865924187,5821,55107.05859341573,57493.46478910149,577
