SLAVE_INDEX,DURATION,FAILURES,READS_PER_SEC,READS_PER_SEC_NET,READ_COUNT,REQ_PER_SEC,REQ_PER_SEC_NET,TRANSACTIONS_PER_SEC,TRANSACTION_COUNT,WRITES_PER_SEC,WRITES_PER_SEC_NET,WRITE_COUNT
0,184768034478,0,1458647.962937331,8126153.051252698,67291216,1457500.5723301398,8120317.635534251,14575.009618759683,673249,566589.0810922101,3334197.099997313,33663
1,184607991582,0,1419187.6025374802,8024338.422843399,65372637,1417173.751569643,8017635.22909281,14171.73751569643,654054,369884.91056353226,3006456.889912891,32763
