SLAVE_INDEX,DURATION,FAILURES,READS_PER_SEC,READS_PER_SEC_NET,READ_COUNT,REQ_PER_SEC,REQ_PER_SEC_NET,TRANSACTIONS_PER_SEC,TRANSACTION_COUNT,WRITES_PER_SEC,WRITES_PER_SEC_NET,WRITE_COUNT
0,211049120011,0,599636.1678177983,6309321.857422612,31604279,599291.7667385099,6301500.242898097,5992.917667385099,316200,278141.531392054,1804460.2053022562,15721
1,210140173466,0,620150.7363260314,7308378.277721201,32549900,619896.6996716432,7301228.976369388,6198.966996716432,325663,341912.57125639106,2482103.3161884067,16400
2,212622967896,0,647155.1850126465,7738551.495517784,34350687,646545.3914049432,7732331.524988921,6465.453914049433,343676,221893.2555618442,2937298.8807550524,16913
3,210770437830,0,629018.3059157633,7187227.2972966125,33108051,628640.3414261959,7169082.174361645,6286.403414261959,331247,286408.97918039904,1190785.33558838,16649
4,212609779043,0,616462.1243866408,7470744.784529256,32716153,615826.8005796641,7456197.629644029,6158.268005796641,327327,202730.66269387916,1537370.4614756978,16547
5,213926137973,0,625900.3676194627,7813708.397601425,33446547,625698.5577746178,7803185.954010317,6257.000579082834,334634,380829.41465364356,2117264.141767321,16772
