SLAVE_INDEX,DURATION,FAILURES,READS_PER_SEC,READS_PER_SEC_NET,READ_COUNT,REQ_PER_SEC,REQ_PER_SEC_NET,TRANSACTIONS_PER_SEC,TRANSACTION_COUNT,WRITES_PER_SEC,WRITES_PER_SEC_NET,WRITE_COUNT
0,163561299968,0,2456689.0484947558,3888123.4849479566,99966476,2445965.274660148,3870301.794206187,24459.710851794567,1000166,250725.98583537532,379673.0286866936,49839
1,165265943975,0,2393225.2539668577,3849754.8749722843,98416609,2383210.9297701423,3833540.4939846466,23832.128722400506,984660,254761.24419609248,407420.86793245556,49292
