SLAVE_INDEX,DURATION,FAILURES,READS_PER_SEC,READS_PER_SEC_NET,READ_COUNT,REQ_PER_SEC,REQ_PER_SEC_NET,TRANSACTIONS_PER_SEC,TRANSACTION_COUNT,WRITES_PER_SEC,WRITES_PER_SEC_NET,WRITE_COUNT
0,189936011920,0,1095942.592258422,2635473.523008629,51874966,1093022.0019963447,2623529.7796925986,10929.58592244918,519011,173554.67174188042,262104.9128351123,26094
1,188544527145,0,1242150.9248093134,3144766.085646551,58335621,1238214.9698806098,3125020.973976229,12382.15580386146,583647,168131.656447908,229588.35928915782,29043
2,189521708248,0,1220099.3915946533,3058039.802211623,57643918,1217227.7367726525,3045078.9323599534,12172.282730279781,576728,213460.8649297819,321626.0930125895,28852
3,190450727627,0,1238988.0768879324,3149670.3798173056,58792704,1235434.3768159135,3132744.2158078165,12354.353141189025,588224,184688.12418551598,268684.94201541675,29640
4,189025409357,0,1265955.0000162316,3295987.0393768693,59605784,1261963.2715593232,3275580.4920742596,12619.634726893484,596358,173693.39527737664,246237.31051231627,29997
5,189418503383,0,1275152.0957824741,3386305.508280306,60165972,1271187.321721866,3366146.071728325,12711.873217218661,601966,178842.59516534884,265164.0800251047,30628
6,189369532137,0,1318354.5054404777,3541004.9306214736,62210077,1314700.3384889078,3522141.653589041,13147.013754258127,622411,200176.7184890925,301021.0337985678,30970
7,190181622220,0,1280548.6428872938,3304324.888443274,60690121,1277101.31591494,3287946.2794663515,12771.013159149401,607203,199118.75944849572,299776.6587406075,30179
