SLAVE_INDEX,DURATION,FAILURES,READS_PER_SEC,READS_PER_SEC_NET,READ_COUNT,REQ_PER_SEC,REQ_PER_SEC_NET,TRANSACTIONS_PER_SEC,TRANSACTION_COUNT,WRITES_PER_SEC,WRITES_PER_SEC_NET,WRITE_COUNT
0,222421543974,0,409936.83826829336,410806.88595356874,20066133,361040.24171951186,361718.83859032724,361.0800949250241,20078,1449.6569701493474,1449.7980808335092,9649
1,223290289119,0,412583.28295764525,413410.2363076172,20138684,360939.06420197367,361575.6243797132,360.9650610312983,20150,1406.7140804755857,1406.842201710191,9863
2,222246837372,0,424115.9184660518,425049.7602430292,20438927,368051.00566216395,368758.8644430917,368.07719143416966,20451,1440.4599671828178,1440.611716840814,10616
3,223825757836,0,418318.70318935975,419203.75455691136,20440406,365475.84509883815,366155.4661825372,365.51605860279557,20453,1455.0550733747561,1455.1981392442726,10321
