SLAVE_INDEX,DURATION,FAILURES,READS_PER_SEC,READS_PER_SEC_NET,READ_COUNT,REQ_PER_SEC,REQ_PER_SEC_NET,TRANSACTIONS_PER_SEC,TRANSACTION_COUNT,WRITES_PER_SEC,WRITES_PER_SEC_NET,WRITE_COUNT
0,224812986028,0,381341.43489038345,381862.2310190334,19810030,352489.6910987619,352943.0634417938,352.52408278825897,19813,243.24491278657266,243.32194292361956,1035
1,225720087114,0,375350.6037152002,375859.31361449853,19526379,346046.7918415726,346487.2246859166,346.07456824087853,19529,237.95939516298938,238.03072894750085,1049
2,222115343487,0,383335.38369996875,383881.62715968373,19738292,355477.25231607514,355955.1317268713,355.5088666212639,19741,234.27933855677838,234.35363230127447,946
3,223716020478,0,387442.1083775218,388002.21671231237,20016780,357913.84018416377,358400.4306604455,357.953769128975,20020,230.94524723596027,231.0185214665672,985
4,224744547750,0,387739.9426040275,388272.40860083874,20054587,356950.2210538053,357409.6807479053,356.9740582209619,20057,239.00239081847354,239.07195412314687,1067
5,225209452792,0,393577.0455702016,394156.9233596956,20524008,364550.2041862623,365056.1160697977,364.58501045894184,20527,247.89453676825502,247.9726002906429,1030
6,220524752780,0,395534.0959559145,396094.51220591675,20114797,364870.98607144394,365356.3337444506,364.9112342715678,20118,227.76090470575775,227.8293854827112,974
7,223400726544,0,389474.26874037273,390018.00164988794,20104736,359993.6009346876,360465.83952341985,360.0344289662154,20108,229.7877229254403,229.85310646518317,972
