SLAVE_INDEX,DURATION,FAILURES,READS_PER_SEC,READS_PER_SEC_NET,READ_COUNT,REQ_PER_SEC,REQ_PER_SEC_NET,TRANSACTIONS_PER_SEC,TRANSACTION_COUNT,WRITES_PER_SEC,WRITES_PER_SEC_NET,WRITE_COUNT
0,179277988200,0,2014774.1772667172,7237699.017397437,89765086,2003812.5126618305,7233719.057008199,2003.8819224788158,89813,168310.23492121935,3440973.007863015,44783
1,177811720111,0,2052066.7065740614,8125143.052812005,90750132,2042522.2351669508,8121529.283257094,2042.5647676360347,90798,200587.25534425193,4324351.276162715,45966
2,182745435180,0,1861584.1962436682,6845183.805213221,84530773,1851151.7930217665,6841669.312830492,1851.111604554328,84573,149478.34810824445,3348876.303195311,41612
3,183410717498,0,1990059.8211349514,8237367.324230215,90589420,1976634.7623821562,8195238.292218712,1976.6347623821562,90634,134387.95177827484,719338.0521511536,44580
