SLAVE_INDEX,DURATION,FAILURES,READS_PER_SEC,READS_PER_SEC_NET,READ_COUNT,REQ_PER_SEC,REQ_PER_SEC_NET,TRANSACTIONS_PER_SEC,TRANSACTION_COUNT,WRITES_PER_SEC,WRITES_PER_SEC_NET,WRITE_COUNT
0,217385798285,0,679066.1889061535,6041327.4166404875,36576150,673345.1272106407,6039318.7687076405,673.3833887728155,36596,36706.6276890501,3585290.0796716553,17767
1,215838837640,0,690091.410075577,6488370.170466884,36832601,682935.4791367843,6484308.243007043,682.9354791367844,36851,31386.947594376263,2877769.06970707,18399
2,217732908360,0,639895.5756496332,5951270.5199527,34674942,637338.6046474798,5904811.536238499,637.4046391173647,34696,71306.40650162377,357693.85234209243,17455
3,214205620589,0,660273.2476630054,6853307.708772129,35154953,656800.2446114377,6850897.500679069,656.8453918070246,35175,57149.235466547994,4026259.675471773,17623
4,217476234624,0,646725.7312626741,6208513.932605811,34649326,637621.1002537612,6157460.718263451,637.6081288254277,34667,22123.094915833142,356938.2765813587,17533
5,216243119168,0,659464.3617790687,6776409.914120674,35351142,654244.9283211034,6771073.711243429,654.3004586501244,35372,39233.88555058386,2645330.6205689386,17849
6,217257866047,0,657351.3462482237,6255377.210747146,35388752,651878.7953544647,6252552.310619479,651.8556236094659,35408,36938.16683881562,3285530.659986564,17697
7,215447316634,0,674204.574441509,6224350.116839098,36087923,670344.8539363627,6220412.320215848,670.3448539363626,36106,53934.90840948813,2748776.264635519,18077
