SLAVE_INDEX,DURATION,FAILURES,READS_PER_SEC,READS_PER_SEC_NET,READ_COUNT,REQ_PER_SEC,REQ_PER_SEC_NET,TRANSACTIONS_PER_SEC,TRANSACTION_COUNT,WRITES_PER_SEC,WRITES_PER_SEC_NET,WRITE_COUNT
0,160046237927,0,2845118.018705762,7815026.401724973,112976211,2825014.207495624,7811789.856559761,2825.031816986601,113034,188308.70758713232,4290631.529139069,57013
1,149330716969,0,3029807.7553189453,8039037.710463216,112298815,3009564.898113337,8035899.458402161,3009.6149973996244,112357,210087.28231845662,4518150.024350675,56306
2,159524552140,0,2887867.4404983977,7786643.387826668,114450398,2871254.5740170726,7778606.43547212,2871.3318905103883,114512,234308.1485039254,2576346.794017227,58502
3,149608857939,0,2946926.4369448815,8055511.793884396,109405875,2926584.5754836365,8053200.618010106,2926.64302833663,109463,198228.48228203604,5122654.664604248,54869
