SLAVE_INDEX,DURATION,FAILURES,READS_PER_SEC,READS_PER_SEC_NET,READ_COUNT,REQ_PER_SEC,REQ_PER_SEC_NET,TRANSACTIONS_PER_SEC,TRANSACTION_COUNT,WRITES_PER_SEC,WRITES_PER_SEC_NET,WRITE_COUNT
0,160906746179,0,2795409.7127394895,7809293.847061273,112016356,2786031.652776698,7806943.894687925,2786.084975385207,112075,363939.14762913476,4888643.135955571,56466
1,160390816306,0,2875041.2740486236,7916888.710185419,114638285,2860404.7199605005,7914419.053158055,2860.4128469593484,114696,256043.96339602157,4875612.173378034,57377
2,158064075690,0,2984515.547793737,7791146.080958167,117215470,2967765.331573553,7788821.425900009,2967.80848988126,117276,243501.8760087317,4883942.9194725845,58801
3,149597007958,0,2804044.943181083,7965364.372562186,104207401,2787750.087335206,7955125.604137924,2787.7812334941545,104261,221884.74205611672,2235907.067654762,52367
