SLAVE_INDEX,DURATION,FAILURES,READS_PER_SEC,READS_PER_SEC_NET,READ_COUNT,REQ_PER_SEC,REQ_PER_SEC_NET,TRANSACTIONS_PER_SEC,TRANSACTION_COUNT,WRITES_PER_SEC,WRITES_PER_SEC_NET,WRITE_COUNT
0,147001462203,0,3776072.24693283,7662522.533023006,137672126,3748027.5076390086,7660303.042632381,3748.0709952870307,137743,237757.65395804544,4861195.939485253,69255
1,169221384399,0,2318289.1088751843,7309470.706983021,97279521,2300599.0725265606,7306521.434252986,2300.4894758932737,97330,140054.5613062534,4024065.616713834,48119
2,210145244230,0,742850.8221212334,7844849.750511628,38699328,736975.9928066491,7829003.269734595,736.9759928066491,38718,42376.78947891621,1509469.2578925842,18672
3,218986169158,0,481672.39380368456,7803247.151311993,26194451,478715.16453791654,7788990.646534352,478.71516453791656,26208,37197.4237079165,1718606.3940110963,13549
4,215011820333,0,600174.9453377813,7376898.846323391,32011468,595837.0093401668,7371127.412829062,595.8370093401669,32028,39734.63916326613,2930957.5297481464,16532
5,167825480586,0,2392245.2813756373,7441486.478039099,99382399,2369890.380240499,7438235.939781032,2369.89021942428,99432,120151.31995169274,3966530.20714602,49599
6,210748093959,0,729841.7603123368,7683307.819687921,38230407,725966.2335535268,7671444.649672642,725.9662335535268,38249,60911.06464493453,1837573.9497381076,18593
7,215959912733,0,589998.8258983433,7574971.822545036,31437677,582577.1941089276,7565636.926715727,582.4883156026002,31455,22181.635569899147,2177139.878281566,15653
