SLAVE_INDEX,DURATION,FAILURES,READS_PER_SEC,READS_PER_SEC_NET,READ_COUNT,REQ_PER_SEC,REQ_PER_SEC_NET,TRANSACTIONS_PER_SEC,TRANSACTION_COUNT,WRITES_PER_SEC,WRITES_PER_SEC_NET,WRITE_COUNT
0,134777358967,0,4990705.514464345,8503229.08346328,167421336,4971299.312698752,8501559.40509084,4971.338432337124,167506,564013.3563497071,6096075.234489479,83312
1,138856512175,0,4475722.977121639,8654643.272800822,154454449,4451532.580776491,8652952.42780977,4451.508440128144,154533,374240.48612414434,6208092.1321934,76623
