SLAVE_INDEX,DURATION,FAILURES,READS_PER_SEC,READS_PER_SEC_NET,READ_COUNT,REQ_PER_SEC,REQ_PER_SEC_NET,TRANSACTIONS_PER_SEC,TRANSACTION_COUNT,WRITES_PER_SEC,WRITES_PER_SEC_NET,WRITE_COUNT
0,152082926904,0,3314713.384646204,7883758.135909938,125238426,3295577.5260452176,7881455.302898685,3295.622436852611,125302,259679.77018262658,4952127.287520183,61843
1,144660254058,0,3864954.3260592576,8286641.177972231,139137321,3849181.6817682865,8284273.665338451,3849.2389007287616,139208,414797.59622739535,5244371.046650213,68579
2,146611946240,0,3568553.3073214353,7987322.618387829,130102007,3551345.1212746142,7984973.841059227,3551.3874807630564,130169,335248.3679098369,5037820.048571771,65398
3,136407058713,0,3506722.266337392,7962902.693743541,118998551,3491277.478550407,7960633.821488246,3491.3139369745572,119060,359547.67483961367,5091581.104659526,60172
