SLAVE_INDEX,DURATION,FAILURES,READS_PER_SEC,READS_PER_SEC_NET,READ_COUNT,REQ_PER_SEC,REQ_PER_SEC_NET,TRANSACTIONS_PER_SEC,TRANSACTION_COUNT,WRITES_PER_SEC,WRITES_PER_SEC_NET,WRITE_COUNT
0,210001797007,0,758416.8393710717,7275950.072023246,39487281,752507.8463720595,7269621.254500962,752.5078463720596,39507,45326.57453017314,2651377.8031515013,19719
1,168560778959,0,2367286.3268429497,7423450.091330093,99024676,2351055.8651155336,7408740.1157939555,2351.056890774697,99074,159090.968617651,1487066.323939666,49276
2,197685831445,0,1234396.5302167186,7838347.286265719,60540545,1225596.1200102891,7834415.778675671,1225.6213342641265,60572,80152.12018927989,3906631.229055392,30202
3,162146530317,0,2656475.71764617,7638668.1246571615,106698548,2633476.8876348315,7635618.018510783,2633.518390437795,106754,144773.21018798044,4258964.827914722,53737
4,206924227388,0,799492.3848193525,7413092.051476209,41075767,794430.473778022,7407794.321399722,794.4550241568015,41098,59254.00844367076,3086016.8111431985,20961
5,207278280113,0,853543.7588553068,7920913.981192816,43990565,849334.1217614564,7913261.373818649,849.3508689996364,44013,76785.10151964122,2663591.5878110547,21564
6,205429737218,0,862026.5857688762,7246079.555900605,43669200,850730.7187690198,7241199.678339353,850.4318542317118,43692,31698.713216020682,3110611.3639283623,22147
7,212892711646,0,659314.4812112999,7323631.584382972,34764458,653498.3697860846,7318781.037859751,653.5310168556462,34783,33944.134844087814,3087607.840359171,16802
