SLAVE_INDEX,DURATION,FAILURES,READS_PER_SEC,READS_PER_SEC_NET,READ_COUNT,REQ_PER_SEC,REQ_PER_SEC_NET,TRANSACTIONS_PER_SEC,TRANSACTION_COUNT,WRITES_PER_SEC,WRITES_PER_SEC_NET,WRITE_COUNT
0,152152821455,0,3251568.3898910047,7954839.113340457,122561332,3223701.9551100903,7952518.148251547,3223.7061095710524,122624,181060.4347280446,5058515.15605151,62505
1,151333514799,0,3325856.0205746586,7753552.749043256,125283742,3313143.877388574,7751010.9749646075,3313.1847628010905,125349,388902.17433581303,4712141.327688087,63685
2,147900629891,0,3583785.050351471,7935202.474550624,131835294,3567318.7084384817,7933142.854957262,3567.367388566156,131904,354691.10852604936,5247957.703079001,66877
3,147901516322,0,3513993.8932323228,7944731.703795602,128976692,3489972.089780533,7942543.823038709,3490.0240989763724,129045,244247.54157578005,5173184.815339274,66349
