SLAVE_INDEX,DURATION,FAILURES,READS_PER_SEC,READS_PER_SEC_NET,READ_COUNT,REQ_PER_SEC,REQ_PER_SEC_NET,TRANSACTIONS_PER_SEC,TRANSACTION_COUNT,WRITES_PER_SEC,WRITES_PER_SEC_NET,WRITE_COUNT
0,217522961955,0,540306.883544219,7468256.465678841,29089483,535189.4758774181,7457303.055090122,535.1894758774181,29104,26787.875285432634,1893230.5726155224,14517
1,176462623234,0,1989485.0630900909,7425659.904818451,87061390,1974478.184754015,7422275.386272615,1974.4912718018968,87106,124010.26980299562,3903079.3819698617,44010
2,218425425459,0,503371.67894605605,7385820.860362252,27110702,496723.40008954523,7378991.979456689,496.75515125914126,27126,18115.651228370592,2589567.499427985,13553
3,216642913908,0,601100.1189945892,7464537.500561055,32379628,598149.5432388328,7457103.827224561,598.1823865882329,32398,56524.26917009305,2532951.601375692,16587
4,176087998977,0,2045323.3456573384,7478632.018647435,89390936,2031608.3440003598,7475177.81334675,2031.6430278720466,89437,140477.8361832223,3878637.3113480587,44526
5,189665278069,0,1401596.606313219,7591124.957597339,66103169,1394794.5279881917,7585610.711375284,1394.8150175949354,66137,129572.84851638437,3081638.372822902,32854
6,155108425431,0,3171080.0661495193,7819888.785226524,122201427,3152972.9132448393,7817630.276811881,3152.9398692698687,122265,256295.2311174284,4974123.003054958,61739
7,214561722546,0,615617.6161332321,7472496.39205215,32836415,612469.7473559218,7464056.419661319,612.5043605648061,32855,55484.82428230074,2319921.8888430633,16726
