SLAVE_INDEX,DURATION,FAILURES,READS_PER_SEC,READS_PER_SEC_NET,READ_COUNT,REQ_PER_SEC,REQ_PER_SEC_NET,TRANSACTIONS_PER_SEC,TRANSACTION_COUNT,WRITES_PER_SEC,WRITES_PER_SEC_NET,WRITE_COUNT
0,132842767179,0,5103677.9908122625,8804252.198892094,168726163,5083029.165525721,8802578.12078337,5083.121284284188,168814,561374.6729866845,6385419.49671575,84752
1,139609330657,0,4314676.582051179,8449461.081958976,149939574,4298120.141226486,8447516.171304796,4298.164693610693,150016,494760.66175264784,5781492.118569833,74845
