SLAVE_INDEX,DURATION,FAILURES,READS_PER_SEC,READS_PER_SEC_NET,READ_COUNT,REQ_PER_SEC,REQ_PER_SEC_NET,TRANSACTIONS_PER_SEC,TRANSACTION_COUNT,WRITES_PER_SEC,WRITES_PER_SEC_NET,WRITE_COUNT
0,232934840435,0,189915.2215900362,7173237.693988388,10991576,188842.51028250437,7152783.8174763275,188.84251028250435,10997,15172.63859115449,1055246.194686211,5424
1,217834544829,0,598900.397294465,7098015.6695991475,32040464,588630.2381500407,7092479.72992439,588.6302381500408,32056,16186.416672885798,2719015.1760634957,15536
2,240948254294,0,14594.147126825934,6760772.0092207175,860550,14293.52542972859,6741970.866209455,14.29352542972859,861,353.8724597781293,1067098.56493028,450
3,240512260680,0,12857.625151010818,6829394.807587532,713615,11874.654505866914,6812021.5149685405,11.874654505866914,714,83.21160966164787,1191906.183052023,385
