SLAVE_INDEX,DURATION,FAILURES,READS_PER_SEC,READS_PER_SEC_NET,READ_COUNT,REQ_PER_SEC,REQ_PER_SEC_NET,TRANSACTIONS_PER_SEC,TRANSACTION_COUNT,WRITES_PER_SEC,WRITES_PER_SEC_NET,WRITE_COUNT
0,226847766431,0,346691.1140074874,6891115.147385041,19659014,346664.2023293618,6881379.106959364,346.66420232936184,19660,136070.21692400923,235910.84675485012,986
1,238730644779,0,44416.89042533334,6170541.0863950765,2650873,44418.26062932321,6165167.969701913,44.41826062932321,2651,124737.35788105606,321511.45827597706,127
2,238949599553,0,40007.06960047688,6067401.638612798,2389877,40008.43700045437,6061693.1111716805,40.00843700045437,2390,119105.89240089881,314392.4653161849,123
3,239876998834,0,29430.9057510479,6102506.563322079,1764933,29431.75058182911,6098663.780087899,29.43175058182911,1765,120706.09462186789,346753.64835298486,67
4,239707032638,0,29468.431183079443,5247454.831991172,1765932,29469.306437362182,5244179.218117303,29.46930643736218,1766,128874.71056493082,304699.7699068649,68
5,205054552701,0,1011926.2805011602,7023885.3973845225,51860168,1011686.3696388844,7013184.935870826,1011.6917157744143,51863,174118.82700519654,219780.57411870925,2556
