SLAVE_INDEX,DURATION,FAILURES,READS_PER_SEC,READS_PER_SEC_NET,READ_COUNT,REQ_PER_SEC,REQ_PER_SEC_NET,TRANSACTIONS_PER_SEC,TRANSACTION_COUNT,WRITES_PER_SEC,WRITES_PER_SEC_NET,WRITE_COUNT
0,109917195663,0,8971618.230079494,9552767.75895256,246380003,8966463.87360262,9547591.948092751,8966.530757883096,246394,708156.2116291409,795775.7276766035,12138
