SLAVE_INDEX,DURATION,FAILURES,READS_PER_SEC,READS_PER_SEC_NET,READ_COUNT,REQ_PER_SEC,REQ_PER_SEC_NET,TRANSACTIONS_PER_SEC,TRANSACTION_COUNT,WRITES_PER_SEC,WRITES_PER_SEC_NET,WRITE_COUNT
0,170860259073,0,2293198.0972097763,7402087.872690165,97156845,2275631.7830109275,7391585.684581932,2275.6601125800576,97205,134941.00038486475,1876845.618366203,46914
1,204361889014,0,970722.0965407589,7366845.648503317,49104051,961607.8660661504,7365531.525239719,961.6078660661503,49129,49365.22260164961,5451546.83462474,24949
2,178498324838,0,2025811.3753723295,7904756.970676989,89835093,2014132.5602147218,7902045.865754101,2014.1587087343519,89881,160123.55614582196,4678994.745767889,44729
3,204558294368,0,946920.3653728524,7592113.20169088,48208720,943154.1487773616,7587362.325107711,943.1833312661305,48234,104068.43071058865,3344591.2020979184,23781
4,167343833619,0,2460441.5784262107,7689091.041489889,102200549,2444131.6489211917,7686053.365641083,2444.141387555433,102253,174355.78127386695,4328114.5998518085,52041
5,198766348561,0,1075299.1940463993,7462900.261918353,52977486,1066647.5363405617,7459470.091316366,1066.699547555115,53006,61151.12232121711,3846433.341156625,25923
