SLAVE_INDEX,DURATION,FAILURES,READS_PER_SEC,READS_PER_SEC_NET,READ_COUNT,REQ_PER_SEC,REQ_PER_SEC_NET,TRANSACTIONS_PER_SEC,TRANSACTION_COUNT,WRITES_PER_SEC,WRITES_PER_SEC_NET,WRITE_COUNT
0,236995100545,0,90365.65869444089,6621847.413383159,5342422,90212.83541657192,6606517.779019852,90.21283541657192,5345,20026.720407001067,1139561.344028177,2578
1,241025269717,0,19723.55514174237,7298275.1691084895,1188457,19732.370823956597,7277558.5722695235,19.732370823956597,1189,907659.821468495,1008989.3893523747,543
2,241585917890,0,21105.494614697687,6823445.540070642,1228405,20348.868191226178,6806392.442496399,20.348868191226178,1229,271.26963753418573,1104988.2792314668,595
3,241371956800,0,10335.989807326974,6850213.035093712,623702,10340.886460427453,6836374.1215926865,10.340886460427452,624,1221634.4074560693,1307588.179929399,298
4,241986588194,0,8374.637025052993,5646705.213840355,506634,8380.629749505613,5626370.949344451,8.380629749505612,507,885804.4393081771,940112.1584628396,366
5,218789605396,0,563570.0415054868,6918463.972891988,30648919,560611.6423035627,6912941.686767233,560.6116423035628,30664,48045.833641747035,2636351.7967696344,15081
