SLAVE_INDEX,DURATION,FAILURES,READS_PER_SEC,READS_PER_SEC_NET,READ_COUNT,REQ_PER_SEC,REQ_PER_SEC_NET,TRANSACTIONS_PER_SEC,TRANSACTION_COUNT,WRITES_PER_SEC,WRITES_PER_SEC_NET,WRITE_COUNT
0,135574975517,0,5019806.1222547395,8126979.3579474855,169384330,4999993.999003158,8125736.308438932,5000.036611725862,169470,559218.3343822137,6213542.531307817,84186
1,133308608014,0,5338952.015963235,8229735.838945252,177214245,5320119.762450136,8227932.771428701,5320.135530820666,177305,670845.7903717281,5751911.165671558,90195
