SLAVE_INDEX,DURATION,FAILURES,READS_PER_SEC,READS_PER_SEC_NET,READ_COUNT,REQ_PER_SEC,REQ_PER_SEC_NET,TRANSACTIONS_PER_SEC,TRANSACTION_COUNT,WRITES_PER_SEC,WRITES_PER_SEC_NET,WRITE_COUNT
0,210665791591,0,783526.0833781518,7293769.305107211,40801890,775104.485482948,7289124.825549653,775.104485482948,40822,33984.37933521715,3180284.701901485,20110
1,174535130630,0,2077294.3982985495,7722106.188254279,90203220,2068306.1037452298,7718495.234679313,2068.32828203977,90249,212957.33051989504,3975445.220980011,44799
2,216627082807,0,623927.8638957792,7744080.313673489,33311135,615380.1190166437,7736853.211161468,615.3801190166438,33327,20674.52310750952,2614249.521919016,15865
3,174236036667,0,2090222.3318914222,7602231.62588388,90539165,2079582.5188132636,7598906.860890646,2079.6153763799684,90586,186446.57744078507,4058421.1825998267,45389
4,185266894649,0,1653982.52721507,7477529.340860233,76249313,1647097.8292054355,7474603.826483546,1647.115603641548,76289,179676.0513197745,4228589.528403239,38862
5,199826388792,0,1127411.4373927333,7429447.255417144,55953310,1120599.3430281356,7426241.853163329,1120.612734683524,55982,85765.88816847031,3989265.1466076295,28020
6,200153881012,0,1037036.5223791816,7379047.259935338,51404264,1027815.2337584012,7375793.3390002195,1027.8288470506145,51431,55394.31621904024,3943095.728424014,26038
7,212322774975,0,705008.4961585974,7414639.97869645,37185670,700912.0524989503,7410012.089841308,700.9326807709099,37206,57277.640926881606,3357389.854634169,19228
