SLAVE_INDEX,DURATION,FAILURES,READS_PER_SEC,READS_PER_SEC_NET,READ_COUNT,REQ_PER_SEC,REQ_PER_SEC_NET,TRANSACTIONS_PER_SEC,TRANSACTION_COUNT,WRITES_PER_SEC,WRITES_PER_SEC_NET,WRITE_COUNT
0,236885414284,0,107833.62407878574,6956150.782798845,6289955,106262.34661211135,6938148.782562699,106.26234661211134,6293,3416.853375845707,1093346.4750348066,3045
1,231519163269,0,221977.41094902135,6694646.742089859,12777892,220876.17836016585,6681800.503288585,220.88883632657954,12785,20182.898374856402,1378782.4734362687,6375
2,241543629409,0,11204.392085589554,5465988.787315925,676583,11211.225096790315,5452129.4737239005,11.211225096790315,677,1066130.7889367838,,417
3,242226648620,0,11799.724611280548,5202793.180075204,714545,11807.12368475488,5184648.999018037,11.80712368475488,715,773969.1220340929,800507.7506303999,455
