SLAVE_INDEX,DURATION,FAILURES,READS_PER_SEC,READS_PER_SEC_NET,READ_COUNT,REQ_PER_SEC,REQ_PER_SEC_NET,TRANSACTIONS_PER_SEC,TRANSACTION_COUNT,WRITES_PER_SEC,WRITES_PER_SEC_NET,WRITE_COUNT
0,113525474197,0,8289903.75944349,9232780.049341843,235158167,8286071.603344672,9228805.868192816,8286.13911442788,235172,816643.9386905507,969739.1411909388,11885
