SLAVE_INDEX,DURATION,FAILURES,READS_PER_SEC,READS_PER_SEC_NET,READ_COUNT,REQ_PER_SEC,REQ_PER_SEC_NET,TRANSACTIONS_PER_SEC,TRANSACTION_COUNT,WRITES_PER_SEC,WRITES_PER_SEC_NET,WRITE_COUNT
0,154471268188,0,3175157.656828629,7109912.506207961,121936416,3159089.5428274153,7107957.277238655,3159.111680689744,121998,283034.1774652351,4579295.3389291065,60726
1,147905153061,0,3789771.8700776077,7256640.40471533,139472231,3773772.9649608615,7254803.156964652,3773.796768533551,139541,390122.31627054006,4772384.312686429,67886
2,212267644218,0,730737.9962614697,6966478.992253828,38449263,724896.1591243395,6958056.789493217,724.8961591243394,38468,41648.77747442908,1998953.9550872801,18737
3,217394852229,0,602634.4104273049,6930361.1361275045,32467677,597691.3559256163,6921832.6266972255,597.6957830392216,32484,34031.67433905357,1986233.9129212645,16079
