SLAVE_INDEX,DURATION,FAILURES,READS_PER_SEC,READS_PER_SEC_NET,READ_COUNT,REQ_PER_SEC,REQ_PER_SEC_NET,TRANSACTIONS_PER_SEC,TRANSACTION_COUNT,WRITES_PER_SEC,WRITES_PER_SEC_NET,WRITE_COUNT
0,153971076180,0,3465129.3542056,8278602.258068347,132218200,3436584.851699125,8267324.560867433,3436.619024468277,132285,194852.22314475285,2203877.225890287,65467
1,156565157635,0,3136810.4118632856,8285495.806100948,122002278,3118504.8792161937,8282758.573214339,3118.5479231754894,122064,242469.50072426826,4955329.57050859,60024
