SLAVE_INDEX,DURATION,FAILURES,READS_PER_SEC,READS_PER_SEC_NET,READ_COUNT,REQ_PER_SEC,REQ_PER_SEC_NET,TRANSACTIONS_PER_SEC,TRANSACTION_COUNT,WRITES_PER_SEC,WRITES_PER_SEC_NET,WRITE_COUNT
0,242977011948,0,14054.005356197533,6122760.290610734,853697,14058.943159326796,6115393.603256042,14.058943159326796,854,1393061.8165434136,,303
1,235529392240,0,144918.57789370816,6742188.824824298,8378877,142368.64317057942,6725090.020480238,142.36864317057942,8383,3873.096599619279,1092814.7759795974,4123
2,225078001842,0,389958.6547692678,6713489.544112332,21802179,387652.277370265,6707970.8353803605,387.652277370265,21813,30012.457208292042,2525369.0662593152,10821
3,243335411293,0,12157.311257804182,5086176.920453024,739572,12164.279684044284,5077390.930524173,12.164279684044285,740,1274144.1762605803,,428
4,241349753597,0,5995.668848746323,4015855.3253046013,361762,5999.591789175121,4008849.6685333317,5.999591789175121,362,1097817.6262000173,,238
5,242538599810,0,11308.731224488412,4577967.582797575,685698,11313.663071154842,4571996.420619992,11.313663071154842,686,1154106.6803477989,,302
6,240573658388,0,25080.572771725776,6718257.660181387,1508416,25090.0287273558,6702663.597649222,25.090028727355797,1509,958166.7513676231,,584
7,242570322238,0,14355.860114398494,7053931.207165295,870571,14362.84524774487,7035948.973617816,14.36284524774487,871,1139757.064368378,,429
