SLAVE_INDEX,DURATION,FAILURES,READS_PER_SEC,READS_PER_SEC_NET,READ_COUNT,REQ_PER_SEC,REQ_PER_SEC_NET,TRANSACTIONS_PER_SEC,TRANSACTION_COUNT,WRITES_PER_SEC,WRITES_PER_SEC_NET,WRITE_COUNT
0,176902834449,0,1593850.78335117,5768017.158457331,70103798,1585919.5974662683,5765229.603388521,1585.977811610142,70141,143180.19235375858,2913771.858102088,34620
1,177076010779,0,1621304.906936437,5771501.431967684,71319170,1611822.463948619,5767906.367869748,1611.8726723930865,71356,123469.02131149864,2525531.751684679,34603
2,177427276741,0,1464086.3024986363,5454596.68029903,64671074,1458700.492697092,5451581.73486622,1458.7834117938964,64707,174089.38739741358,2585225.125677905,32240
3,176655156567,0,1681152.825324335,6042600.898390076,73730069,1670275.8398569108,6037371.252600483,1670.327491489574,73768,116117.86653168529,2163644.3551099435,35641
4,177518302366,0,1629682.7553550815,5825723.409586123,71903264,1621001.8018689326,5822939.624551084,1621.0383435681542,71941,139652.2742492081,2983753.2207685686,36108
5,174917312074,0,1653059.443909701,5968173.342516394,71801886,1642788.6101887596,5963906.505751826,1642.7881231079357,71840,123158.70931842456,2464651.4979986977,36156
