SLAVE_INDEX,DURATION,FAILURES,READS_PER_SEC,READS_PER_SEC_NET,READ_COUNT,REQ_PER_SEC,REQ_PER_SEC_NET,TRANSACTIONS_PER_SEC,TRANSACTION_COUNT,WRITES_PER_SEC,WRITES_PER_SEC_NET,WRITE_COUNT
0,165778591868,0,2744753.3619268485,8638151.234956132,113650119,2742353.1523418333,8626570.973400068,2742.4028463465784,113658,149788.03603800497,313305.05403284496,5742
1,161210283704,0,2883757.517744028,8342628.459322906,116129209,2881577.9572285046,8336836.217976075,2881.5779572285046,116135,178354.41564809758,558658.261260332,5791
2,159621809951,0,2889657.3298381944,8455533.300640875,115210286,2887224.4973382647,8446864.304532476,2887.224497338265,115216,160621.9707735337,389762.47987707955,5714
3,163049843518,0,2880683.925415622,8765708.48473735,117313074,2878113.7710702186,8754756.435160173,2878.1137710702183,117319,154220.37116427004,340202.84063344036,5926
4,161478183676,0,2909140.56896603,7648904.056826997,117337087,2906720.8294946984,7641900.5604470335,2906.7208294946986,117343,166045.1953230519,398648.80102479644,5913
5,158291834466,0,3095604.0516263167,8604171.13661975,122383789,3092768.503514653,8594135.63164493,3092.7685035146533,122390,162358.27976187575,358354.00809308287,6211
