SLAVE_INDEX,DURATION,FAILURES,READS_PER_SEC,READS_PER_SEC_NET,READ_COUNT,REQ_PER_SEC,REQ_PER_SEC_NET,TRANSACTIONS_PER_SEC,TRANSACTION_COUNT,WRITES_PER_SEC,WRITES_PER_SEC_NET,WRITE_COUNT
0,229886737558,0,361016.0664142717,7522085.546812714,19209855,334427.2436795238,7468047.017142082,334.44295414257385,19221,2403.5720977496753,515954.02175631316,10242
1,240155723597,0,341861.21128020145,7384879.867635718,20443055,340662.2951751377,7376506.873603158,340.66229517513773,20453,41498.21958972131,2214730.2947879513,9945
2,235453129903,0,432388.8098307501,7759325.617128014,25201439,428348.52117510524,7749300.413495435,428.34852117510525,25214,21691.481871159463,2157250.898790138,12561
3,246240296006,0,377479.5184343123,7606145.100396939,23017997,374106.1129887342,7594755.002373886,374.10611298873425,23030,20625.86983571251,1961602.244819498,12003
4,224263315744,0,423945.0067867503,6739215.142351513,23418535,417905.19189051737,6736710.80068223,417.91941554931,23431,14118.863977009725,3858431.9935650905,11666
5,224608187089,0,426305.82986415765,7240170.430069847,23623050,420902.6626555677,7232183.175749821,420.9107458934698,23635,15563.325586167712,2213755.7788899727,11496
6,224652456406,0,395652.0361046013,7106514.58119116,22011340,392125.69232181896,7099384.7486384,392.125692321819,22023,21998.4401341919,2453173.783062224,11660
7,229893515084,0,356278.97204478236,7338026.5538096605,20347897,354216.16816918843,7328006.459127635,354.21616816918845,20358,27976.883268757123,1954039.2673310137,10103
