SLAVE_INDEX,DURATION,FAILURES,READS_PER_SEC,READS_PER_SEC_NET,READ_COUNT,REQ_PER_SEC,REQ_PER_SEC_NET,TRANSACTIONS_PER_SEC,TRANSACTION_COUNT,WRITES_PER_SEC,WRITES_PER_SEC_NET,WRITE_COUNT
0,122512451574,0,7051089.853895605,1.1920042453706073E7,215047478,7024803.870487927,1.191477257783095E7,7024.596134993385,215158,840856.391963578,6364168.6004924225,109008
1,117894087995,0,7636432.111715233,1.2005103298752068E7,224240456,7612009.993563545,1.2000335390321765E7,7612.052206413297,224354,1030508.4009084421,6692407.574523012,112288
