SLAVE_INDEX,DURATION,FAILURES,READS_PER_SEC,READS_PER_SEC_NET,READ_COUNT,REQ_PER_SEC,REQ_PER_SEC_NET,TRANSACTIONS_PER_SEC,TRANSACTION_COUNT,WRITES_PER_SEC,WRITES_PER_SEC_NET,WRITE_COUNT
0,121681824085,0,7059259.803021687,1.1276588064770563E7,213658241,7027025.789839433,1.1272698022843556E7,7026.938616774257,213767,695034.3437849644,6677092.14096285,107088
1,122998478811,0,6629389.134116535,1.0695026786648568E7,203051797,6606687.821307644,1.069071622709364E7,6606.744313798906,203155,840418.8482144315,5914454.481509786,101341
2,121748762716,0,6775385.560769003,1.0820260655640427E7,205436675,6752942.877274537,1.0816487625310548E7,6753.01891205634,205543,894758.9934238959,6403178.554221919,103935
3,124923994582,0,6673990.106767926,1.1116373874191552E7,207602042,6650643.751666516,1.1112087485028604E7,6650.527510684897,207708,834547.1059380743,6284397.766121062,104204
4,122390554706,0,6866202.193823312,1.1366744012884863E7,209251329,6842257.607309843,1.1361210260187054E7,6786.671618442924,209358,864962.5354403843,5782616.719356053,105597
5,121274355882,0,7037330.090430985,1.1173546703593183E7,212574845,7014891.003236967,1.116895760627546E7,7014.968117562899,212684,954484.0457124916,6144058.081239703,106752
