SLAVE_INDEX,DURATION,FAILURES,READS_PER_SEC,READS_PER_SEC_NET,READ_COUNT,REQ_PER_SEC,REQ_PER_SEC_NET,TRANSACTIONS_PER_SEC,TRANSACTION_COUNT,WRITES_PER_SEC,WRITES_PER_SEC_NET,WRITE_COUNT
0,122660586650,0,7065251.930711055,9213898.404824536,216098238,7050544.267065105,9212039.806216776,7050.609964921988,216208,1362297.6352896085,6558450.049345434,107736
1,126930797947,0,6570063.954852446,1.1328844865190351E7,207178024,6532074.3697380675,1.1325315484203126E7,6532.157438670826,207283,514059.45307385246,6944847.056199839,102329
