SLAVE_INDEX,DURATION,FAILURES,READS_PER_SEC,READS_PER_SEC_NET,READ_COUNT,REQ_PER_SEC,REQ_PER_SEC_NET,TRANSACTIONS_PER_SEC,TRANSACTION_COUNT,WRITES_PER_SEC,WRITES_PER_SEC_NET,WRITE_COUNT
0,134167815731,0,5538188.6031497745,1.1145173212803006E7,184847071,5513665.7324971,1.114062629115653E7,5513.691684371264,184940,557399.989037112,6123757.804982985,92051
1,135119872432,0,5488073.277978612,1.0907681220323274E7,184324751,5459347.190926602,1.0903450129726352E7,5459.418744474916,184419,474427.06349635293,6130122.656862708,91823
