SLAVE_INDEX,DURATION,FAILURES,READS_PER_SEC,READS_PER_SEC_NET,READ_COUNT,REQ_PER_SEC,REQ_PER_SEC_NET,TRANSACTIONS_PER_SEC,TRANSACTION_COUNT,WRITES_PER_SEC,WRITES_PER_SEC_NET,WRITE_COUNT
0,188794361050,0,1581073.711266359,6236018.496391321,74137010,1571522.0430838182,6234181.987687839,1571.5298752959372,74174,118765.34861805582,3905405.6670140093,36615
1,191602096375,0,1501124.6424888545,6074298.835918936,71534130,1494142.9630273792,6072215.545541799,1494.1590071809208,71571,146256.77838218023,3615293.821486293,36101
2,177257808002,0,2075550.4560636703,6331928.963097658,91224417,2059592.026523767,6310084.690523317,2059.6213018802227,91271,124883.76776040261,793610.4916236012,45275
3,189549291056,0,1520554.2157785534,5861554.100168607,71755018,1514993.3107117787,5859397.306000507,1515.0465079275148,71794,184808.10610050373,3398377.635638345,36459
4,188006639596,0,1588852.4552954005,6523425.06166416,73841413,1571821.4028771317,6520855.629165508,1571.8805967254336,73881,69835.97877925374,3642332.580386328,36802
5,190589027853,0,1520581.5308727198,6596018.757630242,72052131,1512951.7540873545,6592414.044390053,1512.9727132523624,72089,136560.2801646647,3142608.659122172,35870
