SLAVE_INDEX,DURATION,FAILURES,READS_PER_SEC,READS_PER_SEC_NET,READ_COUNT,REQ_PER_SEC,REQ_PER_SEC_NET,TRANSACTIONS_PER_SEC,TRANSACTION_COUNT,WRITES_PER_SEC,WRITES_PER_SEC_NET,WRITE_COUNT
0,165150109276,0,2529181.3724849806,8226203.18092832,103664104,2512039.5851914156,8219970.560363002,2512.090157558154,103718,172484.51892004313,3266720.484508146,51799
1,163727370962,0,2619528.2479783082,8320652.566684388,106406971,2600917.3756221547,8313698.637460864,2600.933384865178,106461,171507.92562402788,3118099.098821453,53370
2,166857079126,0,2472985.768826938,7507644.430103085,102504776,2458512.1479336666,7503794.13794273,2458.5590483208066,102557,190055.0039138558,3667742.168226103,50263
3,164764896487,0,2519375.8108746377,8322756.053334104,103098808,2504182.6796677797,8316076.469014884,2504.1982972092733,103151,191703.9396690124,3191900.6897897916,51542
