SLAVE_INDEX,DURATION,FAILURES,READS_PER_SEC,READS_PER_SEC_NET,READ_COUNT,REQ_PER_SEC,REQ_PER_SEC_NET,TRANSACTIONS_PER_SEC,TRANSACTION_COUNT,WRITES_PER_SEC,WRITES_PER_SEC_NET,WRITE_COUNT
0,159810823317,0,3058341.9138589934,8489515.466126144,121228441,3035809.3271170277,8485744.88361509,3035.8386933804327,121290,192161.64282336537,4484848.070532996,60356
1,166646696663,0,2597740.938147603,8609917.755787408,107547220,2582757.4660564037,8606717.664220633,2582.7574660564037,107602,209574.05579544834,4975862.457278989,54780
