SLAVE_INDEX,DURATION,FAILURES,READS_PER_SEC,READS_PER_SEC_NET,READ_COUNT,REQ_PER_SEC,REQ_PER_SEC_NET,TRANSACTIONS_PER_SEC,TRANSACTION_COUNT,WRITES_PER_SEC,WRITES_PER_SEC_NET,WRITE_COUNT
0,137242032797,0,5013565.688621167,1.0293062620840507E7,171346582,4996501.276065255,1.0288713300452352E7,4996.544801534232,171434,641558.7065886447,5583468.330026741,85916
1,138444873293,0,4906335.264195449,9840411.195542693,168760154,4878320.994744616,9837110.862426857,4878.417117798371,168848,393214.5053549079,5890535.191405002,84479
2,128916909784,0,6174630.783433319,9633238.01854413,198570807,6164245.895526639,9630542.113234362,6164.278819130577,198670,1399309.1264311343,6147372.9814947,98076
3,136459799610,0,5078201.039545585,1.0284463897305463E7,172515047,5059378.70327494,1.0279210316950725E7,5059.423188762882,172602,596127.217899685,5059004.915757074,85404
4,138904466107,0,5083480.469620216,1.0279572620112622E7,175974065,5070026.268683882,1.0275392806100877E7,5070.10172215378,176065,807708.2444486748,5674722.499074284,88258
5,140035258029,0,5030205.118893566,1.0333129387436502E7,175503834,5015627.706092038,1.0328319803876558E7,5015.706843196976,175594,735118.1223859781,5336994.061795201,87346
