SLAVE_INDEX,DURATION,FAILURES,READS_PER_SEC,READS_PER_SEC_NET,READ_COUNT,REQ_PER_SEC,REQ_PER_SEC_NET,TRANSACTIONS_PER_SEC,TRANSACTION_COUNT,WRITES_PER_SEC,WRITES_PER_SEC_NET,WRITE_COUNT
0,140488178859,0,4741463.001272678,1.0290199422420215E7,165694292,4719998.5463938555,1.0285519954168895E7,4719.998546393856,165776,463646.58767534106,5350966.173138577,81708
1,143429957679,0,4352901.5752675915,9166141.677800035,155248728,4331799.981357506,9162287.679372227,4331.870005295497,155330,410303.171480971,5009551.238357612,78744
