SLAVE_INDEX,DURATION,FAILURES,READS_PER_SEC,READS_PER_SEC_NET,READ_COUNT,REQ_PER_SEC,REQ_PER_SEC_NET,TRANSACTIONS_PER_SEC,TRANSACTION_COUNT,WRITES_PER_SEC,WRITES_PER_SEC_NET,WRITE_COUNT
0,115505768249,0,7683180.316365343,1.1294456554817205E7,221121597,7661287.617189294,1.1290378445106138E7,7661.331168942612,221232,1131063.0283139104,6520181.698287137,109131
1,134078803413,0,5977920.915442326,1.0351889332117995E7,199180640,5945156.249229421,1.0349457785009796E7,5945.160180709291,199280,495309.2612004021,7033096.058461765,99219
