SLAVE_INDEX,DURATION,FAILURES,READS_PER_SEC,READS_PER_SEC_NET,READ_COUNT,REQ_PER_SEC,REQ_PER_SEC_NET,TRANSACTIONS_PER_SEC,TRANSACTION_COUNT,WRITES_PER_SEC,WRITES_PER_SEC_NET,WRITE_COUNT
0,140268040385,0,5125924.846463181,1.0279212032145046E7,179621919,5122508.149595833,1.0273629897326484E7,5122.5617479977445,179633,362799.9713926299,878947.1357505246,9126
1,139856870076,0,5382370.851901588,1.1349088625164479E7,187839701,5372607.005946021,1.1342772489466697E7,5372.607005946021,187849,142722.88778912916,926549.5735782019,9299
