SLAVE_INDEX,DURATION,FAILURES,READS_PER_SEC,READS_PER_SEC_NET,READ_COUNT,REQ_PER_SEC,REQ_PER_SEC_NET,TRANSACTIONS_PER_SEC,TRANSACTION_COUNT,WRITES_PER_SEC,WRITES_PER_SEC_NET,WRITE_COUNT
0,198827978014,0,1224332.2691911228,7625804.085133167,60470151,1217139.0285071454,7620679.716043542,1217.0810960363601,60501,95274.80097947213,3247313.132786204,30172
1,198074084700,0,1258052.9067099388,7945269.655871381,61843189,1249491.5948991887,7940759.861437344,1249.4920560304129,61873,82590.04390662328,3645132.7941260827,29787
2,197954797372,0,1271573.896891321,7524936.173403645,62347689,1260470.4069439904,7519284.934783014,1260.4434024432796,62381,68634.6466902921,3015593.0601827567,31352
3,198873767052,0,1226326.29294203,7803615.469055653,60311728,1213676.7336281652,7798058.688813681,1213.694506824244,60343,56522.60872100561,3231316.4198390045,30388
4,197855807225,0,1262621.832273442,8127000.324867917,61880117,1251624.4808441962,8122383.66535112,1251.6588627775263,61912,66360.66974415776,3751859.199100031,30176
5,197373284120,0,1262062.6340491776,7822500.353015907,61681486,1250657.5299720964,7817360.459793305,1250.68581798657,61713,64095.568685485145,3332175.113825569,30110
6,199304679286,0,1219659.108615364,7814073.235839932,60406949,1212955.1040449725,7809098.823968394,1212.8872886348356,60438,100382.5914364093,3419605.664950386,29958
7,199530533570,0,1209287.550313902,7603773.38145918,59769548,1198815.29769018,7599807.257109928,1198.8339241882325,59801,66743.80483414633,3759265.349178603,30516
