SLAVE_INDEX,DURATION,FAILURES,READS_PER_SEC,READS_PER_SEC_NET,READ_COUNT,REQ_PER_SEC,REQ_PER_SEC_NET,TRANSACTIONS_PER_SEC,TRANSACTION_COUNT,WRITES_PER_SEC,WRITES_PER_SEC_NET,WRITE_COUNT
0,187305113604,0,1141768.7575724432,5226931.129764517,53216480,1137031.359700432,5223477.975060316,1137.0751114763864,53245,121703.52554448688,2243430.1400096803,26467
1,187139886506,0,1125501.7639570138,4917485.247254955,52172185,1115700.6873214375,4914050.496072508,1115.7214861020257,52199,60041.24843061494,2038806.3995718507,25840
2,185888654974,0,1177323.8549104673,5290567.728029158,54445773,1172164.0787087101,5286142.797948466,1172.1855491087274,54474,120054.29745288195,1978015.391949874,27228
3,187915979304,0,1087830.0561796622,5101910.343537973,50760560,1081033.985254472,5097656.643853569,1081.0575503533548,50787,79960.90817582332,1908660.7497178735,25330
4,187091027433,0,1143245.5711920254,5094188.726863021,53141166,1136725.8971099544,5089936.611962431,1136.7940736363707,53171,91844.11509491933,1909795.77434205,26638
5,186610063185,0,1162748.3570731112,4952600.967269025,53933798,1156647.1835231108,4949570.757561421,1150.353473522926,53961,99727.17709771932,2213802.8864829317,26703
