SLAVE_INDEX,DURATION,FAILURES,READS_PER_SEC,READS_PER_SEC_NET,READ_COUNT,REQ_PER_SEC,REQ_PER_SEC_NET,TRANSACTIONS_PER_SEC,TRANSACTION_COUNT,WRITES_PER_SEC,WRITES_PER_SEC_NET,WRITE_COUNT
0,131513053850,0,5909811.349166948,1.0888706638014175E7,193197071,5879051.374488328,1.086052864676439E7,5879.051374488328,193293,512003.02954384615,1748382.0690422917,95929
1,130796564437,0,5874382.6079446385,1.058942712333523E7,190892553,5840775.308498021,1.0585559186419334E7,5840.82202945247,190990,470963.3785334326,6126044.404532101,95783
2,133382239402,0,5692234.403975366,1.0192686833941588E7,188769287,5663812.538962908,1.0189434230591657E7,5663.812538962908,188863,512202.49561351154,6202490.947447817,93713
3,125228934631,0,6481777.386830519,1.0576782697399126E7,202234641,6462892.3849333,1.057239747136811E7,6462.912419394178,202336,942843.1031356304,5767364.291710777,100641
4,130866218429,0,5776883.299408761,1.0768958444362259E7,187916176,5746662.576698608,1.0738922151480677E7,5746.662576698608,188011,505552.3643679204,1645214.2933300892,94824
5,132633309270,0,5776850.950309403,1.0800687643593594E7,190905713,5760272.470052952,1.0797143114258798E7,5760.2724700529525,191001,853422.2747535142,6514133.230934233,95287
