SLAVE_INDEX,DURATION,FAILURES,READS_PER_SEC,READS_PER_SEC_NET,READ_COUNT,REQ_PER_SEC,REQ_PER_SEC_NET,TRANSACTIONS_PER_SEC,TRANSACTION_COUNT,WRITES_PER_SEC,WRITES_PER_SEC_NET,WRITE_COUNT
0,143756320102,0,4487138.324323465,9380731.73177739,160579322,4470329.788241841,9376836.587147884,4470.37020705466,160661,526009.8874849291,5120601.322443263,80218
1,141783347524,0,4580142.73476953,9351348.347092506,161793546,4566778.703616074,9348383.354964623,4566.8254777654565,161875,659960.4398210506,5688876.041968435,79747
2,116256341301,0,7192083.687026702,9551080.74343474,208633440,7182007.472936171,9548297.120335883,7182.038974763465,208741,1898601.6091858784,6047477.923680055,105038
3,145420591935,0,4445880.938141374,9132568.040807841,161325109,4439692.174328241,9129609.821381958,4439.7286818422235,161407,1172136.584649832,5537498.573857136,80557
4,140684191700,0,4452863.787959025,9089306.249327037,155315925,4418280.238091598,9086031.916386763,4418.199485287476,155397,273574.2453073387,5336196.157903246,79621
5,142066869262,0,4569054.943177199,9019433.067799527,161647753,4553552.276899756,9016450.354289936,4553.6005528606765,161729,576324.144260512,5390633.926164472,79476
