SLAVE_INDEX,DURATION,FAILURES,READS_PER_SEC,READS_PER_SEC_NET,READ_COUNT,REQ_PER_SEC,REQ_PER_SEC_NET,TRANSACTIONS_PER_SEC,TRANSACTION_COUNT,WRITES_PER_SEC,WRITES_PER_SEC_NET,WRITE_COUNT
0,185625274351,0,2129325.8704785183,7995458.473693464,98729381,2127606.670917076,7983796.474973258,2127.61971555782,98735,125860.51113342255,268525.9067561201,5012
1,178566424838,0,2082993.9761327791,7691446.226303066,92927542,2081739.8362387659,7686067.736686295,2081.7575217992753,92933,160307.39182775377,515122.4524860783,4668
2,190054882436,0,1591905.9417852054,7635964.635150737,75586079,1590906.500925163,7625477.913321802,1590.929876977262,75591,118178.37316995277,269835.9828763276,3808
3,176634244811,0,2160758.674301892,8230698.587260251,95344459,2159246.5968764867,8222425.51229008,2159.2640577223196,95350,143899.22124967413,389382.5974790297,4764
4,177714711260,0,2152999.6849132883,8057247.362479419,95506678,2149768.7686702544,8049679.332576351,2149.7152209378464,95513,68343.508633961,401231.78841119225,4706
5,178402314634,0,2163240.426489643,8262992.312041033,96403210,2161586.282056601,8253043.79240196,2161.6310607478026,96410,131862.596833669,327029.608300611,4789
6,179558492768,0,2059427.992523162,8113445.427248455,92284798,2055917.7475218223,8104523.489575349,2055.9316691780114,92290,58106.480684692986,349610.1369363683,4575
7,179379819711,0,2053900.6937230348,8026606.951614839,92047148,2052666.841750765,8020440.8885783,2052.694349892483,92053,157770.84057838263,490289.6374851773,4604
