SLAVE_INDEX,DURATION,FAILURES,READS_PER_SEC,READS_PER_SEC_NET,READ_COUNT,REQ_PER_SEC,REQ_PER_SEC_NET,TRANSACTIONS_PER_SEC,TRANSACTION_COUNT,WRITES_PER_SEC,WRITES_PER_SEC_NET,WRITE_COUNT
0,201118279941,0,769874.3193672684,4576752.733914513,38499701,766093.2066702216,4574521.547894209,766.1361611850829,38521,70405.7589556118,2309420.604072309,19136
1,200514198765,0,781894.3062303795,4632768.5458165845,38923766,776862.7307164554,4630393.872188216,776.9025401365724,38945,55405.699394858566,2272918.2079110458,19236
2,202353383134,0,729986.9430896131,4516761.89569084,36751459,726841.9520448699,4514150.143626333,726.8669904388961,36771,75203.43766095497,2087012.1781780508,18273
3,200554171812,0,786779.9474289215,4583273.892828038,39341152,785035.2978325807,4580687.68285247,785.0646464285586,39362,142661.04913442882,2134704.3745986377,19374
4,200686037035,0,771756.5781748196,4478770.58699814,38487221,767501.2087320129,4476126.221976672,767.4964433249517,38509,64507.58256272423,2065649.5855613502,19473
5,200810569139,0,783602.9283290923,4610777.223595067,39106384,779367.8224758572,4608566.180540697,779.4011926529791,39128,67189.02149180099,2374972.553523681,19940
6,200981300025,0,772085.1728760957,4598814.727161539,38608146,768769.5919012404,4596520.268190887,768.8275973492122,38630,78788.08961256684,2278371.315916485,18932
7,199560319882,0,777088.165736487,4407285.063606585,38627826,774636.1806365467,4403793.682695312,774.6629371579087,38648,103683.51442579812,1677857.2066461318,18835
