SLAVE_INDEX,DURATION,FAILURES,READS_PER_SEC,READS_PER_SEC_NET,READ_COUNT,REQ_PER_SEC,REQ_PER_SEC_NET,TRANSACTIONS_PER_SEC,TRANSACTION_COUNT,WRITES_PER_SEC,WRITES_PER_SEC_NET,WRITE_COUNT
0,145542799915,0,4024294.131173266,9042252.808533616,146248559,4019596.6845605946,9028979.24828597,4019.6559091270065,146258,164404.4920952999,296131.6882973984,7280
1,145821761364,0,3943476.900489712,8591038.352888968,143615995,3939686.358375237,8582278.88710568,3939.5953470973145,143625,190286.11517784157,391869.0746739774,7006
2,144513216047,0,3809624.0190035272,8376846.940484046,137524048,3806733.937891767,8371524.464906202,3806.7929226983338,137533,232708.72354708935,603865.2442660693,6793
3,145314495936,0,4048449.961806685,9189748.970592428,146935085,4044813.9754678574,9181483.053646252,4044.8263296333503,146943,215897.78625269033,489376.8605145892,7441
