SLAVE_INDEX,DURATION,FAILURES,READS_PER_SEC,READS_PER_SEC_NET,READ_COUNT,REQ_PER_SEC,REQ_PER_SEC_NET,TRANSACTIONS_PER_SEC,TRANSACTION_COUNT,WRITES_PER_SEC,WRITES_PER_SEC_NET,WRITE_COUNT
0,180875312939,0,1946911.2525752955,7929543.254386013,87298010,1931555.5800465976,7925207.314340345,1931.5293680430318,87343,117678.4112197395,3831155.8089771303,44670
1,181338876822,0,1985199.1751814587,7407797.707096328,89370387,1972313.3079238809,7405248.976594658,1972.3231899482948,89416,138707.24340253227,4354235.833372464,43883
2,179966510701,0,1999226.2755468336,7353403.780095772,89766818,1996163.945173405,7350230.16940716,1996.1932248803819,89812,482639.95502676646,3902285.774549927,43847
3,181828978288,0,1951051.218981854,6997720.070014559,87846613,1933476.3870429872,6995431.509459657,1933.5087282419547,87892,101617.70508869884,4228138.591748397,43896
4,182719590593,0,1952429.6924920997,7410337.741467597,88602625,1940608.069716112,7407097.45326596,1940.6563282273175,88649,147571.05757360914,3945255.8997002705,44153
5,182169800539,0,1928704.8277897893,7299202.72226679,86834891,1907654.0182388874,7295948.265315362,1907.6948039936178,86882,85271.98501610455,3895248.496445455,44347
6,181945216607,0,1925407.905681722,7250623.9975280585,87008219,1913805.3008127466,7247846.264173067,1913.8284358054784,87053,147271.79823440197,4112069.437914793,43711
7,181866219052,0,1863683.1314822088,6950980.585050956,84234087,1853599.5621243592,6947503.395028796,1853.6259609511687,84278,158785.1100182531,3496737.291631649,42699
