SLAVE_INDEX,DURATION,FAILURES,READS_PER_SEC,READS_PER_SEC_NET,READ_COUNT,REQ_PER_SEC,REQ_PER_SEC_NET,TRANSACTIONS_PER_SEC,TRANSACTION_COUNT,WRITES_PER_SEC,WRITES_PER_SEC_NET,WRITE_COUNT
0,116322410482,0,7593886.858855022,1.0941246082459398E7,219551563,7553540.546135465,1.0918413252948964E7,7553.589837694456,219663,650642.6417220357,2113031.777265641,109948
1,133121084520,0,5821657.244795205,1.0967179435004236E7,191370882,5753154.932304784,1.0962482519475054E7,5753.101559549568,191468,234474.03431146056,5904465.308203736,95674
2,134498965631,0,5784186.676394297,1.0891268152612425E7,193486166,5757179.085855568,1.0887219825835662E7,5757.2485245924845,193586,560763.1036088304,6265315.233312413,97492
3,135692385510,0,5490305.851523821,9830206.345468955,185605802,5474115.862936604,9827367.130653135,5474.145104580784,185700,796213.8449637338,6237819.009170547,93158
