SLAVE_INDEX,DURATION,FAILURES,READS_PER_SEC,READS_PER_SEC_NET,READ_COUNT,REQ_PER_SEC,REQ_PER_SEC_NET,TRANSACTIONS_PER_SEC,TRANSACTION_COUNT,WRITES_PER_SEC,WRITES_PER_SEC_NET,WRITE_COUNT
0,172684881027,0,2298431.0687665977,8252412.031961994,99029698,2293998.2101737214,8240227.4504254,2294.0279211935785,99036,58568.022900588534,272676.05679852073,5004
1,181672448284,0,1980422.0931567873,8126153.9143595295,89886323,1979184.9528989198,8119132.789977355,1979.2100383442437,89892,147480.66183879809,446638.19549870497,4521
2,176618261514,0,2138575.7486264356,7861766.627983567,94368054,2137327.752884021,7856699.701388308,2137.355127909858,94374,168859.26345333637,566257.8977483757,4724
3,180546273184,0,2212369.821704531,8300056.442599302,99780109,2210735.967910147,8289631.139611152,2210.757058272593,99786,138525.23242311017,313498.28735809244,4926
4,181505509389,0,1910420.7872261163,8313854.820263023,86639455,1909446.9648148539,8308869.283083616,1909.4952722932367,86646,170529.92647142132,639339.7042430176,4331
5,175843038063,0,2202160.8545887894,7378929.156590949,96551273,2196416.3509369404,7371684.289646673,2196.4356037543616,96557,41563.644764178025,359355.8210335519,4858
6,179055489957,0,2055821.5725788283,8251534.474373476,91963804,2054523.388745827,8244062.032864832,2054.536064804126,91969,151374.59744012577,433212.9930039947,4619
7,174687898126,0,2216078.08785505,8821244.066952303,96709652,2214568.4970172597,8812234.187343573,2214.6002921345394,96716,154100.62401682464,418668.31567769445,4927
