SLAVE_INDEX,DURATION,FAILURES,READS_PER_SEC,READS_PER_SEC_NET,READ_COUNT,REQ_PER_SEC,REQ_PER_SEC_NET,TRANSACTIONS_PER_SEC,TRANSACTION_COUNT,WRITES_PER_SEC,WRITES_PER_SEC_NET,WRITE_COUNT
0,126983625256,0,6322489.091632461,1.000374490353556E7,199755102,6295430.3784316275,1.0000831699161878E7,6295.519003273569,199857,653608.1824120847,6300362.753845233,99041
1,159203817192,0,3622225.225127502,9598673.510820119,142976066,3594050.8342833403,9595298.687220696,3593.934010622749,143047,214506.49452508579,5604201.956583968,70587
2,161746403888,0,3495436.9512846665,9364835.477021437,140827192,3484405.4300598446,9362380.877960583,3484.4634826595543,140900,475988.4755351696,6139612.804515235,70320
3,163474505478,0,3338504.662609315,7889263.983522621,136084783,3331463.4744271617,7887533.380306574,3331.503695506685,136154,634718.301859774,5470228.570698623,67553
4,156476404319,0,3722842.8375308653,7669063.232121615,145129955,3711817.654091349,7667488.236108938,3711.869288855843,145205,539000.2711334138,5444852.72657721,73015
5,151237023710,0,4171277.8173127603,9548227.7963993,156864235,4150935.8528753608,9545513.32373234,4151.019611533071,156947,391045.83434309845,6116903.66166967,79561
6,146519144238,0,4543848.787915171,9652942.332114886,165608018,4523368.078941537,9649719.32196434,4523.195413792542,165692,447657.4919986144,5762979.871165379,81987
7,158055179307,0,3698663.600010065,9045584.67342461,144203591,3651307.1101520103,9043072.96644002,3651.3071101520104,144277,139622.08441018403,5851397.624085784,73409
