SLAVE_INDEX,DURATION,FAILURES,READS_PER_SEC,READS_PER_SEC_NET,READ_COUNT,REQ_PER_SEC,REQ_PER_SEC_NET,TRANSACTIONS_PER_SEC,TRANSACTION_COUNT,WRITES_PER_SEC,WRITES_PER_SEC_NET,WRITE_COUNT
0,120137644676,0,7127692.393455692,9525480.653624874,213747792,7117115.857447892,9521577.72860431,7117.167548947792,213760,229995.5846580264,1027304.6310542639,10592
1,117032656267,0,7391291.701180723,9731265.58326641,215927055,7380427.818620349,9728546.512755385,7380.503310040071,215940,240992.31741664335,1466954.4981195787,10713
2,111522464909,0,7996835.182837639,1.0672085599036306E7,222584737,7983891.897713471,1.0667956864808382E7,7983.931500016319,222597,238407.1269304838,1217036.1909126886,11089
3,112998178522,0,7937722.687199769,1.0450528649360407E7,223428186,7909479.56586744,1.0448015630201213E7,7909.540623811434,223441,108045.58558072486,1776912.9381654875,11010
4,120187878507,0,7170027.07754752,9313054.755407542,215143490,7160599.477175028,9310738.56421044,7160.653275840568,215156,263912.43022304674,1566697.3264147304,10825
5,111868442302,0,8079322.779007992,1.0766343723465024E7,225608428,8067318.945620693,1.0762123131518744E7,8067.363525948889,225621,260230.72203014526,1207094.6874113085,11173
6,112871731116,0,7982199.891708911,1.0697010068478962E7,224867169,7969340.446064007,1.0692405081310716E7,7969.4336053110765,224881,237836.9675393943,1103832.0772670568,11144
7,114380780586,0,7858286.768795284,1.0488890625626495E7,224327471,7845334.2196358,1.048563916329948E7,7845.372246989338,224340,234489.29088725874,1475969.0071125266,11392
