SLAVE_INDEX,DURATION,FAILURES,READS_PER_SEC,READS_PER_SEC_NET,READ_COUNT,REQ_PER_SEC,REQ_PER_SEC_NET,TRANSACTIONS_PER_SEC,TRANSACTION_COUNT,WRITES_PER_SEC,WRITES_PER_SEC_NET,WRITE_COUNT
0,151027167295,0,4154779.929159396,9485624.492272686,156157704,4137950.8282725355,9482874.58857727,4138.009445704116,156238,454485.2864013625,6001578.60188534,78044
1,132363468505,0,5738688.974287522,9385107.501253372,189308344,5723721.360258713,9382923.632857556,5723.754280570102,189404,919970.1447267418,6400974.669716097,94559
2,148776820896,0,4289537.98422339,9697290.822214901,158692794,4268729.820782687,9694261.161539767,4268.782993658823,158774,398298.1769059737,5962574.138671603,79219
3,147293963763,0,4406429.605082422,9532726.435457626,161689386,4393152.057752869,9529682.768742839,4393.200909602636,161773,631616.8178591687,5842685.049769219,81809
