SLAVE_INDEX,DURATION,FAILURES,READS_PER_SEC,READS_PER_SEC_NET,READ_COUNT,REQ_PER_SEC,REQ_PER_SEC_NET,TRANSACTIONS_PER_SEC,TRANSACTION_COUNT,WRITES_PER_SEC,WRITES_PER_SEC_NET,WRITE_COUNT
0,135999666209,0,5572437.377844661,1.0314029017705254E7,188277823,5540337.127313751,1.0310520865937812E7,5540.337127313751,188371,438317.16981242003,6110696.189117512,93177
1,118845061196,0,7120053.519630461,1.03180880003177E7,210969297,7104254.493231032,1.031477880742905E7,7104.300085737939,211078,1322645.5516976558,6321096.882925958,107093
2,135058590735,0,5493006.185726344,1.0570932014880622E7,184084877,5454760.159948,1.0567059003024671E7,5454.785243681278,184179,369672.77520332555,6129967.138546004,93178
3,135152992238,0,5626441.961022582,1.0874477553110976E7,189383856,5607837.366007662,1.087065304532854E7,5607.837366007662,189479,739639.7940443204,6394315.924665302,95144
