SLAVE_INDEX,DURATION,FAILURES,READS_PER_SEC,READS_PER_SEC_NET,READ_COUNT,REQ_PER_SEC,REQ_PER_SEC_NET,TRANSACTIONS_PER_SEC,TRANSACTION_COUNT,WRITES_PER_SEC,WRITES_PER_SEC_NET,WRITE_COUNT
0,208928616851,0,713718.8432378684,832855.0546034495,34283217,656684.8432153554,756213.2368634677,656.7176027138316,34302,4013.551591972288,4016.760450243543,16847
1,212142329150,0,681257.0655946552,790053.0471949853,33263801,627514.9543864618,718653.2424863663,627.5115464753362,33283,3996.682040823904,3998.6146844594346,16820
2,210985071682,0,699246.2608292162,815592.1286421783,33915573,643325.2311072388,740482.2562994055,643.3073015741131,33934,4108.1982205568365,4109.8085448471375,17432
3,210989433161,0,701915.2135615053,818405.7843308436,34134047,647441.8645210628,745282.5456462592,647.4596515636096,34152,4080.40218516075,4083.153211244516,16801
