SLAVE_INDEX,DURATION,FAILURES,READS_PER_SEC,READS_PER_SEC_NET,READ_COUNT,REQ_PER_SEC,REQ_PER_SEC_NET,TRANSACTIONS_PER_SEC,TRANSACTION_COUNT,WRITES_PER_SEC,WRITES_PER_SEC_NET,WRITE_COUNT
0,164470751616,0,2363998.186857862,2820508.6750351517,96929672,2358551.2450607857,2815981.4331364883,2358.5917200733643,96980,420815.60457697575,669233.5290551416,48502
1,165625002876,0,2427171.129514582,2864395.7805019077,100190537,2420869.633434439,2858965.1219582837,2420.9125892090833,100241,381093.04465141805,582433.0315344168,48598
2,165930277906,0,2657872.6405414706,3204460.014237722,109979398,2652555.697214828,3199593.2824701024,2652.566968017127,110036,533792.4595646831,797216.7200745392,55428
3,167206658656,0,2515628.6667032717,2980206.1122630774,104900301,2510691.9268309646,2976795.2516058455,2510.7334409001382,104953,496943.516381703,885076.9730236854,50801
