SLAVE_INDEX,DURATION,FAILURES,READS_PER_SEC,READS_PER_SEC_NET,READ_COUNT,REQ_PER_SEC,REQ_PER_SEC_NET,TRANSACTIONS_PER_SEC,TRANSACTION_COUNT,WRITES_PER_SEC,WRITES_PER_SEC_NET,WRITE_COUNT
0,172793438354,0,2042101.1224819536,2910746.3482982162,87948378,2036952.3481494642,2906706.3248840543,2036.9523481494643,87993,341231.38789567683,778102.1119608063,44622
1,177317552474,0,1942831.0745951517,2726028.3980646734,85812490,1936757.7276386989,2722296.406096157,1936.8158510834135,85858,266466.0017961658,726883.7064074501,42795
2,174666496030,0,2097836.515314454,2845260.446073165,91250439,2090758.1264885354,2840591.9036256177,2090.8153690862478,91299,271300.9930799706,666606.6464167413,45910
3,175850230661,0,1929965.4227087174,2654881.7748772088,84490548,1922837.6711762294,2650965.826503052,1922.8101857522124,84535,229608.831221009,671945.9485751574,42314
4,176390361115,0,1932599.4400111088,2626447.8497212958,84987816,1928220.9404756227,2622083.102008241,1928.2440164790466,85031,345828.0704542286,601905.7760641035,42081
5,173507234161,0,1947597.248988613,2588865.510949048,84177278,1941590.3759229078,2584241.067178369,1941.6299533342533,84222,274317.2657803498,571722.8056531107,42716
6,176683760347,0,1990556.0661296977,2936383.4661972728,87581487,1983767.1063352558,2930994.3412619387,1983.8129701036703,87627,251517.78450845706,622806.1067566866,43371
7,179037580500,0,1812220.213212806,2489456.284894691,80841530,1807037.2661230194,2485710.769717379,1806.8837141613599,80884,268588.6323123496,619374.4469994311,40365
