SLAVE_INDEX,DURATION,FAILURES,READS_PER_SEC,READS_PER_SEC_NET,READ_COUNT,REQ_PER_SEC,REQ_PER_SEC_NET,TRANSACTIONS_PER_SEC,TRANSACTION_COUNT,WRITES_PER_SEC,WRITES_PER_SEC_NET,WRITE_COUNT
0,166533959527,0,2756565.7206705697,3092389.173347425,114527681,2752252.0049473103,3088663.630916488,2752.274085248694,114588,674446.6664343154,916040.9136860548,58175
1,164819188831,0,2796559.504128285,3127216.9385357536,114990073,2792074.365029551,3123276.077354795,2792.122471888228,115049,657311.3118629233,879330.9886932994,56785
