SLAVE_INDEX,DURATION,FAILURES,READS_PER_SEC,READS_PER_SEC_NET,READ_COUNT,REQ_PER_SEC,REQ_PER_SEC_NET,TRANSACTIONS_PER_SEC,TRANSACTION_COUNT,WRITES_PER_SEC,WRITES_PER_SEC_NET,WRITE_COUNT
0,196983611521,0,1176230.552060834,1317471.3689500229,57822143,1174742.5799192965,1316339.8098757425,1174.7467384394945,57852,334469.0108591345,486509.11160877184,29116
1,202073977428,0,1105709.1271493754,1227470.2893134449,55790963,1104917.0944316867,1226763.9768758472,1104.9595685459865,55821,453146.77614079555,569153.4937684888,27785
2,196062133490,0,1197103.4415677397,1346865.0782783784,58575359,1195635.729486522,1346208.8985538671,1195.6805470297556,58607,346990.3050425461,682714.2490257185,29364
3,201225409753,0,1112792.1518134547,1238725.9078609366,55882174,1111416.477046909,1238129.137562809,1111.4482676743305,55913,329684.1581916022,643505.2556223857,29135
4,198994854128,0,1181102.0725616568,1316698.6889910302,58637019,1179230.8149288045,1316063.4765589666,1179.2501897212262,58667,274578.5185779033,656969.9315158299,28197
5,199159283753,0,1150156.9043753846,1274715.5720295075,57200817,1149414.0352699063,1274115.206672941,1149.4704998386399,57232,498576.80913361284,652759.245238762,28302
