SLAVE_INDEX,DURATION,FAILURES,READS_PER_SEC,READS_PER_SEC_NET,READ_COUNT,REQ_PER_SEC,REQ_PER_SEC_NET,TRANSACTIONS_PER_SEC,TRANSACTION_COUNT,WRITES_PER_SEC,WRITES_PER_SEC_NET,WRITE_COUNT
0,197538412320,0,1245563.8160971033,1343289.741748905,61428886,1244520.0561891405,1342762.1966865384,1244.556334944413,61462,470054.06520694616,757696.1801774015,31243
1,197886469510,0,1314170.1046133654,1422969.299004669,64933306,1313196.484041917,1422368.724879072,1313.2283026499545,64968,530906.9631892418,773268.0285650865,32648
2,194873413737,0,1361004.2953075133,1475513.6107677286,66210773,1359719.3938297103,1475029.4924001,1359.7737544816828,66246,465285.6476763123,884269.4209323612,32517
3,195940031798,0,1356564.4408816407,1466219.3750581704,66349816,1355185.1225264033,1465304.1730453232,1355.2084356216706,66385,453569.5145983265,659953.6666361545,33938
