SLAVE_INDEX,DURATION,FAILURES,READS_PER_SEC,READS_PER_SEC_NET,READ_COUNT,REQ_PER_SEC,REQ_PER_SEC_NET,TRANSACTIONS_PER_SEC,TRANSACTION_COUNT,WRITES_PER_SEC,WRITES_PER_SEC_NET,WRITE_COUNT
0,183167944305,0,1784109.1133405508,1924136.6161462034,81616604,1782420.9429154352,1922589.4561585397,1782.4492382641135,81622,87586.20100142126,110217.65888772377,3991
1,188483670508,0,1717193.0311014291,1838609.3337274834,80859072,1716073.5629152097,1837684.0582887519,1716.114728599272,80865,117906.74775330079,160308.96389068413,3889
