SLAVE_INDEX,DURATION,FAILURES,READS_PER_SEC,READS_PER_SEC_NET,READ_COUNT,REQ_PER_SEC,REQ_PER_SEC_NET,TRANSACTIONS_PER_SEC,TRANSACTION_COUNT,WRITES_PER_SEC,WRITES_PER_SEC_NET,WRITE_COUNT
0,190939553134,0,1595240.2989725487,1789338.1245489735,76073713,1593749.136861327,1787784.7726293472,1593.8013105072241,76080,79310.03211050018,95430.85326125076,3724
1,193112350533,0,1557766.7228606537,1749808.914971476,75125991,1556188.2146354269,1748417.8586447597,1556.2316510613352,75132,73987.1139758835,104591.23742044374,3800
2,190392103608,0,1627679.9246363854,1838245.1577897635,77391144,1626013.5905499386,1836497.1534399146,1626.0744021600203,77398,76153.95009076879,92269.31017805802,3893
3,190831804140,0,1589165.2834036832,1784952.4754545188,75742113,1587700.3173837939,1783482.0850405293,1587.7417608305193,75748,82275.68108796825,102790.49804205111,3816
