SLAVE_INDEX,DURATION,FAILURES,READS_PER_SEC,READS_PER_SEC_NET,READ_COUNT,REQ_PER_SEC,REQ_PER_SEC_NET,TRANSACTIONS_PER_SEC,TRANSACTION_COUNT,WRITES_PER_SEC,WRITES_PER_SEC_NET,WRITE_COUNT
0,173027935205,0,2365515.301176382,2860972.2040756373,102172205,2362099.897428525,2856885.8375733136,2362.139626482847,102180,79112.53440764606,96688.43802041317,5112
1,171733746358,0,2387791.653420867,2871891.130737598,102274144,2382274.6820368413,2864834.067177056,2382.2964514046294,102281,50280.71627678096,56925.29271227124,5095
2,168181583661,0,2654818.2471063635,3298715.518317377,111395246,2649538.6611306597,3291849.8078880897,2649.585689993112,111403,65962.77143283922,78392.52550554213,5656
3,168686589926,0,2611678.9333203537,3209561.591925619,109908650,2606350.4170240797,3202592.9394968776,2606.393654670301,109916,61742.084108928546,71392.8281528177,5441
