SLAVE_INDEX,DURATION,FAILURES,READS_PER_SEC,READS_PER_SEC_NET,READ_COUNT,REQ_PER_SEC,REQ_PER_SEC_NET,TRANSACTIONS_PER_SEC,TRANSACTION_COUNT,WRITES_PER_SEC,WRITES_PER_SEC_NET,WRITE_COUNT
0,174288152309,0,1963082.7965772816,2452647.1932226443,85407673,1960246.3361610712,2448937.201648478,1960.2560702792694,85413,65336.09993456678,78085.29569740754,4255
1,172718884415,0,2260368.8974215854,2906102.247366805,97448857,2256933.35919987,2901401.525133927,2256.959473612415,97455,72217.77509034367,87404.65650003469,4896
2,173331254698,0,2244503.2122737626,2881583.9414052,97087502,2240620.139031863,2876217.100438359,2240.677376140395,97095,63172.1309992819,75477.64528488339,4873
3,174047270907,0,2209916.7711823042,2833397.7550597917,95966262,2205633.0673815846,2827316.910699453,2205.696447177019,95974,55954.65038527325,64942.99721300722,4842
4,172293462095,0,2280278.588191488,2897545.1954997494,98017629,2275710.2865795773,2891131.6496874955,2275.733322155718,98024,55094.673714220065,63497.74244965721,4872
5,171044438431,0,2290370.430323077,2947372.478014449,97774629,2286645.0121836527,2942223.795060705,2286.699057126228,97782,67656.83823772508,81223.69722723629,4849
6,173291654507,0,2171565.61851917,2763330.836568336,93932517,2168303.817451416,2759001.785372293,2168.3542872032613,93940,70218.04726049314,85779.83433810367,4722
7,176931452396,0,2104438.090347312,2657354.077086119,92951397,2101513.9307611655,2653519.176004147,2101.533517849605,92957,71983.83008415686,87627.01733184358,4581
