SLAVE_INDEX,DURATION,FAILURES,READS_PER_SEC,READS_PER_SEC_NET,READ_COUNT,REQ_PER_SEC,REQ_PER_SEC_NET,TRANSACTIONS_PER_SEC,TRANSACTION_COUNT,WRITES_PER_SEC,WRITES_PER_SEC_NET,WRITE_COUNT
0,239367201321,0,17299.039080343868,33209.47544680542,1035124,17298.744260484975,33207.12306768264,17.328988184735685,1037,13560.802373606568,15476.377093776991,64
1,239368367982,0,17083.283065081916,31790.672785096805,1022218,17082.92551130855,31788.391999782514,17.111650853605404,1024,12592.600871061684,14304.291132376558,60
2,240607479673,0,18048.69956675406,31539.759597510445,1085568,18048.150481031367,31537.30705613655,18.054280903068378,1086,11775.614525638362,13354.677122948058,62
3,238465997736,0,20040.500224419142,34372.41362949734,1194667,20040.140084418228,34370.95089275423,20.07827342670109,1197,14486.431742876184,18015.524073605964,56
4,239251037935,0,19533.144438502943,31959.21511830527,1168245,19532.621635980617,31957.305063193835,19.56099551800822,1170,12452.992782471802,14081.421209679851,55
5,243223990341,0,18472.69587821217,34336.1354790812,1123176,18472.487001388647,34334.7847277013,18.485004870064092,1124,15331.892506370617,20047.679525555497,62
