SLAVE_INDEX,DURATION,FAILURES,READS_PER_SEC,READS_PER_SEC_NET,READ_COUNT,READ_NULLS_PER_SEC,READ_NULL_COUNT,REQ_PER_SEC,REQ_PER_SEC_NET,TRANSACTIONS_PER_SEC,TRANSACTION_COUNT,WRITES_PER_SEC,WRITES_PER_SEC_NET,WRITE_COUNT
0,238637242042,0,11157.35547527401,15905.321821570311,665565,,,11156.783313525788,15904.374440937974,11.130510010316543,667,6088.41341515072,8085.945714214575,41
1,238318808592,0,12783.302656264988,16502.8417593154,727477,51.375878983491546,137,12212.968070778212,15563.902433779105,12.269220486195412,731,6589.236407933036,8737.221988994765,31
2,239624706678,0,11676.315212136013,16671.12954540955,699416,,,11675.89118328953,16670.495321876082,11.7015708644831,701,7275.831942660554,10205.229597012492,42
3,238582637275,0,11851.88995373191,17076.331053026297,706847,,,11851.373730691359,17075.518102962105,11.903557797119618,710,6388.158058468415,8825.729354596477,36
4,238699058627,0,11321.588440988715,16207.324828939916,675542,,,11321.066851054315,16206.43899369547,11.344778068409157,677,6367.082185103018,8427.38470231633,40
5,238568234430,0,11903.609570934364,16950.29256362378,671359,46.98961492235395,152,11259.705242896365,15672.766171909774,11.283894706151916,673,5334.342434794901,6760.236585196747,41
6,238622261951,0,11340.58180568901,16800.96005484963,676448,,,11339.99811197691,16799.85344586778,11.398705631669023,680,6454.627929638101,8533.98438976562,46
7,238354106296,0,12982.30371185907,16770.689872587813,773539,,,12981.827953731072,16770.125326485846,13.022561764636588,776,6564.753397585291,8836.102486601118,29
