SLAVE_INDEX,DURATION,FAILURES,READS_PER_SEC,READS_PER_SEC_NET,READ_COUNT,REQ_PER_SEC,REQ_PER_SEC_NET,TRANSACTIONS_PER_SEC,TRANSACTION_COUNT,WRITES_PER_SEC,WRITES_PER_SEC_NET,WRITE_COUNT
0,165056869145,0,2930713.976543986,3135375.629015184,120790560,2927392.834378362,3132668.5356931267,2927.448292631319,120799,123203.68631001671,170798.02615815506,6014
