SLAVE_INDEX,DURATION,FAILURES,READS_PER_SEC,READS_PER_SEC_NET,READ_COUNT,REQ_PER_SEC,REQ_PER_SEC_NET,TRANSACTIONS_PER_SEC,TRANSACTION_COUNT,WRITES_PER_SEC,WRITES_PER_SEC_NET,WRITE_COUNT
0,168879373899,0,2482159.91041644,3031163.4862184897,104633526,2478424.536618195,3026680.4897940103,2478.4524707808387,104640,78788.13365670807,97848.70444056914,5170
1,169225491149,0,2460440.3801819566,3005389.082066969,103906458,2456171.733808297,3000100.391759285,2456.2217280609307,103914,69623.13588323203,83875.32886906005,5259
2,170624816910,0,2472011.6934092874,3040950.900849952,105277195,2468163.0001228643,3036247.1744642355,2468.196311218603,105284,76885.33930691084,95180.61791022356,5270
3,168094379994,0,2494766.5909404685,3077094.0889214566,104678206,2491060.0581348785,3072468.348881206,2491.0975691117587,104685,78989.52100788582,96323.23543487667,5093
4,171325854649,0,2452287.9322575554,2999379.5817121956,104849702,2448080.920765149,2994107.16234535,2448.1045415654125,104856,68616.1105117821,81956.67767963803,5187
5,169337506134,0,2514515.08589865,3091918.3812111067,106271888,2510421.050275794,3087403.9921294553,2510.4623087397176,106279,73545.22799844577,100522.9962981136,5222
