SLAVE_INDEX,DURATION,FAILURES,READS_PER_SEC,READS_PER_SEC_NET,READ_COUNT,REQ_PER_SEC,REQ_PER_SEC_NET,TRANSACTIONS_PER_SEC,TRANSACTION_COUNT,WRITES_PER_SEC,WRITES_PER_SEC_NET,WRITE_COUNT
0,171002184031,0,2225667.2286864454,2894704.907657093,94735729,2217139.238006859,2889616.6006103517,2217.1579085998583,94785,259815.58954414693,648470.4779286234,48184
1,172647025275,0,2230557.4045078754,2887622.196629857,95890961,2222803.522903039,2883159.0521482946,2222.844880246702,95942,285597.294941536,717936.4103197015,49143
2,172538839320,0,2213360.060713321,2849906.818742325,95213680,2208437.2741913493,2846357.291369242,2208.451951589607,95261,398468.7912979428,803227.1707419528,46621
3,173305821645,0,2223899.3800586415,2903741.903661034,96015201,2217220.0815452877,2897023.270091915,2217.2429680255723,96066,322510.95733047184,524262.36474325234,49086
4,171939602402,0,2290871.2059303075,2951671.3173679276,98218169,2286060.421850946,2947112.439513922,2286.078475856612,98267,430926.7215365575,707376.0440711915,47911
5,171351590506,0,2206807.589576646,2882495.1976558766,94290654,2202223.176835856,2877624.0078410218,2202.252239763661,94340,433127.24370430637,665710.0673367738,47957
6,171309528449,0,2306317.4415209997,3015755.7808959777,98417505,2299160.5870729904,3010961.7899232125,2299.181306939172,98468,320807.216875886,723952.7248667144,49524
7,173452230861,0,2234725.562361617,2902498.9021093403,96531652,2227231.2675504596,2898782.9391577463,2227.071205725862,96582,287106.63241971465,809770.4126522393,47906
