SLAVE_INDEX,DURATION,FAILURES,READS_PER_SEC,READS_PER_SEC_NET,READ_COUNT,REQ_PER_SEC,REQ_PER_SEC_NET,TRANSACTIONS_PER_SEC,TRANSACTION_COUNT,WRITES_PER_SEC,WRITES_PER_SEC_NET,WRITE_COUNT
0,239363196887,0,3577.1619584301006,3580.787629218394,213997,3577.174816913148,3580.799428670453,3.6095100842033605,216,3620.6929788554216,,64
1,239414135964,0,3576.3979483534185,3580.0091288477206,213914,3576.4304248465573,3580.0391716656795,3.608742115961171,216,3623.9955273038986,,148
2,239424483332,0,3576.2737224654993,3579.8827355359376,213966,3576.292566590489,3579.8999806669967,3.6085858139980487,216,3618.348634735977,,97
3,239371219713,0,3576.939582558144,3580.5548860550075,213920,3576.9379502957004,3580.5511996170235,3.6093894200989824,216,3574.3340753877605,3574.675767070899,134
