SLAVE_INDEX,DURATION,FAILURES,READS_PER_SEC,READS_PER_SEC_NET,READ_COUNT,REQ_PER_SEC,REQ_PER_SEC_NET,TRANSACTIONS_PER_SEC,TRANSACTION_COUNT,WRITES_PER_SEC,WRITES_PER_SEC_NET,WRITE_COUNT
0,239397307767,0,3550.8140802354883,3554.4193334969254,212365,3550.8502912127487,3554.45305373507,3.6089956858955037,216,3602.5186352950836,,151
1,239396720332,0,3551.0590781612914,3554.663605307304,212352,3551.0929256718186,3554.6946897175694,3.609003949231932,216,3591.937460494363,3592.1693130662334,178
2,239415706683,0,3550.5281181735404,3554.154645317888,212453,3550.527289028356,3554.152789535046,3.608718599480136,216,3547.593809023092,,60
3,239415272983,0,3550.795010145466,3554.4185929966584,212433,3550.817746119162,3554.4399734311623,3.608725021595455,216,3601.318721236323,3601.8891351520706,97
4,239394524904,0,3550.902208976193,3554.5118114272473,212417,3550.924986028351,3554.5329175676934,3.6090377238167344,216,3599.483670104827,,101
5,239397962757,0,3550.9670389198473,3554.62483889385,212422,3550.9909533477976,3554.647028017428,3.6089859610170554,216,3601.005858827792,,103
6,239386966819,0,3551.1261868513884,3554.7815471892077,212475,3551.1373542852725,3554.79189396487,3.6091516552783363,216,3600.2314728414703,,49
7,239361512836,0,3551.470792986874,3555.1204023810656,212466,3551.4815641328396,3555.130736872637,3.6095350633133307,216,3592.823514670621,3594.777545697085,56
