SLAVE_INDEX,DURATION,FAILURES,READS_PER_SEC,READS_PER_SEC_NET,READ_COUNT,REQ_PER_SEC,REQ_PER_SEC_NET,TRANSACTIONS_PER_SEC,TRANSACTION_COUNT,WRITES_PER_SEC,WRITES_PER_SEC_NET,WRITE_COUNT
0,208284625179,0,1217638.8073569012,1242314.4081845935,63338282,1216439.7625713241,1241074.6897562232,1216.4879726046381,63344,58358.000094546274,58790.667001254085,3143
