SLAVE_INDEX,DURATION,FAILURES,READS_PER_SEC,READS_PER_SEC_NET,READ_COUNT,REQ_PER_SEC,REQ_PER_SEC_NET,TRANSACTIONS_PER_SEC,TRANSACTION_COUNT,WRITES_PER_SEC,WRITES_PER_SEC_NET,WRITE_COUNT
0,197331072427,0,1647851.187780774,2808047.280094062,81240075,1647611.437982103,2807442.273177578,1647.6136912966692,81283,1280014.9479174053,1969751.926978571,41158
1,196695868301,0,1650830.17993227,2814728.302951034,81128122,1650633.492225466,2814104.5565781496,1650.6447084106155,81170,1329871.8061651862,1942623.3175585372,40075
2,197712194193,0,1652484.2280773476,2820112.254150675,81631472,1652338.5890963238,2819530.6646706853,1652.3445729250964,81673,1402568.3908751193,1990206.1904107358,40400
3,197982079287,0,1648333.1329435918,2809191.070438929,81534704,1648138.7869807356,2808557.159063247,1648.1407792409404,81576,1333743.0298542492,1935400.6064986074,40782
