SLAVE_INDEX,DURATION,FAILURES,READS_PER_SEC,READS_PER_SEC_NET,READ_COUNT,REQ_PER_SEC,REQ_PER_SEC_NET,TRANSACTIONS_PER_SEC,TRANSACTION_COUNT,WRITES_PER_SEC,WRITES_PER_SEC_NET,WRITE_COUNT
0,207136583485,0,1208536.0897067224,1232842.8286108316,61967911,1197236.701637297,1221088.965037908,1197.2567279244756,61999,58882.66365467502,58950.86772002813,29969
1,208134518864,0,1203444.6265675724,1227507.7424258834,61985186,1191841.4367493286,1215436.378332099,1191.8622120367675,62017,58141.9044051001,58188.460741084666,30650
2,207802367194,0,1199634.46751446,1223591.6716996275,61706294,1188369.2343574525,1211872.9199953272,1188.3778940241891,61737,58850.508528767554,58900.90401952637,30191
3,207872542943,0,1201561.4768624657,1225763.0694764783,61792733,1189656.490938346,1213372.0062357106,1189.7081829416418,61827,58208.1283021801,58245.10642646231,31497
4,207794942114,0,1199808.8732242347,1223686.6547827497,61710131,1188480.1693802213,1211903.1971406988,1188.5162476348287,61742,58030.65620014879,58078.039427210344,29911
5,207802469225,0,1210826.8439358524,1235194.4637512027,62245065,1198774.013268706,1222653.316439754,1198.8291568399604,62280,58845.342214406926,58898.08104067328,31985
6,208200516557,0,1197821.2462872046,1221609.1536148456,61722369,1186408.161155425,1209744.881094294,1186.450812168533,61755,58183.526224500994,58259.28862012425,30329
7,207882402739,0,1203783.0952066889,1227900.367100219,61908836,1191838.908611567,1215472.6043799298,1191.8837713490227,61943,58571.68552163566,58615.64817859217,31748
