SLAVE_INDEX,DURATION,FAILURES,READS_PER_SEC,READS_PER_SEC_NET,READ_COUNT,REQ_PER_SEC,REQ_PER_SEC_NET,TRANSACTIONS_PER_SEC,TRANSACTION_COUNT,WRITES_PER_SEC,WRITES_PER_SEC_NET,WRITE_COUNT
0,239391106685,0,3562.925517900048,3566.539056869156,213159,3562.9393748629345,3566.551669678893,3.6090893061660325,216,3602.7628723805196,,75
1,239410377676,0,3562.6361876226997,3566.247505485204,213142,3562.635873513779,3566.24564800025,3.608798786475922,216,3561.9003133503516,,91
2,239408816417,0,3562.4853128634904,3566.094615617564,213117,3562.5087361629735,3566.116273326366,3.6088213643436498,216,3609.7814145782,,107
3,239418397525,0,3562.411462059944,3566.0323308055085,213119,3562.4162922188953,3566.0521833769353,3.608677713319326,216,3571.9733446119494,3605.663114582148,108
4,239414091360,0,3562.4765941677215,3566.0859660763654,213118,3562.4970742323644,3566.104835119957,3.6087424528112524,216,3602.6230469146753,3603.041251784314,110
5,239380278406,0,3563.002423129858,3566.620628579599,213074,3563.033703860133,3566.6493230455267,3.6092527458019594,216,3606.2776972529873,,156
