SLAVE_INDEX,DURATION,FAILURES,READS_PER_SEC,READS_PER_SEC_NET,READ_COUNT,REQ_PER_SEC,REQ_PER_SEC_NET,TRANSACTIONS_PER_SEC,TRANSACTION_COUNT,WRITES_PER_SEC,WRITES_PER_SEC_NET,WRITE_COUNT
0,207463443243,0,1208513.167157518,1232815.8506985372,62045640,1196867.149790632,1220700.992852457,1196.893577159765,62078,58823.43441155705,58888.87635400268,30905
1,207799164865,0,1205358.0492003602,1229593.5854624968,61967689,1193449.5702189934,1217203.8742176304,1193.4777062814405,62001,58871.495423215194,58928.208660010205,31767
2,206816545443,0,1186707.8862953465,1210130.8508314237,60765994,1175830.7029019704,1198825.4736587154,1175.861807428829,60797,58796.666534252,58870.00644136305,29317
3,208032817906,0,1208651.180639901,1233136.5001872599,62200550,1196593.4149509035,1220585.2536418368,1196.617269101823,62234,58899.097560586204,58944.7267586205,32125
4,207657958880,0,1203226.8638862192,1227141.1682646417,61846025,1191888.5331191502,1215350.896508358,1191.9199931071346,61878,58831.16244116209,58892.224623940085,30260
5,206556284299,0,1204469.4045300318,1228620.2302056823,61562795,1192768.028511601,1216452.068502838,1192.816053386231,61596,58124.643944048,58201.8977242802,30638
6,206463893109,0,1195977.2035974574,1219739.9573300357,61114518,1184609.5136396443,1207920.3888344339,1184.651088024553,61147,58644.63556635228,58710.75350648702,30255
7,207637432306,0,1201168.7727031126,1225188.7366331613,61710803,1189423.1076602628,1212970.0275490542,1189.456353321177,61744,58807.151234566954,58859.1279275715,31387
