SLAVE_INDEX,DURATION,FAILURES,READS_PER_SEC,READS_PER_SEC_NET,READ_COUNT,REQ_PER_SEC,REQ_PER_SEC_NET,TRANSACTIONS_PER_SEC,TRANSACTION_COUNT,WRITES_PER_SEC,WRITES_PER_SEC_NET,WRITE_COUNT
0,207914398300,0,1200823.8481286326,1224655.143718604,61770351,1188970.43216463,1212332.1458084884,1189.0069242588118,61803,56935.96094374282,57002.58435352964,30667
1,207850962063,0,1212199.2198945475,1236454.0298612893,62334467,1200204.7501920492,1223975.1228136604,1200.2236391792671,62367,58248.747652619764,58294.20502817424,31461
2,207777511313,0,1210369.8748350265,1234526.215049756,62216271,1198361.7785512542,1222036.9253492665,1198.4148029499852,62251,58864.47955332283,58922.4894197961,31886
3,207759839746,0,1203268.018145029,1227327.4853351589,61869842,1191770.9808724816,1215370.7585983786,1191.797541032572,61902,58826.58798511345,58894.34121872057,30695
