SLAVE_INDEX,DURATION,FAILURES,READS_PER_SEC,READS_PER_SEC_NET,READ_COUNT,REQ_PER_SEC,REQ_PER_SEC_NET,TRANSACTIONS_PER_SEC,TRANSACTION_COUNT,WRITES_PER_SEC,WRITES_PER_SEC_NET,WRITE_COUNT
0,240263162397,0,1601.6425274422372,4280653.379652422,96202,1603.242029102709,4255511.282059718,16.03242029102709,963,81552.22171552588,628986.3211520719,98
1,240018538570,0,4873.50589612849,6630793.499248291,292426,4877.95654025509,6568438.993979051,48.779565402550894,2927,192392.08664665508,595174.0938528725,274
2,237959377115,0,42368.07712770512,7349238.488176646,2520267,42408.91921280738,7300075.486871979,424.08919212807376,25229,548692.9001472697,986080.7382160684,2633
3,240273304476,0,980.9396415582422,3239268.8910245607,58923,982.2148178911534,3220564.5821657935,9.822148178911535,590,187754.96270503695,594349.0527079547,77
4,240551655125,0,597.9112862249789,2809356.7589115887,35957,598.624024952861,2796275.648231553,5.98624024952861,360,187146.7197641081,571413.3843618775,43
5,240039438609,0,6041.287594805289,8327706.200864621,362528,6047.339588910261,8251117.7789141415,60.47339588910261,3629,254782.8720844441,828205.288046237,372
6,234797308823,0,138423.96060487727,1.0140805401838588E7,8124182,138541.62197626324,1.0075472397322336E7,1385.4162197626322,81323,927658.8372931194,1352867.926268698,8118
7,240436078793,0,6126.132479581195,8308007.182131387,368227,6132.191172812145,8232805.744162133,61.32191172812145,3686,259137.68634856763,828595.6580921086,373
