SLAVE_INDEX,DURATION,FAILURES,READS_PER_SEC,READS_PER_SEC_NET,READ_COUNT,REQ_PER_SEC,REQ_PER_SEC_NET,TRANSACTIONS_PER_SEC,TRANSACTION_COUNT,WRITES_PER_SEC,WRITES_PER_SEC_NET,WRITE_COUNT
0,232369525244,0,134038.2405513817,6577517.490484386,7785480,134151.84270513506,6554859.584843092,1341.5184270513507,77932,923427.9379474368,1465110.8846494192,7720
1,239781838990,0,5242.869241188312,6292907.283899317,314278,5248.103881847704,6233561.236110042,52.48103881847703,3146,205701.44351946225,610866.0164042187,322
2,239971389391,0,4434.677188209053,6233019.560698788,266043,4438.862493996752,6184771.476177679,44.38862493996752,2663,192792.84821051479,686198.4007839216,257
3,229107744768,0,216948.69854311348,7152410.594105429,12422840,217108.33062570248,7113808.2100505,2171.0833062570246,124353,815005.6138744437,1114838.8722304285,12460
4,240002133293,0,3737.703484945993,6649916.78967661,224260,3741.6334083318393,6606758.960146463,37.4163340833184,2245,213455.95191904684,935225.8667887656,240
5,239912374995,0,9128.393255198245,7881007.048532458,547484,9136.669169506922,7815620.192263758,91.36669169506922,5480,239995.22800186183,797268.5825576639,516
