SLAVE_INDEX,DURATION,FAILURES,READS_PER_SEC,READS_PER_SEC_NET,READ_COUNT,REQ_PER_SEC,REQ_PER_SEC_NET,TRANSACTIONS_PER_SEC,TRANSACTION_COUNT,WRITES_PER_SEC,WRITES_PER_SEC_NET,WRITE_COUNT
0,235338147368,0,92747.49436579757,6141179.890282497,5456061,92829.71011851584,6108083.126301075,928.2982788843701,54616,738376.944833919,967182.5366905861,5532
1,232555138372,0,158758.87785703453,7687619.409942681,9228583,158892.21050404012,7653400.267078881,1588.9221050404012,92378,998688.6590543338,1402544.872553036,9217
