SLAVE_INDEX,DURATION,FAILURES,READS_PER_SEC,READS_PER_SEC_NET,READ_COUNT,REQ_PER_SEC,REQ_PER_SEC_NET,TRANSACTIONS_PER_SEC,TRANSACTION_COUNT,WRITES_PER_SEC,WRITES_PER_SEC_NET,WRITE_COUNT
0,237531121194,0,51544.314389466286,6790337.85795463,3060565,51592.39740206958,6741222.114456257,515.9239740206958,30637,577737.374042656,836230.2978240207,3135
1,232203961531,0,160609.72373192367,7248178.607045278,9321900,160741.4436597242,7213474.7081378335,1607.414436597242,93312,903323.4800653628,1243869.304244714,9300
2,240150043644,0,3086.787627257658,5829560.092735366,185320,3089.7350204105965,5783955.586267858,30.897350204105965,1855,182419.1977963761,638815.4941149122,180
3,239913235753,0,3183.0672376309485,6006274.937218734,190911,3186.1518502754866,5963525.737836715,31.861518502754866,1911,150771.20668817882,728201.6309404782,189
