SLAVE_INDEX,DURATION,FAILURES,READS_PER_SEC,READS_PER_SEC_NET,READ_COUNT,REQ_PER_SEC,REQ_PER_SEC_NET,TRANSACTIONS_PER_SEC,TRANSACTION_COUNT,WRITES_PER_SEC,WRITES_PER_SEC_NET,WRITE_COUNT
0,239166090940,0,17359.711753154897,5982841.102791323,1037878,17375.372836789487,5929913.914219934,173.75372836789487,10389,207262.0715833915,593945.3605137918,1022
1,232593170512,0,145467.11057010957,6886756.047498254,8457201,145588.10959693653,6862827.405738056,1455.881095969365,84657,844996.128343866,1539613.5975651317,8499
