SLAVE_INDEX,DURATION,FAILURES,READS_PER_SEC,READS_PER_SEC_NET,READ_COUNT,REQ_PER_SEC,REQ_PER_SEC_NET,TRANSACTIONS_PER_SEC,TRANSACTION_COUNT,WRITES_PER_SEC,WRITES_PER_SEC_NET,WRITE_COUNT
0,239807129676,0,7647.118586192063,4260635.673325366,458432,7654.484678916982,4229795.527683905,76.54484678916982,4589,135615.9212222182,522816.2367955386,468
1,241912853072,0,865.671569942302,2156191.4058697238,52354,866.4277128657451,2150540.5690500666,8.664277128657451,524,147579.3379302158,539963.141646418,46
2,238546434700,0,31234.591641936528,5393778.644700198,1862456,31260.99960109779,5335344.5642961245,312.6099960109779,18643,214019.1292363623,446770.0391747547,1844
3,241258418430,0,1079.878705081088,2762515.035135044,65132,1080.9985479353124,2748314.6840124666,10.809985479353124,652,160639.62920593822,463962.71923091356,68
4,240860195644,0,746.5938957125853,2107929.9917419557,44956,747.3214887944642,2102654.3663411015,7.473214887944642,450,174784.02752053962,591109.8423147324,44
5,242004031657,0,1213.6061775340422,4740643.864068959,73424,1214.8557938765894,4711157.265496259,12.148557938765894,735,232355.8591128592,672145.5371968435,76
