SLAVE_INDEX,DURATION,FAILURES,READS_PER_SEC,READS_PER_SEC_NET,READ_COUNT,REQ_PER_SEC,REQ_PER_SEC_NET,TRANSACTIONS_PER_SEC,TRANSACTION_COUNT,WRITES_PER_SEC,WRITES_PER_SEC_NET,WRITE_COUNT
0,224547994935,0,389610.43934304465,390018.7889610365,21690783,386393.2609378924,386796.1643583083,386.42959458854995,21693,377.1583097775564,377.3088049967484,175
1,222104398159,0,402838.5497165423,403338.81364121794,22123665,398440.8806558072,398931.80286814785,398.479233237644,22126,334.61580927410193,334.73333931049456,203
2,221139352723,0,422647.614281893,423177.04406253865,23056577,417055.2136666706,417572.82954102725,417.09442337788573,23059,345.5726669230802,345.7049304986831,253
3,223263466707,0,423231.79198847216,423704.302947897,23326527,417923.56526673306,418386.2388101889,417.9635564165981,23329,341.1291724659414,341.25587535841044,239
4,221438326861,0,417206.70620534173,417691.2177603856,22818614,412193.143318387,412668.03847763635,412.23212186970176,22821,339.4430830331957,339.577694327678,226
5,222956367106,0,428360.22248721495,428833.84996527457,23633544,424007.14196717803,424473.05400804535,424.04706534629315,23636,403.90416962792693,404.0791329693454,229
