SLAVE_INDEX,DURATION,FAILURES,READS_PER_SEC,READS_PER_SEC_NET,READ_COUNT,REQ_PER_SEC,REQ_PER_SEC_NET,TRANSACTIONS_PER_SEC,TRANSACTION_COUNT,WRITES_PER_SEC,WRITES_PER_SEC_NET,WRITE_COUNT
0,220383565940,0,466469.88883083593,466959.03159735387,25510852,463030.87784586375,463514.7673205634,463.06533505177987,25513,607.2982267239071,607.6425360488931,247
1,222374678317,0,410281.4536982259,410703.8031959919,22653425,407486.41295762465,407904.8351669964,407.5283893344264,22656,632.7168169668329,633.1292751963625,240
2,224236518981,0,419186.0979583948,419601.4342850228,23350642,416540.32280047244,416952.1073995023,416.57796733299296,23353,694.1014918051084,694.5441160542223,246
3,223182031585,0,442810.090652341,443263.66621880775,24529512,439636.5034549428,440085.4159567273,439.6769255019598,24532,574.423147043045,574.7545061854377,230
