SLAVE_INDEX,DURATION,FAILURES,READS_PER_SEC,READS_PER_SEC_NET,READ_COUNT,REQ_PER_SEC,REQ_PER_SEC_NET,TRANSACTIONS_PER_SEC,TRANSACTION_COUNT,WRITES_PER_SEC,WRITES_PER_SEC_NET,WRITE_COUNT
0,109662472712,0,8957108.569812832,9125480.314961787,245490182,8954480.085260253,9122873.451958856,8954.529331278869,245494,291609.6186560891,304917.9844493714,2425
