SLAVE_INDEX,DURATION,FAILURES,READS_PER_SEC,READS_PER_SEC_NET,READ_COUNT,REQ_PER_SEC,REQ_PER_SEC_NET,TRANSACTIONS_PER_SEC,TRANSACTION_COUNT,WRITES_PER_SEC,WRITES_PER_SEC_NET,WRITE_COUNT
0,117716068517,0,7141078.644095538,8492042.634438984,209754353,7128198.576210694,8490160.967061449,7128.267484260457,209778,383729.852472451,2687416.3089089226,21525
1,120904130248,0,6994429.040888415,8302245.204284192,210966250,6980315.91037363,8298417.719736701,6980.403884755918,210990,328257.9934995744,1473945.8701343245,21006
2,133416731608,0,5544623.799365861,8289452.508049611,184470936,5531212.578106285,8286656.571915862,5531.268286358552,184491,216086.0333795922,1870583.9485645099,18140
3,132911703569,0,5512343.662089206,8414340.512517253,182468301,5491958.799708371,8411957.341041524,5492.0053741454485,182488,143458.94789518937,2181859.6076594735,18099
4,131243740064,0,5794049.880939862,8591096.189852493,189449558,5774531.262446727,8588578.498194065,5774.597378577793,189470,160211.7356609463,2121408.7146309814,18212
5,134119226243,0,5449343.986224602,8383120.574092599,181831883,5423551.718693015,8380615.756802717,5423.076733140856,181852,115682.65349450124,2150793.290641782,18757
6,132682344203,0,5653907.419880465,8680011.499127232,187061508,5639947.805377109,8677013.969880544,5639.517103591402,187082,221339.25530621078,1961301.5126561308,18866
7,134415884962,0,5484578.967601922,8631992.584222188,183566000,5463178.345383812,8628611.531541128,5463.221605657299,183586,137465.07154863467,1764886.1916652275,18488
