SLAVE_INDEX,DURATION,FAILURES,READS_PER_SEC,READS_PER_SEC_NET,READ_COUNT,REQ_PER_SEC,REQ_PER_SEC_NET,TRANSACTIONS_PER_SEC,TRANSACTION_COUNT,WRITES_PER_SEC,WRITES_PER_SEC_NET,WRITE_COUNT
0,173841161110,0,2525434.3440580643,8237041.294215483,108842199,2504654.232748066,8233040.9178891545,2504.654232748066,108853,29846.69865399527,1396853.9102064518,10801
1,133044115806,0,5425224.715611218,8093234.532179414,179881351,5408708.710194215,8091298.573276732,5408.732089415601,179900,170885.31947998525,2373912.474434367,17866
2,182193593301,0,2142664.975053415,8156961.8404574385,96435702,2117433.5991203184,8151804.222956625,2116.5165340678363,96447,18496.046447430053,1149221.1792838727,10007
3,178543600925,0,2321293.433931103,8336025.202682667,103184383,2311928.0100853047,8332257.336296504,2311.9504509561334,103196,57431.334344580624,1543627.0599934186,10605
4,178254379099,0,2373084.4587282906,8481321.484531917,105226171,2361497.5751378974,8477551.95872325,2361.523715824326,105238,47956.73006090454,1572437.8951626865,10650
5,181685104102,0,2146406.2804492568,8305204.3749089865,97162390,2139346.1941810413,8297810.326070479,2139.349796751436,97172,61403.5208345823,816749.6817679378,9444
6,132389746393,0,5510300.728181067,8112795.587176712,181870443,5495546.5345499655,8111487.8944339845,5495.590679549249,181890,196522.08682190187,3092177.8473108774,18060
7,167948186497,0,2911965.147709854,8003399.296072336,121789106,2900920.6837056424,7999033.061647454,2900.989383080491,121804,73369.87465481371,1222480.826768699,11986
