SLAVE_INDEX,DURATION,FAILURES,READS_PER_SEC,READS_PER_SEC_NET,READ_COUNT,REQ_PER_SEC,REQ_PER_SEC_NET,TRANSACTIONS_PER_SEC,TRANSACTION_COUNT,WRITES_PER_SEC,WRITES_PER_SEC_NET,WRITE_COUNT
0,108344813596,0,9191859.721848262,9393882.302603211,248898087,9189203.091090618,9391247.08092353,9189.251827721408,248902,313037.5899289009,329268.29110016493,2537
