SLAVE_INDEX,DURATION,FAILURES,READS_PER_SEC,READS_PER_SEC_NET,READ_COUNT,REQ_PER_SEC,REQ_PER_SEC_NET,TRANSACTIONS_PER_SEC,TRANSACTION_COUNT,WRITES_PER_SEC,WRITES_PER_SEC_NET,WRITE_COUNT
0,112848064122,0,8292168.815879865,9181389.738072926,233747142,8286203.217355003,9180283.738367036,8286.253743240335,233772,1010510.0661616712,4162307.539388526,23356
1,117293375129,0,7501641.951168443,8854373.196089704,219694508,7492892.987633929,8852354.649108268,7492.935584998868,219718,596674.7059447953,2716115.096556458,22169
2,113204052204,0,7927998.403890157,8820067.02139097,224127479,7920229.837570418,8818840.87323148,7920.315095533584,224153,752272.3179445057,3749817.890042923,23049
3,117070067955,0,7613576.424717808,9051230.664222984,222530832,7604134.750670736,9048756.159675151,7604.1963195572225,222556,592300.4536347892,2506708.329361323,23311
