SLAVE_INDEX,DURATION,FAILURES,READS_PER_SEC,READS_PER_SEC_NET,READ_COUNT,REQ_PER_SEC,REQ_PER_SEC_NET,TRANSACTIONS_PER_SEC,TRANSACTION_COUNT,WRITES_PER_SEC,WRITES_PER_SEC_NET,WRITE_COUNT
0,113118244056,0,8198636.218586241,9009254.58991309,231571506,8189473.092787663,9008358.831797162,8189.549805500539,231597,673658.0101844674,4521102.799836837,23198
1,112736152024,0,8035406.716573166,8838594.360683193,226142608,8024604.598952512,8834421.633007767,8024.682167382287,226168,567898.6721404188,1574432.3822925556,23153
