SLAVE_INDEX,DURATION,FAILURES,READS_PER_SEC,READS_PER_SEC_NET,READ_COUNT,REQ_PER_SEC,REQ_PER_SEC_NET,TRANSACTIONS_PER_SEC,TRANSACTION_COUNT,WRITES_PER_SEC,WRITES_PER_SEC_NET,WRITE_COUNT
0,157135687401,0,3646887.4063462596,8546890.320989143,143234441,3646170.449732947,8543277.265643198,3646.2241837682386,143238,176683.66969764174,197648.83343082538,1434
1,127996152890,0,5989476.9010287,8258502.309728319,191617580,5988289.731322721,8256588.422469726,5988.304113778382,191620,289869.38023615954,344240.59602443984,1932
2,152839727927,0,3977392.397893682,8501765.19836525,151937250,3976420.870693245,8497644.554834353,3976.4523924300233,151940,156551.39810897026,171960.59298592413,1521
3,156556348138,0,3690481.80213769,8363032.07535298,144402349,3689502.0794100836,8358303.592096892,3689.558476325595,144406,129456.52821458134,140312.4130360599,1394
4,123617988805,0,6013902.043579779,7971973.343905509,185815688,6012637.506766627,7970013.185955615,6012.684079283687,185819,271964.20416254364,310320.2870839868,1851
5,157808539599,0,3527227.7886751303,8292871.009137932,139107373,3526014.0256917123,8286460.259959703,3526.01948062205,139109,100750.25307418861,107094.7658231851,1408
6,155165920043,0,3684629.5810067067,8391075.150864303,142891784,3683623.980327666,8386275.405519876,3683.669119345296,142895,131350.77465758962,145388.93253469572,1442
7,159103595261,0,3548921.212356631,8475317.930998078,141115251,3547791.1801680312,8469149.029673724,3547.4794938067457,141119,102142.57470067222,108423.25140696364,1332
