SLAVE_INDEX,DURATION,FAILURES,READS_PER_SEC,READS_PER_SEC_NET,READ_COUNT,REQ_PER_SEC,REQ_PER_SEC_NET,TRANSACTIONS_PER_SEC,TRANSACTION_COUNT,WRITES_PER_SEC,WRITES_PER_SEC_NET,WRITE_COUNT
0,120445646176,0,6865869.570995263,8477591.853257,206692692,6864335.1274970705,8475458.0322363,6864.373724638423,206696,302294.379537057,333053.27173778095,2128
1,129352447851,0,5935325.525378666,8509719.486695034,191841831,5932434.126673294,8504129.766700516,5932.503764457471,191846,117474.05945814498,125532.2174563087,1888
2,128559491612,0,6182071.441477582,8593132.2835246,198627458,6180155.335382784,8589730.095650611,6180.203982757082,198631,189648.99852873635,207736.62790053198,1949
3,127665431732,0,6093654.0702216355,8595344.71488982,194409936,6091292.289932222,8591023.877718968,6091.389517016374,194415,152048.87035138067,166289.70956131563,1929
4,130927852690,0,5750536.29644187,8100110.36782242,188160651,5748584.709336532,8096567.57749327,5748.661224450228,188165,158620.32531260437,174428.45621214024,1812
5,118808265604,0,7207855.508390326,8600827.600852583,214038501,7206250.235599559,8598802.844042106,7206.299160194325,214042,293233.82526135445,331747.3610949435,2022
