SLAVE_INDEX,DURATION,FAILURES,READS_PER_SEC,READS_PER_SEC_NET,READ_COUNT,REQ_PER_SEC,REQ_PER_SEC_NET,TRANSACTIONS_PER_SEC,TRANSACTION_COUNT,WRITES_PER_SEC,WRITES_PER_SEC_NET,WRITE_COUNT
0,115459895726,0,7567039.248919246,8779319.00671169,218279600,7562166.781027013,8773155.19091752,7562.243137476136,218284,113777.9839124184,121211.48137508244,2147
1,113910031368,0,8071934.936665688,8780387.897273283,229800001,8069607.750614908,8777900.165441375,8069.665268068985,229804,272675.6198103957,301641.00125284516,2317
2,115702916036,0,7285511.968474704,8394005.450964972,210624057,7281617.446338706,8389249.891380241,7281.715541819074,210629,129336.2544100026,140738.5254121,2036
3,117574063687,0,7536716.3104171585,8792712.599788146,221405367,7532529.473147086,8787326.507203715,7532.442907352181,221410,129881.26036100971,137630.03722627833,2158
4,111467048875,0,8144333.262887942,8938936.826684712,226889435,8142020.383241262,8936415.586784877,8142.099674729885,226894,281913.9714081777,311468.27607666556,2311
5,116040049232,0,7568902.384468784,8876119.799256966,219464868,7565217.093667977,8871733.256785853,7565.317786021324,219470,150776.7012319768,174256.43104866284,2173
6,118149126891,0,7419195.115295654,8766243.483377209,219049750,7416115.946488176,8762339.39513313,7416.179698327508,219054,171801.35715103627,189463.87523223824,2156
7,117376556213,0,7572335.134567069,8767139.929948311,222055864,7567371.821576958,8760991.189297592,7567.403830123421,222059,110005.26021892892,119137.49668480632,2147
