SLAVE_INDEX,DURATION,FAILURES,READS_PER_SEC,READS_PER_SEC_NET,READ_COUNT,REQ_PER_SEC,REQ_PER_SEC_NET,TRANSACTIONS_PER_SEC,TRANSACTION_COUNT,WRITES_PER_SEC,WRITES_PER_SEC_NET,WRITE_COUNT
0,109297903885,0,8998315.747344062,9310418.812313655,245801241,8995736.432736255,9307822.492304932,8995.815307717323,245806,313369.925402739,332966.67282495706,2543
