SLAVE_INDEX,DURATION,FAILURES,READS_PER_SEC,READS_PER_SEC_NET,READ_COUNT,REQ_PER_SEC,REQ_PER_SEC_NET,TRANSACTIONS_PER_SEC,TRANSACTION_COUNT,WRITES_PER_SEC,WRITES_PER_SEC_NET,WRITE_COUNT
0,118696123824,0,7433938.653647594,1.1623426906024305E7,219608096,7401407.490801028,1.162220137425012E7,7401.485607712403,219632,161955.24082279703,5595635.617643105,21499
1,120331480233,0,7372092.529811383,1.1943627328080516E7,220535444,7331626.855181461,1.1942376019064253E7,7331.647483875717,220557,124632.69441415094,5676819.896150045,20934
