SLAVE_INDEX,DURATION,FAILURES,READS_PER_SEC,READS_PER_SEC_NET,READ_COUNT,REQ_PER_SEC,REQ_PER_SEC_NET,TRANSACTIONS_PER_SEC,TRANSACTION_COUNT,WRITES_PER_SEC,WRITES_PER_SEC_NET,WRITE_COUNT
0,107875338911,0,9163911.074919108,1.2173958034455819E7,246842086,9153793.016721714,1.2172436466283876E7,9153.897226369541,246870,770382.2491687343,5453967.382901393,25045
1,108844105362,0,8963277.748339172,1.22145919664612E7,243442381,8947351.046352569,1.2212955826818278E7,8865.715749981146,243470,474483.4730584067,5205542.536088148,24224
