SLAVE_INDEX,DURATION,FAILURES,READS_PER_SEC,READS_PER_SEC_NET,READ_COUNT,REQ_PER_SEC,REQ_PER_SEC_NET,TRANSACTIONS_PER_SEC,TRANSACTION_COUNT,WRITES_PER_SEC,WRITES_PER_SEC_NET,WRITE_COUNT
0,103918439566,0,9236640.942140702,1.1671383348168137E7,239740124,9228963.252386872,1.166939653617982E7,9229.044196244642,239767,1019265.2292833858,4404341.554631455,24741
1,104888915747,0,9455883.617177475,1.0698655995998846E7,247661558,9445619.538958166,1.0697294443398045E7,9445.68557287323,247687,763480.2157254688,4584689.928343857,23640
2,104821639792,0,9106176.170086838,1.1150727026000943E7,238422971,9099162.595553989,1.1149163908975542E7,9099.22479456037,238449,1063947.7561614208,4695264.493141226,24315
3,104748419756,0,9428066.90304462,1.1101935399568006E7,246613781,9418309.605988018,1.1100308429888032E7,9418.37464236162,246640,824326.8028642705,4482653.475972205,24481
4,103986201957,0,9133585.321787668,1.1449725425591514E7,237183348,9124569.896228699,1.1447930650466656E7,9124.632356903969,237209,848226.8244928059,4490234.035717609,23994
5,107511741695,0,8999760.662629027,1.1291062604515806E7,241412395,8982694.473871717,1.1289016850658039E7,8982.756893225218,241438,445464.8322816375,3987475.517514628,23887
6,107675297739,0,8970876.596438792,1.1266847744834378E7,240424587,8932370.861247571,1.1265286254133733E7,8932.48237859089,240452,205789.8291078716,4754891.832365444,24336
7,104695675533,0,9441682.520730592,1.14812989180032E7,246651120,9424510.983636484,1.1479560321383407E7,9424.534117136693,246677,502522.2450896319,4632082.127883123,25266
