SLAVE_INDEX,DURATION,FAILURES,READS_PER_SEC,READS_PER_SEC_NET,READ_COUNT,REQ_PER_SEC,REQ_PER_SEC_NET,TRANSACTIONS_PER_SEC,TRANSACTION_COUNT,WRITES_PER_SEC,WRITES_PER_SEC_NET,WRITE_COUNT
0,108648967217,0,8926976.13689901,1.0717872851025537E7,242146471,8915702.494118445,1.071678549479447E7,8915.75663802733,242172,648706.9031791227,5295455.394323131,23996
1,102652463430,0,9493068.861329973,1.157133385323691E7,243331403,9482719.921902219,1.1569631214037912E7,9482.788667868132,243358,808857.7856869873,4727303.824869799,24737
2,108255365575,0,9039821.710947445,1.0780909982665738E7,243988858,9016192.76620322,1.0779645096168382E7,9016.27239747534,244015,326374.4515283848,4910764.18988254,23953
3,106045138151,0,9321978.526279125,1.1565207858916694E7,246195594,9287381.705303691,1.1562911815907896E7,9287.440695259369,246222,245658.66344716103,3894714.8366671125,24825
4,112446810080,0,8491397.58049085,1.0447646068570737E7,238079380,8469881.531742958,1.0446298783048805E7,8469.922462160646,238104,316402.03660597885,4519312.435165193,23410
5,102297345645,0,9785023.92088101,1.1393272834095512E7,249895239,9772340.559736328,1.1391759653656995E7,9772.410234029652,249923,723174.4256289932,4991701.869323508,25886
