SLAVE_INDEX,DURATION,FAILURES,READS_PER_SEC,READS_PER_SEC_NET,READ_COUNT,REQ_PER_SEC,REQ_PER_SEC_NET,TRANSACTIONS_PER_SEC,TRANSACTION_COUNT,WRITES_PER_SEC,WRITES_PER_SEC_NET,WRITE_COUNT
0,120153465173,0,7278257.842132263,1.0242947832347853E7,218052842,7259885.43687891,1.0241310764350362E7,7259.947374708603,218077,282138.2774009823,3991356.0670795664,22256
1,116778406710,0,7226562.866967154,1.0114408659511592E7,209880779,7189745.533050696,1.011362958816984E7,7189.8549057236805,209905,138339.6198297599,5711885.373476994,20978
2,115212231575,0,7618705.828578029,1.0914227886886172E7,218932373,7601744.919157036,1.0913225576249782E7,7601.7946492448955,218955,315809.14360078773,5591638.850958712,21126
3,119005032321,0,7568578.540451177,1.0881144673014099E7,224333574,7541046.680944752,1.0879533529771164E7,7541.089807065293,224357,198419.32759012765,4340908.137982297,22052
