SLAVE_INDEX,DURATION,FAILURES,READS_PER_SEC,READS_PER_SEC_NET,READ_COUNT,REQ_PER_SEC,REQ_PER_SEC_NET,TRANSACTIONS_PER_SEC,TRANSACTION_COUNT,WRITES_PER_SEC,WRITES_PER_SEC_NET,WRITE_COUNT
0,125616315420,0,6508225.323847794,1.08068602598045E7,204347353,6507096.671853648,1.0806047805068273E7,6507.114862493965,204350,351568.0298902305,1257938.0536982308,2024
1,125478848884,0,6495580.333627378,1.086627469282687E7,203697760,6493518.543139077,1.0862770620535323E7,6493.5545303037925,203701,199367.4658287522,328441.629864325,2048
2,124749856763,0,6645375.811913509,1.1037340675828528E7,207180575,6643136.5734906085,1.1033184240086734E7,6643.2120800313905,207185,185824.0484899946,276970.6169882389,2009
3,124938015073,0,6504002.519676383,1.1053167165338261E7,203112055,6502876.642671888,1.1052374217148261E7,6502.931416036546,203116,361564.33166121476,1374809.86362982,2070
4,122457759503,0,6661417.242873149,1.092079438658247E7,203861757,6659073.131090748,1.0916619690165691E7,6659.11090535371,203865,183864.28017991802,278078.0411620345,2037
5,126900921687,0,6341614.566159896,1.096335369326773E7,201154487,6340585.815322944,1.09625052307802E7,6340.598771899259,201157,376333.0040800328,1280560.2373296681,2059
6,126634129506,0,6514817.008182443,1.1061589971800134E7,206218264,6513892.291263523,1.1060792451344391E7,6513.914423301579,206221,417782.280033256,1314922.4525139125,2006
7,127623492849,0,6445961.156226438,1.1009986330703836E7,205593766,6443827.430526587,1.1006261834906057E7,6443.8904675846625,205598,199562.85641610756,333760.41879183176,2175
