SLAVE_INDEX,DURATION,FAILURES,READS_PER_SEC,READS_PER_SEC_NET,READ_COUNT,REQ_PER_SEC,REQ_PER_SEC_NET,TRANSACTIONS_PER_SEC,TRANSACTION_COUNT,WRITES_PER_SEC,WRITES_PER_SEC_NET,WRITE_COUNT
0,99550070911,0,1.024529378072405E7,1.2251509339222912E7,254639089,1.0232613866349755E7,1.2250041596491503E7,10232.678199299959,254666,759586.2082740746,5550030.355503384,25270
1,103543037199,0,9596080.482253985,1.136383215569197E7,247784978,9573217.657261971,1.1362459121575277E7,9573.291481374245,247812,389380.36384382576,5173905.655907782,25030
2,102615762214,0,9540465.167923788,1.1222989747053407E7,244069109,9514866.24407485,1.1222025875090452E7,9514.987872098469,244097,345878.5998806555,6070853.574938757,24704
3,104574004559,0,9755577.23843374,1.1419979105984509E7,254709486,9743697.970609147,1.1418590118413381E7,9743.758666265887,254736,723921.0639298594,5087325.5587426135,24893
