SLAVE_INDEX,DURATION,FAILURES,READS_PER_SEC,READS_PER_SEC_NET,READ_COUNT,REQ_PER_SEC,REQ_PER_SEC_NET,TRANSACTIONS_PER_SEC,TRANSACTION_COUNT,WRITES_PER_SEC,WRITES_PER_SEC_NET,WRITE_COUNT
0,121199143177,0,6973057.556405536,1.043168855547671E7,211188384,6970032.574952318,1.0426734979780432E7,6970.081068565315,211192,156913.0167564882,214859.10588674236,2110
1,121605064482,0,7184275.382769315,1.0908977630017279E7,218322988,7181449.553273056,1.0904737816662958E7,7181.508459346327,218327,177078.77203579535,272045.1151298436,2171
2,119543228119,0,7274656.472926511,1.101894142124857E7,217092343,7264133.700116983,1.1013507390753081E7,7264.181738421284,217096,49510.65921702408,217315.72722993794,2155
3,118854909291,0,7018520.180505675,1.0507708204169264E7,208468251,7015960.69505514,1.0503802016949946E7,7016.014269742971,208472,187893.78432631725,276092.79859050136,2092
4,119727500701,0,7223314.685149489,1.0942373928657956E7,216114916,7220295.478804559,1.0937256537874304E7,7220.36075925355,216119,161520.9222633676,219197.1298007565,2067
5,120829081754,0,7150327.8355140835,1.1179798624151764E7,215921539,7148073.124965279,1.1176356151433133E7,7148.144236948574,215926,227578.08862103205,364113.9888195539,2239
