SLAVE_INDEX,DURATION,FAILURES,READS_PER_SEC,READS_PER_SEC_NET,READ_COUNT,REQ_PER_SEC,REQ_PER_SEC_NET,TRANSACTIONS_PER_SEC,TRANSACTION_COUNT,WRITES_PER_SEC,WRITES_PER_SEC_NET,WRITE_COUNT
0,125093883812,0,6354782.317863839,1.0475626249372149E7,197749389,6323868.0892575625,1.0473245290246006E7,6323.920609924568,197771,128266.34657571031,3215850.0912652477,19916
1,129452590455,0,6045156.466905907,9962817.653437426,194647506,6015089.487689155,9960896.11131999,6015.14267630458,194669,120095.0967083379,3430699.410947015,19723
2,128495318925,0,6049050.484554405,1.0319603521946577E7,193451088,6022661.669501748,1.0317058087726908E7,6022.69327344426,193472,138540.14686813884,3033142.076450598,19870
3,125959193760,0,6464996.357164645,1.0637523924617304E7,203365037,6458767.730365949,1.0634872897889324E7,6458.819888939691,203387,605195.6315343911,3036862.6811335785,20257
4,125518631998,0,6350960.261193289,1.0664592362778978E7,199072333,6344646.139966609,1.0662198501765432E7,6344.681714166399,199094,595304.5797900007,3352344.620961601,20493
5,126792270366,0,6220632.422511634,1.0241761223313672E7,196682332,6205511.09092678,1.0240603361681625E7,6205.581360672852,196705,253682.8462919071,4897107.689327805,20378
