SLAVE_INDEX,DURATION,FAILURES,READS_PER_SEC,READS_PER_SEC_NET,READ_COUNT,REQ_PER_SEC,REQ_PER_SEC_NET,TRANSACTIONS_PER_SEC,TRANSACTION_COUNT,WRITES_PER_SEC,WRITES_PER_SEC_NET,WRITE_COUNT
0,116907699161,0,7724192.630388799,1.0979290051276464E7,225696337,7722282.745097159,1.0977084799571931E7,7722.36370053377,225701,298004.9863285224,516868.72618856153,2240
1,117120935400,0,7792127.519785406,1.109803054874832E7,228117196,7790903.896759691,1.1097531505353464E7,7790.954015097306,228121,468509.21064170025,2026783.2509178887,2292
2,117347229902,0,7833041.8182965005,1.1196162851350088E7,229763977,7832013.084310019,1.1195796471104199E7,7832.069492560773,229768,550872.0904805599,2607701.915570082,2283
3,114094538135,0,7831953.468218153,1.1495840711155582E7,223303266,7828789.796608085,1.1491090434409097E7,7828.873906252279,223308,192428.55846374115,276260.5527155695,2273
