SLAVE_INDEX,DURATION,FAILURES,READS_PER_SEC,READS_PER_SEC_NET,READ_COUNT,REQ_PER_SEC,REQ_PER_SEC_NET,TRANSACTIONS_PER_SEC,TRANSACTION_COUNT,WRITES_PER_SEC,WRITES_PER_SEC_NET,WRITE_COUNT
0,106078834609,0,9161210.062143778,1.1076184790813137E7,242521441,9145846.592074905,1.107550332206833E7,9145.94955250731,242548,504526.4522548581,6801589.004260087,23746
1,107935966696,0,8981759.085776687,1.0923315363704767E7,242016328,8969782.044263463,1.0922228319007015E7,8969.834736915267,242042,625597.0332904186,5473726.407336549,24196
2,104885002587,0,9882359.299334334,1.1726660638839215E7,258688739,9866597.26819958,1.1725585120487252E7,9866.72727627622,258718,580250.5847069524,6106176.6803902285,25781
3,101494130207,0,1.0137577877385015E7,1.2635864232499858E7,256923620,1.0126662398148354E7,1.2634045189213505E7,10126.730124009791,256951,857066.9113240083,5165135.196070879,25578
