SLAVE_INDEX,DURATION,FAILURES,READS_PER_SEC,READS_PER_SEC_NET,READ_COUNT,REQ_PER_SEC,REQ_PER_SEC_NET,TRANSACTIONS_PER_SEC,TRANSACTION_COUNT,WRITES_PER_SEC,WRITES_PER_SEC_NET,WRITE_COUNT
0,146650987072,0,4404451.8537388425,9948351.469379362,160199934,4369993.743617699,9946853.11274479,4369.9943873764905,160216,55220.51076776034,3971977.746524179,16040
1,145154381325,0,4535900.713511949,1.0503878348302437E7,164011035,4520067.434485343,1.050230837282571E7,4520.070108675739,164027,121865.31430559163,4126052.825597082,15863
2,145637693991,0,4464547.446020311,1.0013674421434887E7,161786297,4443965.667569522,1.0011398202597182E7,4444.014068190949,161804,92936.82018775697,3026014.5891094436,15931
3,147074876990,0,4452949.632398055,9965117.933417132,162325387,4415199.259654332,9962843.679589575,4415.2445821754145,162343,50227.27536807226,2983325.1716577704,15835
4,147837386059,0,4279338.1399271395,1.0013210724535251E7,157145047,4252277.132045041,1.0011224320750972E7,4252.320706508034,157163,68777.12576949816,3442419.4918022077,16337
5,149404712398,0,4230325.256898341,9673571.788302382,157096742,4206363.868402405,9671820.849407818,4206.373283569045,157113,73860.82435379189,3469204.889716029,15904
6,145902621261,0,4398474.148532744,9849320.171586003,159656730,4377503.066634229,9847687.19492452,4374.521330049317,159675,87704.95867059502,3646135.1242964137,15563
7,144113722902,0,4555683.255698503,1.0210437549002133E7,162784970,4518674.966455693,1.0207670453644061E7,4518.736037354311,162803,53345.26149318391,2691546.863825286,15798
