SLAVE_INDEX,DURATION,FAILURES,READS_PER_SEC,READS_PER_SEC_NET,READ_COUNT,REQ_PER_SEC,REQ_PER_SEC_NET,TRANSACTIONS_PER_SEC,TRANSACTION_COUNT,WRITES_PER_SEC,WRITES_PER_SEC_NET,WRITE_COUNT
0,102910084614,0,9374873.235878835,1.062633091150927E7,240877474,9363573.99388349,1.06251919375428E7,9363.666112408764,240904,716989.433027963,5126866.738839764,24074
1,108822551448,0,8560575.420868658,1.0778758350227283E7,231968261,8527321.769729143,1.0777367750716595E7,8527.457962955978,231995,211944.08701443992,4679627.518601886,22967
2,108141468813,0,8828058.904353619,1.126529767912503E7,237911730,8800888.118560383,1.1263749277101245E7,8800.915672816835,237936,273802.4732164466,4711272.031926923,23512
3,109612273590,0,8941124.562584043,1.1037226679678848E7,244452593,8921531.284514979,1.1035740458245896E7,8921.591214995344,244479,393826.28936699824,4735221.239378459,24739
4,109860818700,0,8835602.672435652,1.1176676725640845E7,242406321,8826840.574054452,1.1175195139860805E7,8826.913017581244,242433,821302.1370398497,4852543.86918949,24662
5,104159531475,0,9286065.248031069,1.176677913717081E7,241223912,9264596.396841655,1.1765217986644857E7,9264.667411504783,241251,398903.49309891433,5170558.313870075,25093
