SLAVE_INDEX,DURATION,FAILURES,READS_PER_SEC,READS_PER_SEC_NET,READ_COUNT,REQ_PER_SEC,REQ_PER_SEC_NET,TRANSACTIONS_PER_SEC,TRANSACTION_COUNT,WRITES_PER_SEC,WRITES_PER_SEC_NET,WRITE_COUNT
0,163927703381,0,3693684.9929655553,1.0252373655430371E7,151360659,3693388.5091577168,1.0251770768786497E7,3693.4086417409,151363,409494.12811773864,1491155.6751760966,1515
1,136603625558,0,5220358.579526863,1.0555453621194571E7,178228890,5218915.069697787,1.055139161531236E7,5218.9531259414825,178232,182911.71799141372,268368.8347320247,1790
2,148388576315,0,4472625.291539641,1.0788908552387588E7,165879371,4471530.197792773,1.0784561440935485E7,4471.530197792774,165881,172431.7787004836,256596.00589178453,1629
3,133163149633,0,5733341.92302229,1.0831385645863213E7,190838760,5732537.70359023,1.083055023928214E7,5732.62919570938,190844,386255.8041974662,1257802.9388949382,1934
4,153014008449,0,4418296.27817435,9505921.242757984,168971247,4417190.339963394,9502543.36468309,4417.190339963395,168973,175793.17897395248,269563.5910775681,1753
5,128623357960,0,6225276.132815468,1.0614760899174763E7,200113402,6223298.012861178,1.06109411424121E7,6223.317500269741,200116,187010.48877279682,282551.2180557113,1970
6,144805062631,0,4859387.214635248,1.0540316868070409E7,175872286,4858227.9322145395,1.0536606311636312E7,4858.22793221454,175874,190675.49017312034,283837.13527849264,1714
7,151641365518,0,4563662.861010251,1.0704120317593707E7,172968299,4562606.73752554,1.0700155980525125E7,4562.632152829524,172971,183780.46089350068,273445.3219425995,1680
