SLAVE_INDEX,DURATION,FAILURES,READS_PER_SEC,READS_PER_SEC_NET,READ_COUNT,REQ_PER_SEC,REQ_PER_SEC_NET,TRANSACTIONS_PER_SEC,TRANSACTION_COUNT,WRITES_PER_SEC,WRITES_PER_SEC_NET,WRITE_COUNT
0,143222232700,0,4693389.6663352605,1.0706611705604423E7,166803228,4659048.860086651,1.07031796421709E7,4659.080599438568,166821,62581.85634405868,2537639.0885298853,16617
1,142149538040,0,4806422.7661075145,1.062729545921206E7,169446003,4768578.507861608,1.0624630842545118E7,4768.639332167323,169465,59317.376077320405,3011378.908699937,16805
2,143527707711,0,4703046.080671145,1.0788148465980535E7,167868414,4678821.2444121195,1.0784226629071984E7,4678.845162014327,167886,88694.87083488933,2317955.2604668345,16708
3,145462402454,0,4574802.378163751,1.075266252879455E7,165335082,4546951.575402171,1.0749285873887844E7,4546.988742583708,165354,77891.4284596667,2714745.973831554,17543
