SLAVE_INDEX,DURATION,FAILURES,READS_PER_SEC,READS_PER_SEC_NET,READ_COUNT,REQ_PER_SEC,REQ_PER_SEC_NET,TRANSACTIONS_PER_SEC,TRANSACTION_COUNT,WRITES_PER_SEC,WRITES_PER_SEC_NET,WRITE_COUNT
0,111631319083,0,8593463.840721443,1.1973669318117458E7,239753479,8590989.982721139,1.1970612388196684E7,8591.029613470064,239757,289507.819267016,452916.91571295226,2407
1,110949556889,0,8655532.77310438,1.2069034404374812E7,240050074,8654473.248240609,1.2068682594287353E7,8654.526938979085,240054,658265.0118063871,3100345.985282649,2419
