SLAVE_INDEX,DURATION,FAILURES,READS_PER_SEC,READS_PER_SEC_NET,READ_COUNT,REQ_PER_SEC,REQ_PER_SEC_NET,TRANSACTIONS_PER_SEC,TRANSACTION_COUNT,WRITES_PER_SEC,WRITES_PER_SEC_NET,WRITE_COUNT
0,145261132579,0,3921800.403000089,8396253.640889902,141779242,3904499.36559282,8394863.213145796,3904.4993655928197,141793,84037.26171136863,3101678.7233023252,13758
1,147120925850,0,3790420.886827698,8660425.577711131,139088060,3781977.2869516644,8658073.993906308,3781.9772869516646,139102,162831.63274878793,2334187.597434855,13940
2,150279725830,0,3537077.66575839,8108779.170488183,132648677,3531075.2735886863,8106941.6597960815,3531.094822071167,132663,200887.89371869093,2522656.231240949,13579
3,147565690999,0,3554822.0454231906,8344068.619523365,130287861,3532013.440736248,8341132.741046873,3532.0404454273703,130302,54658.73181752614,1858234.130288092,13140
4,148037940836,0,3674129.5890170014,8377813.800164137,135191120,3653252.6522990037,8375065.765044415,3653.252652299004,135205,64838.29426923618,1996512.073270267,13880
5,147028606641,0,3785681.378496394,8643866.424239697,138763777,3775534.3581226803,8642611.622161817,3775.5912512190725,138780,138014.08311371508,3560396.268168835,14112
