SLAVE_INDEX,DURATION,FAILURES,READS_PER_SEC,READS_PER_SEC_NET,READ_COUNT,REQ_PER_SEC,REQ_PER_SEC_NET,TRANSACTIONS_PER_SEC,TRANSACTION_COUNT,WRITES_PER_SEC,WRITES_PER_SEC_NET,WRITE_COUNT
0,108623509835,0,9455134.087949643,1.1882622359105773E7,256681178,9452232.298142625,1.1879781811825117E7,9452.279842357633,256685,288942.0515897658,462212.30644917814,2484
1,105462521278,0,9863847.822463103,1.2493690982102208E7,259975039,9860475.507301668,1.2490186278403252E7,9860.557825808013,259980,281604.94124527904,432043.65079365077,2613
