SLAVE_INDEX,DURATION,FAILURES,READS_PER_SEC,READS_PER_SEC_NET,READ_COUNT,REQ_PER_SEC,REQ_PER_SEC_NET,TRANSACTIONS_PER_SEC,TRANSACTION_COUNT,WRITES_PER_SEC,WRITES_PER_SEC_NET,WRITE_COUNT
0,154328391119,0,3392170.322246717,8210688.4078096915,129735498,3362912.3211672273,8209868.461418551,3362.9584785067655,129750,37780.28912233943,4066265.0241160635,12714
1,154055463949,0,3416761.309352638,8244288.75086956,130955242,3400543.9506736854,8243168.888903754,3400.5930597841866,130970,68887.83193640612,3457578.5153410207,12852
2,155189687066,0,3187294.802291897,7980693.217114642,123512430,3183845.662307871,7978588.126224475,3183.922709777321,123528,273745.85241721635,2221701.4357875846,12573
3,154519239612,0,3342773.644258968,8370345.404141562,128492283,3326580.3617123226,8368007.8492164565,3326.6530380883723,128508,67459.97093189436,2210760.987206705,12884
4,158661429865,0,3124633.2688613753,7747893.265040862,123570385,3115641.0755948154,7746279.121002153,3115.7159606676496,123586,106875.81589235387,2549808.3884194656,12632
5,155192977938,0,3374894.7874541692,8244986.390641141,130491036,3363649.3025383293,8242939.807333562,3363.7085789102593,130506,95107.4644062081,2315351.9620466745,12652
6,152827493376,0,3336252.355195787,7981349.390877016,126834963,3320027.494998362,7979133.999221427,3320.0828904784785,126850,68047.49149205686,2140529.395026806,12907
7,152697162905,0,3486737.4234230127,8458582.530159855,132929384,3482521.5209194133,8456423.461473359,3482.5790938620216,132945,268088.90245988267,2394786.814398484,13405
