SLAVE_INDEX,DURATION,FAILURES,READS_PER_SEC,READS_PER_SEC_NET,READ_COUNT,REQ_PER_SEC,REQ_PER_SEC_NET,TRANSACTIONS_PER_SEC,TRANSACTION_COUNT,WRITES_PER_SEC,WRITES_PER_SEC_NET,WRITE_COUNT
0,125273161422,0,6650788.5598256355,1.0629044612322439E7,208222615,6648661.776757311,1.0625314058782052E7,6648.670215039466,208225,203747.04857155413,297477.7595628589,2105
1,128395277504,0,6111708.819468718,1.0495231326066721E7,196110728,6109653.713514201,1.0491047802936481E7,6109.724949399548,196115,174865.88234563547,254435.40792802005,1943
2,125908407667,0,6415062.319582064,1.0608591273572544E7,201848743,6412624.215972963,1.0603832224883785E7,6412.689366090454,201853,169516.8018372594,238443.98074613506,2083
3,123319711900,0,6678718.574281604,1.0786570372108564E7,205830488,6676387.702459431,1.078238321499082E7,6676.401184797534,205833,186472.07017222262,271520.4097116694,2064
4,129797069991,0,6120658.973650311,1.0871553268947251E7,198536997,6118443.197947889,1.0866584838168724E7,6118.443197947889,198539,165888.12916183905,234704.77437905033,2003
5,127025130824,0,6404396.865486948,1.0285381789565556E7,203314891,6402418.12564496,1.0282187960139742E7,6402.418125644961,203317,207969.4709888751,332376.96812002134,2109
