SLAVE_INDEX,DURATION,FAILURES,READS_PER_SEC,READS_PER_SEC_NET,READ_COUNT,REQ_PER_SEC,REQ_PER_SEC_NET,TRANSACTIONS_PER_SEC,TRANSACTION_COUNT,WRITES_PER_SEC,WRITES_PER_SEC_NET,WRITE_COUNT
0,167946097307,0,2940089.2685569343,1.0306255388022346E7,122754966,2923984.3251750995,1.0301794338757351E7,2924.033218260496,122770,55345.02728012196,2021639.3955854536,12973
1,181155635046,0,2264299.6106045134,9962445.928185623,101763165,2247199.1881269873,9958852.207331318,2247.216657528087,101774,28961.34010557163,2137812.527114814,10034
2,171548556334,0,2755230.9525373923,9050593.733629264,117226417,2733638.860166008,9047988.237840878,2733.662986495677,117239,33892.45682326586,2304545.037190337,11533
3,171971126604,0,2709666.837824896,8785468.655828442,115796339,2693657.9712400706,8783824.11636636,2693.6843489080015,115809,44568.94552854532,3046542.7562821377,11510
4,169445047318,0,2881639.3635914004,1.073679241497217E7,121190077,2861154.0772280763,1.0732869899452051E7,2861.1752099728656,121203,39369.406234701135,2291667.5007802537,12020
5,163629994722,0,3197878.3162417924,1.0388945552193122E7,130003752,3178296.0384712247,1.038498711960878E7,3178.3165931547246,130017,48704.242000508595,2077719.0002866108,12389
