SLAVE_INDEX,DURATION,FAILURES,READS_PER_SEC,READS_PER_SEC_NET,READ_COUNT,REQ_PER_SEC,REQ_PER_SEC_NET,TRANSACTIONS_PER_SEC,TRANSACTION_COUNT,WRITES_PER_SEC,WRITES_PER_SEC_NET,WRITE_COUNT
0,103627082166,0,1.0055576337535396E7,1.1270425061277008E7,260430348,1.0052694240017805E7,1.1268533359628726E7,9956.504712076596,260434,325147.61718109983,608453.0714717144,2495
1,103349341431,0,9981763.148826359,1.1379064062517777E7,257825945,9978915.914897678,1.1377411014708446E7,9978.929645390954,257829,347319.5934514148,752316.8956204987,2652
2,100456146791,0,1.0337493252049446E7,1.1691194464707594E7,259536347,1.0334415574986096E7,1.1689434541623482E7,10334.456551207933,259540,329529.2344708944,714893.213001871,2545
3,101778220922,0,1.0277748045097431E7,1.163772692483455E7,261428530,1.0274539823224206E7,1.163566928875252E7,10274.611972545887,261433,313223.24541273207,611970.6564124615,2566
4,100489269008,0,1.040855595837721E7,1.1849817246782526E7,261403890,1.0405345947105628E7,1.1847616290646935E7,10405.446401735675,261409,314428.68420733116,582815.8532176417,2512
5,101955961169,0,9682437.047723433,1.0876367307071583E7,246710293,9679188.903571974,1.0874087724635415E7,9679.275405047556,246715,279282.7827332142,493646.0387264213,2459
