SLAVE_INDEX,DURATION,FAILURES,READS_PER_SEC,READS_PER_SEC_NET,READ_COUNT,REQ_PER_SEC,REQ_PER_SEC_NET,TRANSACTIONS_PER_SEC,TRANSACTION_COUNT,WRITES_PER_SEC,WRITES_PER_SEC_NET,WRITE_COUNT
0,112243213057,0,8273759.507441818,1.1367902045632895E7,232096305,8271277.903711979,1.136486552669445E7,8271.359284486478,232101,275321.84198697144,423051.711850425,2397
1,110160867561,0,8450385.652133707,1.158887343043304E7,232653624,8447860.193953905,1.158583935926542E7,8447.899444364137,232657,267994.8213941866,417677.474881137,2278
