SLAVE_INDEX,DURATION,FAILURES,READS_PER_SEC,READS_PER_SEC_NET,READ_COUNT,REQ_PER_SEC,REQ_PER_SEC_NET,TRANSACTIONS_PER_SEC,TRANSACTION_COUNT,WRITES_PER_SEC,WRITES_PER_SEC_NET,WRITE_COUNT
0,211539672489,0,737505.3262277995,870312.8649799862,38283293,723966.3283867645,851518.9642468803,724.0151309150758,38290,3696.6694453349905,3699.1241313205446,3607
1,211267560901,0,738147.5913181128,871057.4328622872,38195277,723239.6083353313,850366.7396577804,723.2826220481999,38202,3721.5959533428804,3723.3640074776217,3990
2,211276673015,0,746844.6552160014,884444.3365483354,38578711,730474.8119970768,861575.0345303976,730.521480997134,38586,3747.963359310319,3750.20133200074,4361
3,211104937981,0,769407.9318122593,914235.7916758453,39868019,755484.5354415831,894642.1458519249,755.5354870033179,39875,3761.4208034180924,3763.9499619710073,3610
