SLAVE_INDEX,DURATION,FAILURES,READS_PER_SEC,READS_PER_SEC_NET,READ_COUNT,REQ_PER_SEC,REQ_PER_SEC_NET,TRANSACTIONS_PER_SEC,TRANSACTION_COUNT,WRITES_PER_SEC,WRITES_PER_SEC_NET,WRITE_COUNT
0,209456887001,0,852859.9792581529,1007026.4078507214,43923323,838894.1252581545,987600.1229330916,838.9234194435384,43930,5463.440677559621,5465.233886693799,4715
1,210259157528,0,831347.6274040234,976109.2531781341,43093898,819902.4576470242,960358.1002055351,819.9024576470241,43098,5630.021244745171,5631.769318159609,4102
