SLAVE_INDEX,DURATION,FAILURES,READS_PER_SEC,READS_PER_SEC_NET,READ_COUNT,REQ_PER_SEC,REQ_PER_SEC_NET,TRANSACTIONS_PER_SEC,TRANSACTION_COUNT,WRITES_PER_SEC,WRITES_PER_SEC_NET,WRITE_COUNT
0,157902082170,0,2804102.8728702166,3146833.036690526,110642352,2802838.6067988477,3145487.0937458593,2802.8981553252484,110646,63748.8770849445,75321.62039966391,1161
1,164408023666,0,2732446.76836446,3039455.554149915,112244591,2730905.4022334237,3037756.7715426343,2730.920837855845,112247,46592.00372261207,52299.92426623569,1099
2,166711784096,0,2724304.245057453,3018407.234036619,113478621,2722777.4356887294,3016734.9530045264,2722.826839400509,113482,48359.72486470447,54189.774285924854,1150
3,166740083056,0,2684834.70302716,2975589.0985857784,111874329,2683829.1297342437,2974553.8080739616,2683.8871248498685,111878,71327.33546715749,84927.43325726365,1144
4,163520739520,0,2892226.868748345,3218160.3202868234,118185158,2891041.034841817,3216911.5266710594,2891.080158670411,118188,66109.89580899697,77624.38310562802,1134
5,164443411355,0,2814436.632839002,3133632.2378999423,115644326,2813014.8613943537,3132082.726065208,2813.048278192776,115647,52636.9947186643,59850.53350048323,1114
6,166817839624,0,2732342.266844546,3031458.864715599,113902930,2731219.8085464877,3030288.7923133285,2731.2350563045106,113905,63678.71358280928,75083.56197157402,1117
7,163277243937,0,2846098.2893775427,3150012.0360538,116106704,2844434.758950239,3148178.636974908,2844.4586960328434,116109,47924.54229306346,53263.09809939474,1163
