SLAVE_INDEX,DURATION,FAILURES,READS_PER_SEC,READS_PER_SEC_NET,READ_COUNT,REQ_PER_SEC,REQ_PER_SEC_NET,TRANSACTIONS_PER_SEC,TRANSACTION_COUNT,WRITES_PER_SEC,WRITES_PER_SEC_NET,WRITE_COUNT
0,150173181730,0,2792881.9206376616,3091357.640502892,104728350,2789815.2198256683,3089000.1998992027,2789.355284193872,104741,233560.68154971924,359139.70164384687,10507
1,161113364846,0,3002771.6372354897,3319658.502299678,120806742,2999586.1638290295,3317733.669904294,2999.6226773653466,120820,249224.84083628314,471819.17953496805,11613
2,161807666217,0,2844862.637094006,3135159.213000415,114917647,2841129.7854297883,3132776.1230497668,2841.196200754215,114932,201294.9605229779,364401.09077879123,11498
3,163740048725,0,2842417.8882623906,3123437.822240433,116265023,2840521.885889649,3121737.7971112356,2840.5461596840523,116278,374429.62681815395,489748.84441888507,11775
4,162995142410,0,2864966.0088968114,3150249.4247055026,116594150,2861564.0509504187,3148397.036543589,2861.577443874505,116606,212573.0999858527,439050.78090575663,11110
5,162716541007,0,2692638.3915355415,2956463.547522161,109455639,2690975.4920439413,2954962.5684829997,2691.0084854355046,109468,374168.37762072094,485197.6494869425,10917
