SLAVE_INDEX,DURATION,FAILURES,READS_PER_SEC,READS_PER_SEC_NET,READ_COUNT,REQ_PER_SEC,REQ_PER_SEC_NET,TRANSACTIONS_PER_SEC,TRANSACTION_COUNT,WRITES_PER_SEC,WRITES_PER_SEC_NET,WRITE_COUNT
0,152918702118,0,3014548.2730117585,3215717.679453899,115149099,3012341.57509749,3213806.396292724,3012.393632963776,115163,368320.433884106,470637.8987280392,11742
1,159987012394,0,3122726.1984363315,3331749.8065306847,124795769,3120457.920487568,3329821.5844615186,3120.498126564559,124810,375914.8856156113,488454.8881706905,12416
