SLAVE_INDEX,DURATION,FAILURES,READS_PER_SEC,READS_PER_SEC_NET,READ_COUNT,REQ_PER_SEC,REQ_PER_SEC_NET,TRANSACTIONS_PER_SEC,TRANSACTION_COUNT,WRITES_PER_SEC,WRITES_PER_SEC_NET,WRITE_COUNT
0,140171368267,0,3011808.1922331764,3242809.5493799723,105497266,3010551.7354741283,3241564.1063984125,3010.6254459434053,105501,68388.17347873542,79828.42896364244,1023
1,168608307618,0,2779674.18631274,2980879.7744317306,117103656,2778150.2027839185,2979307.186953553,2778.1956889436433,117107,48677.4056605042,54213.13405974119,1145
