SLAVE_INDEX,DURATION,FAILURES,READS_PER_SEC,READS_PER_SEC_NET,READ_COUNT,REQ_PER_SEC,REQ_PER_SEC_NET,TRANSACTIONS_PER_SEC,TRANSACTION_COUNT,WRITES_PER_SEC,WRITES_PER_SEC_NET,WRITE_COUNT
0,164645733405,0,2699463.5887018456,3005675.684998238,110904865,2694658.420990864,3003088.5658359663,2694.6766421568013,110917,143910.68792622988,313778.4975382347,11138
1,164597389715,0,2732379.643373718,3044592.536227715,112321777,2729870.6059556175,3042605.235456544,2729.9044454974573,112334,254778.68261699125,384870.8386225735,10617
2,165695496074,0,2736608.963375507,3058772.388303655,113217568,2733435.6499208994,3057168.210754693,2733.4932611937206,113232,227629.3470458097,511335.135011491,11926
3,165036166903,0,2756194.812358543,3088037.615220928,113619495,2754087.401140057,3086066.816721113,2754.0775943695517,113632,322250.1029460593,422815.1099436357,11512
4,155331994439,0,2745525.4484160007,3066966.728033097,106357834,2739126.5111650047,3064089.6082758503,2739.1587680307803,106370,112956.10766093255,295820.72076821275,10662
5,165103825858,0,2736012.488427484,3062933.6142332894,112681582,2730233.134559178,3058102.8103632093,2730.277811478988,112695,124808.84028393486,184370.96155415114,11402
6,161756665342,0,2715675.217158943,3030168.9174508387,109700202,2712994.0832555867,3028380.6845072783,2713.0336565225134,109713,250490.9493006728,440410.7372793348,11017
7,166910574366,0,2662322.454770398,2964661.6566970665,110942104,2658983.4807398845,2962207.398138773,2659.0239710778474,110955,194992.1608892344,317121.03064824565,11011
