SLAVE_INDEX,DURATION,FAILURES,READS_PER_SEC,READS_PER_SEC_NET,READ_COUNT,REQ_PER_SEC,REQ_PER_SEC_NET,TRANSACTIONS_PER_SEC,TRANSACTION_COUNT,WRITES_PER_SEC,WRITES_PER_SEC_NET,WRITE_COUNT
0,198554636667,0,1642443.4815728397,2794355.0963266944,81515101,1642333.2613828455,2794032.6624722066,1642.332352217175,81524,981271.5799309297,1294520.4638655817,8120
1,197733693094,0,1643347.1538569734,2793357.064273704,81224539,1643281.764051873,2793107.69174211,1643.2877051752498,81235,1190737.729513507,1507603.812744934,8504
2,197731762725,0,1644533.738168647,2799599.0239186776,81285704,1644533.6829988551,2799515.517727378,1644.5461727103175,81296,1644002.0101590042,2174304.3231833135,8432
3,196743155200,0,1647428.1049264388,2804469.1395263877,81017752,1647348.4105230004,2804204.5219216687,1647.3321932301337,81027,1122366.7404652825,1466374.4534784437,8379
4,197958190358,0,1651792.4539596892,2818301.5585565316,81733523,1651689.416884925,2817980.8728345474,1651.6972438677997,81743,1000783.9410371142,1288867.010430303,7839
5,197266642520,0,1648144.580800209,2809219.8924858384,81269842,1648080.992543067,2808985.968908812,1648.079089146153,81279,1184390.913774079,1522513.4379537753,8009
