SLAVE_INDEX,DURATION,FAILURES,READS_PER_SEC,READS_PER_SEC_NET,READ_COUNT,REQ_PER_SEC,REQ_PER_SEC_NET,TRANSACTIONS_PER_SEC,TRANSACTION_COUNT,WRITES_PER_SEC,WRITES_PER_SEC_NET,WRITE_COUNT
0,198460249511,0,1643851.8900657943,2797883.342327372,81548794,1643800.31166855,2797794.3502848097,1643.822352691929,81560,1262118.7208297732,2141341.713442873,8461
1,197130029426,0,1636420.0391350612,2773065.5906005474,80630183,1636243.7368837406,2772773.38620537,1636.2468928704811,80640,785009.6762903192,1345637.0686982074,8011
2,198004013521,0,1653638.8819613212,2822688.273891046,81846724,1653600.8446378002,2822451.2105253395,1653.629660522301,81858,1344131.0933011412,1533409.4849824745,8177
3,198383919509,0,1642309.0914227753,2792176.8466100274,81439650,1642216.9539059845,2791964.9122166787,1642.2248834448892,81449,1031103.6102302625,1549493.9346578468,7709
