SLAVE_INDEX,DURATION,FAILURES,READS_PER_SEC,READS_PER_SEC_NET,READ_COUNT,REQ_PER_SEC,REQ_PER_SEC_NET,TRANSACTIONS_PER_SEC,TRANSACTION_COUNT,WRITES_PER_SEC,WRITES_PER_SEC_NET,WRITE_COUNT
0,208682065649,0,1209437.2342510389,1233846.0704998588,63083761,1209195.6786762294,1233596.0107758485,1209.2254577922329,63086,55140.628180446976,55473.62624160538,602
1,208435329606,0,1202834.7377309122,1227023.609678307,62665148,1202593.6892455895,1226774.2201923335,1202.6352205263986,62668,55273.32155021842,55630.660778919824,605
