SLAVE_INDEX,DURATION,FAILURES,READS_PER_SEC,READS_PER_SEC_NET,READ_COUNT,REQ_PER_SEC,REQ_PER_SEC_NET,TRANSACTIONS_PER_SEC,TRANSACTION_COUNT,WRITES_PER_SEC,WRITES_PER_SEC_NET,WRITE_COUNT
0,207205679220,0,1195136.9863527426,1219042.0169420415,61778984,1192736.1688653235,1216543.7046550578,1192.7649244786849,61787,58866.607438405255,58910.18853059271,6443
1,207141919164,0,1198690.386896351,1222543.7341732034,61944458,1196296.0708296201,1220053.5183138147,1196.3186229715106,61952,58030.76157037469,58090.98768009225,6308
2,207274166717,0,1210030.3611184007,1234358.0913457852,62575021,1207698.8655406286,1231931.5280034214,1207.7320749592845,62583,58820.79424847549,58866.329801320964,6173
3,207820758706,0,1209801.5040813254,1233945.2422550283,62718226,1207287.0562220514,1231329.7063230444,1207.327166479762,62727,58197.85566509989,58256.20322400303,6602
4,207282362667,0,1204743.7629378943,1228754.4959758276,62304564,1202429.6751210284,1226346.9163430096,1202.4739624507044,62313,57880.004164261634,57924.64029660976,6052
5,207512846645,0,1212653.8385276445,1236919.6579156078,62788495,1210419.5767199846,1234596.3754680292,1210.4486291544229,62796,58812.22704806674,58897.38835292481,5908
