SLAVE_INDEX,DURATION,FAILURES,READS_PER_SEC,READS_PER_SEC_NET,READ_COUNT,REQ_PER_SEC,REQ_PER_SEC_NET,TRANSACTIONS_PER_SEC,TRANSACTION_COUNT,WRITES_PER_SEC,WRITES_PER_SEC_NET,WRITE_COUNT
0,223808561875,0,249033.16870336255,4902531.6086554,12660961,227412.2114614477,4875603.7099774955,2274.122114614477,127242,12371.47113012432,2322077.136719052,63239
1,237105689630,0,42493.185699794085,5071698.190584223,2277523,38614.00379842079,4966293.902795336,386.1400379842079,22889,2003.3272017800946,962376.8754802579,11377
2,239983745497,0,2598.8601112086158,4168485.0698260074,154612,2588.508645506433,4115962.3220621515,25.88508645506433,1553,1365.8923549139201,1074229.5759759797,688
3,240674046769,0,2161.9894754628986,3278157.498163887,122458,2044.258641947479,3235297.8890667646,20.44258641947479,1230,153.66457911457658,818240.1119569865,542
4,240494347943,0,2023.1893900107073,2694123.6660318924,118098,1974.2667720096824,2675076.9101514006,19.742667720096822,1187,343.726050043493,1120726.126276234,602
5,240208977065,0,1779.4589990014051,4210276.742061213,99550,1666.8819162893012,4084973.404925519,16.668819162893012,1001,133.87614845737627,639596.6122311804,550
6,240591829928,0,1987.2365809810515,4603814.33922754,108212,1807.2101622491468,4508169.351351675,18.072101622491466,1087,85.69746198793455,804052.8878968209,488
7,240419339779,0,2977.9290984107233,4655046.990832056,156754,2620.4214709977705,4520599.435216398,26.204214709977705,1575,99.91640768320401,639507.0480791858,746
