SLAVE_INDEX,DURATION,FAILURES,READS_PER_SEC,READS_PER_SEC_NET,READ_COUNT,REQ_PER_SEC,REQ_PER_SEC_NET,TRANSACTIONS_PER_SEC,TRANSACTION_COUNT,WRITES_PER_SEC,WRITES_PER_SEC_NET,WRITE_COUNT
0,226293149334,0,210657.70374753006,5114439.536974572,10717156,190392.43621294486,5089055.589556781,1903.9373959301238,107712,9470.835463100875,2563017.7294626273,53970
1,206095666438,0,545771.0481698836,5143377.850548033,25789813,503075.1096903372,5130230.854019284,5030.751096903372,259204,30582.349010466427,3409225.834458455,130587
2,224583274155,0,236094.39032131425,4927810.854812276,12025347,215262.6377983709,4915847.284378722,2152.6268641613005,120861,11657.29269053391,3320236.072337259,60750
3,223258994532,0,256312.04162941768,5098161.088059724,13032130,234685.49659032916,5083186.959037419,2346.870686208724,130990,13437.113604528231,3231173.122757278,66782
