SLAVE_INDEX,DURATION,FAILURES,READS_PER_SEC,READS_PER_SEC_NET,READ_COUNT,REQ_PER_SEC,REQ_PER_SEC_NET,TRANSACTIONS_PER_SEC,TRANSACTION_COUNT,WRITES_PER_SEC,WRITES_PER_SEC_NET,WRITE_COUNT
0,232533217864,0,113658.36431850918,5056592.5868358705,5977412,103324.59259241036,4953089.267714312,1033.2459259241036,60066,5266.442885398873,954013.403123482,29188
1,228083040301,0,185572.172575832,5210749.103273355,9792284,172607.6430235457,5188751.002495446,1726.0905943812545,98423,11741.958855397019,2838681.7010965664,49935
2,219588102808,0,324599.0913082052,4983341.762738691,16354096,299407.8420427281,4967192.233746559,2994.078420427281,164366,18275.010029264267,3024390.2036686,82504
3,228296266480,0,178332.23835455687,5152291.896129157,9302628,163801.90783048148,5128648.804642952,1638.0293754401434,93489,9413.018622559162,2665991.279901523,46213
