SLAVE_INDEX,DURATION,FAILURES,READS_PER_SEC,READS_PER_SEC_NET,READ_COUNT,REQ_PER_SEC,REQ_PER_SEC_NET,TRANSACTIONS_PER_SEC,TRANSACTION_COUNT,WRITES_PER_SEC,WRITES_PER_SEC_NET,WRITE_COUNT
0,239244746287,0,16813.514258256717,4886051.8784358995,920018,15455.302811808991,4745983.856841905,154.5530281180899,9244,860.5271610941318,676188.3929993978,4382
1,239884037823,0,15654.008197030565,5356548.302108538,883044,14795.482151333472,5190026.331721135,147.9548215133347,8873,1195.1966882545462,696637.3783518871,4256
2,236132568511,0,61415.790005852745,4892314.539836157,3274824,55748.34544429549,4828854.942882333,557.4834544429549,32910,2832.4489678423715,1331719.342618349,16176
3,239956380633,0,11691.43165056783,5351493.272927946,641412,10746.953230404537,5213353.320819439,107.46953230404537,6447,641.2632540665489,863769.9156530516,3288
4,238877203926,0,17236.524583690913,5262965.172174965,967835,16292.889970386936,5095726.382002466,162.92889970386935,9730,1447.1595432740442,732734.8551756297,5165
5,240947996748,0,12548.687504360507,5174509.646361165,702694,11723.691577126372,5013727.9111167565,117.23691577126371,7062,826.9669304731372,693690.3853642013,3506
6,240820653208,0,22617.50422487593,5053523.938529142,1226051,20458.37819293953,4932125.49209284,204.5837819293953,12317,941.9545786843375,793735.2663154644,5649
7,236949308416,0,47660.99546760672,5126777.959516961,2607492,44247.43870361109,5097745.66040908,442.47438703611095,26211,3005.1751502803763,2444856.871309044,13608
