SLAVE_INDEX,DURATION,FAILURES,READS_PER_SEC,READS_PER_SEC_NET,READ_COUNT,REQ_PER_SEC,REQ_PER_SEC_NET,TRANSACTIONS_PER_SEC,TRANSACTION_COUNT,WRITES_PER_SEC,WRITES_PER_SEC_NET,WRITE_COUNT
0,236000432931,0,57911.806309072956,5129896.507369663,3127949,53274.47854163869,5055000.19164718,532.7447854163869,31432,3057.6465850018794,1265514.3966265342,15251
1,233279602582,0,99745.77498133865,5047520.925178523,5353341,92270.3903888632,5019696.642433664,922.703903888632,53812,5991.120367258388,2437613.9076902587,27859
2,236808487725,0,51378.07552617797,5219028.798148739,2720888,46187.53366940788,5131549.612643259,461.8753366940788,27344,2164.0083093077606,1172858.3546334535,13512
3,240552614217,0,35379.38502266449,5251198.846923672,1980142,33092.13672822116,5138995.712169658,330.9213672822115,19901,2388.3843074865767,979071.9920494399,9958
4,237619576667,0,36653.78843327458,5218877.067048064,1970637,33347.42074347136,5058422.6688291365,333.47420743471366,19810,1836.9665536701132,738833.7484683531,10363
5,237346375389,0,47765.29506093417,4818148.069953111,2572786,43568.39232557015,4748938.235289013,435.68392325570153,25852,2268.0136860956486,1194099.0786252057,12414
6,238046337491,0,30793.761674858222,5138558.341684163,1649907,27858.99615133012,5077322.357184678,278.6011862899131,16580,1352.926966644706,1471784.7710069036,8026
7,227767270754,0,189351.55061010053,4845340.73728207,9732316,171784.4704837289,4835743.786305733,1717.8586147282372,97818,8911.760716848716,3478506.3228791268,49404
