SLAVE_INDEX,DURATION,FAILURES,READS_PER_SEC,READS_PER_SEC_NET,READ_COUNT,REQ_PER_SEC,REQ_PER_SEC_NET,TRANSACTIONS_PER_SEC,TRANSACTION_COUNT,WRITES_PER_SEC,WRITES_PER_SEC_NET,WRITE_COUNT
0,236034845983,0,57627.719244359076,5057829.541603528,3069234,52275.332265510835,4978069.232351397,522.7533226551084,30847,2690.1931793681574,1205490.2575170689,15466
1,240081198078,0,2592.4369128089606,3637499.9249674836,142710,2390.857778931581,3587870.8737273784,23.90857778931581,1435,158.8991066968183,1035556.6231547184,790
2,239810680583,0,2872.2827071882707,5002206.615958269,156383,2618.732403716461,4893241.241702041,26.187324037164608,1570,112.03669529855146,750362.2595754798,617
3,223794317435,0,250024.77687077862,5107763.82868385,12879151,231346.160141164,5079545.191468941,2313.153317104223,129435,14500.074882712286,2412027.9282827144,64338
4,240228157930,0,2307.278994206274,3461991.4684833675,130825,2189.585119964459,3397999.5033752667,21.89585119964459,1315,201.12925226952083,741516.2304171056,675
5,239719121906,0,3799.1476794657074,4000615.0408021454,199341,3344.0970149821637,3942926.7108391873,33.45581970202181,2005,143.43444551178945,1069581.258937126,1070
