SLAVE_INDEX,DURATION,FAILURES,READS_PER_SEC,READS_PER_SEC_NET,READ_COUNT,REQ_PER_SEC,REQ_PER_SEC_NET,TRANSACTIONS_PER_SEC,TRANSACTION_COUNT,WRITES_PER_SEC,WRITES_PER_SEC_NET,WRITE_COUNT
0,234749926880,0,83637.87207766308,5179208.856609264,4457866,76334.88213676926,5141869.617488741,763.3655031635036,44800,4089.9269611443465,2091495.1786864721,22036
1,235106245142,0,77227.99064067364,5085137.228715611,4099595,70111.28092341484,5055828.916275318,701.1128092341485,41209,3742.8107998913147,2397217.1352698263,21305
2,236882783486,0,50368.426291222284,5328904.083811531,2725085,46237.21419858831,5271900.07797852,462.3721419858831,27382,2562.6969116819246,1635868.5668478543,13115
3,237861714215,0,33993.725539418636,5251286.590813803,1762118,29788.73680190256,5199556.99181503,297.8873680190256,17714,1216.6951526162065,1811623.81520227,9282
