SLAVE_INDEX,DURATION,FAILURES,READS_PER_SEC,READS_PER_SEC_NET,READ_COUNT,REQ_PER_SEC,REQ_PER_SEC_NET,TRANSACTIONS_PER_SEC,TRANSACTION_COUNT,WRITES_PER_SEC,WRITES_PER_SEC_NET,WRITE_COUNT
0,224761871115,0,224357.74218772748,5377654.050302922,11500197,205705.70876028988,5310257.94930476,2057.0570876028987,115587,11861.524458379368,1533164.2990626139,58503
1,225412619243,0,222423.6791537695,5028163.614115531,11368338,202774.8053924422,4996206.9483951945,2027.748053924422,114270,11190.833121094422,2238781.2133389297,58662
2,225229241068,0,229764.01107226044,5239789.343602853,11720228,209209.06973075392,5208035.310342351,2092.0906973075394,117800,11283.14508194806,2379953.964542341,59772
3,224819187618,0,231738.76733845947,5182509.58060846,11697396,209172.53771018828,5152577.827055416,2091.7253771018827,117565,10318.16607141049,2404322.4758468387,59104
4,224286870227,0,230663.13239814737,5321948.550717244,11676536,209291.48439447585,5285207.119258231,2092.926699976966,117354,10788.200602183322,2229084.4626136734,58797
5,225056363960,0,230266.9200497611,5011667.659744856,11727996,209494.1870134353,4986195.117909123,2094.941870134353,117870,11066.19925518423,2480375.490780223,59004
