SLAVE_INDEX,DURATION,FAILURES,READS_PER_SEC,READS_PER_SEC_NET,READ_COUNT,REQ_PER_SEC,REQ_PER_SEC_NET,TRANSACTIONS_PER_SEC,TRANSACTION_COUNT,WRITES_PER_SEC,WRITES_PER_SEC_NET,WRITE_COUNT
0,198018617023,0,705133.1303985986,5964745.672254246,31665549,642874.9069852047,5934872.830751257,6428.749069852047,318253,34747.64933404848,2978273.0098475865,159751
1,200821998271,0,701861.0468873503,6026559.400237267,31892321,638432.0697127259,5976655.212375368,6384.340269939111,320529,33672.911908230584,2259065.0881374287,160480
