SLAVE_INDEX,DURATION,FAILURES,READS_PER_SEC,READS_PER_SEC_NET,READ_COUNT,REQ_PER_SEC,REQ_PER_SEC_NET,TRANSACTIONS_PER_SEC,TRANSACTION_COUNT,WRITES_PER_SEC,WRITES_PER_SEC_NET,WRITE_COUNT
0,227086400590,0,228295.82333960338,5659025.348816959,11716798,207424.15167803862,5643626.894152164,2074.2588696627918,117759,10828.771538243669,3663874.320597386,59003
1,227903311253,0,227714.2624737819,5527693.218716806,11826299,208611.74740555318,5504264.035640424,2086.0464779007502,118859,11808.747401706722,2988109.5797127597,59528
2,227091831975,0,234098.6640934299,6103365.581357117,12050045,213293.57193847615,6060924.201121493,2132.951995330787,121094,11184.16229246296,2510796.4363273336,59262
3,227914582468,0,234344.60590180574,5830795.413522657,12071559,212909.58864737453,5796389.337806493,2129.0958864737454,121313,10928.270893497702,2643934.4041737528,59741
4,227352396498,0,228773.044666703,6274939.830044058,11686324,206646.63633934158,6235370.598213443,2066.501003504924,117456,10264.634140725033,2774501.561390931,59078
5,227791231345,0,227684.5938430268,5758825.24797459,11837694,208913.74843101294,5728315.989852552,2089.1409232942974,118972,12002.403113298513,2788498.052584325,59486
6,226945563248,0,232380.21677617801,5509655.034828804,11861405,210101.4856496438,5357792.886696187,2101.014856496438,119204,10362.183961341512,819016.6205085656,58995
7,227620722397,0,232472.09678874715,6421520.715999942,11799252,208393.8030794387,6380750.21213316,2083.940223972104,118587,9664.827548337207,2822797.671043503,59435
