SLAVE_INDEX,DURATION,FAILURES,READS_PER_SEC,READS_PER_SEC_NET,READ_COUNT,REQ_PER_SEC,REQ_PER_SEC_NET,TRANSACTIONS_PER_SEC,TRANSACTION_COUNT,WRITES_PER_SEC,WRITES_PER_SEC_NET,WRITE_COUNT
0,176650813617,0,1841658.4886709321,2939520.9767403435,78278431,1781430.6175927834,2917867.265972955,17814.340278405012,786730,237797.61248507106,1185069.7231731806,394361
1,178365948808,0,1851963.7806327734,2940764.9917403753,79557610,1793140.7095212047,2919436.8863673517,17931.32593848513,799589,245687.2742758291,1197386.2040560083,401201
