SLAVE_INDEX,DURATION,FAILURES,READS_PER_SEC,READS_PER_SEC_NET,READ_COUNT,REQ_PER_SEC,REQ_PER_SEC_NET,TRANSACTIONS_PER_SEC,TRANSACTION_COUNT,WRITES_PER_SEC,WRITES_PER_SEC_NET,WRITE_COUNT
0,180127809838,0,1363556.187673304,2417646.925533879,58687332,1309762.7080026208,2397886.1634864663,13097.512021127794,589813,147506.7006926149,910889.5456403339,293840
1,181417347966,0,1354640.189654718,2404949.867277017,58673539,1300119.5896888762,2385541.423639354,13001.214897680771,589662,143300.14923381532,910963.2443359134,292523
2,179956291038,0,1305427.9187970597,2278225.551522698,56165595,1254675.4475636662,2256799.096371296,12546.63713916502,564470,143091.25611986592,783821.9631996145,281090
3,181085951562,0,1331487.3972688934,2366827.77116104,57650780,1279875.826925468,2348194.227223983,12798.817590723418,579422,147509.0299773875,917568.7872319901,291103
