SLAVE_INDEX,DURATION,FAILURES,READS_PER_SEC,READS_PER_SEC_NET,READ_COUNT,REQ_PER_SEC,REQ_PER_SEC_NET,TRANSACTIONS_PER_SEC,TRANSACTION_COUNT,WRITES_PER_SEC,WRITES_PER_SEC_NET,WRITE_COUNT
0,221599678516,0,367245.8807104845,7581048.800865104,20340205,367335.930020867,7553144.0427724365,3673.3626737545724,203504,720434.8648491699,903762.0226559977,10176
1,216858482659,0,492706.0274238324,7725526.551237803,26703797,492806.17797205056,7701576.370012099,4928.061779720506,267173,824067.8339099612,1080030.3013166965,13503
