SLAVE_INDEX,DURATION,FAILURES,READS_PER_SEC,READS_PER_SEC_NET,READ_COUNT,REQ_PER_SEC,REQ_PER_SEC_NET,TRANSACTIONS_PER_SEC,TRANSACTION_COUNT,WRITES_PER_SEC,WRITES_PER_SEC_NET,WRITE_COUNT
0,240532498793,0,1994.286837613162,5308508.70764946,119922,1995.5723339201804,5286692.3127782075,19.955723339201803,1200,222509.7098387803,722372.7165381677,78
1,229847258252,0,209272.4022674564,7938335.858765098,12023543,209349.6540526226,7910080.264274661,2093.511991437563,120297,779549.7682564135,982276.4102022226,6068
2,234716804433,0,103920.61253787,7439179.288711313,6097355,103961.87890741945,7401367.355241103,1039.6187890741946,61004,507501.0361479488,662143.1093490204,3045
3,240034642433,0,8982.967448338064,7330480.787421119,539044,8987.036113348227,7273712.018790482,89.87036113348228,5393,194146.5939501722,420287.4043476762,256
4,239409110427,0,14270.267189088034,7275181.361418788,854082,14276.816758993838,7251621.4014433455,142.76816758993837,8545,229480.91335050506,952044.7324367106,418
5,239823189653,0,12834.929702963445,1.0068327682804238E7,769512,12841.126850392871,1.0027744707790652E7,128.4112685039287,7699,302823.1822853121,1114923.3059200128,388
6,239828309847,0,15505.467401939812,8669841.725878725,929635,15512.764120188534,8624334.39959522,155.12764120188533,9301,262087.11240169444,750351.5760207,465
7,240226057382,0,6255.9987983604815,7578651.451605443,375707,6259.104513416803,7528303.198115425,62.59104513416803,3759,186282.9623720481,540338.8876718043,193
