SLAVE_INDEX,DURATION,FAILURES,READS_PER_SEC,READS_PER_SEC_NET,READ_COUNT,REQ_PER_SEC,REQ_PER_SEC_NET,TRANSACTIONS_PER_SEC,TRANSACTION_COUNT,WRITES_PER_SEC,WRITES_PER_SEC_NET,WRITE_COUNT
0,239264960712,0,18778.054337031197,6769025.216290404,1123194,18785.868129727234,6741185.269604922,187.85868129727237,11237,246104.9992874628,665500.9439986217,506
1,239409975833,0,13934.311801122261,6451234.462287696,833977,13940.93954684719,6429451.523594117,139.4093954684719,8344,224004.81689790662,839668.0631358923,423
2,225663824270,0,266390.05027127225,6994736.22335126,15026396,266484.892713903,6979430.846188485,2664.8489271390295,150340,898932.4054610735,1310938.0836047141,7604
3,239666845956,0,9811.945608142449,7088771.218661585,587885,9816.960667275382,7051588.257413985,98.16960667275382,5882,212948.26878127677,653567.9884474077,315
4,240138951312,0,3890.993774834426,6078895.300466504,233593,3892.746240843965,6058370.455056402,38.92746240843965,2337,232439.16665127935,723726.0392570648,107
5,239693400364,0,15846.26330527521,9420658.240485376,949535,15853.586265743215,9372700.358637007,158.53586265743215,9500,281416.2682205686,822506.2472887143,465
6,223568750640,0,378980.10100695456,8254949.77076201,21177997,379097.703759481,8233220.9970836155,3790.97703759481,211886,997121.8134808555,1315742.531163262,10603
7,239999164249,0,6974.88449080385,8112040.309485563,418486,6978.3576340390455,8075669.739092219,69.78357634039045,4187,265964.0575675474,826770.3606689114,214
