SLAVE_INDEX,DURATION,FAILURES,READS_PER_SEC,READS_PER_SEC_NET,READ_COUNT,REQ_PER_SEC,REQ_PER_SEC_NET,TRANSACTIONS_PER_SEC,TRANSACTION_COUNT,WRITES_PER_SEC,WRITES_PER_SEC_NET,WRITE_COUNT
0,233508934455,0,124813.53181713767,7055419.4188569,7285541,124863.7447986765,7028099.060188492,1248.637447986765,72892,627579.4228216024,806885.8967635914,3659
1,225517226072,0,296668.94274815416,7528810.237762127,16723357,296770.26968499756,7509997.009050699,2967.7200550715343,167318,940524.345421964,1250071.9971064841,8345
2,239915180081,0,7565.478004894746,7273702.846994934,453761,7569.341795658296,7247035.009911338,75.69341795658296,4540,249245.67985018145,910335.738676509,239
3,239667591954,0,10082.28520595266,6743040.011716058,604085,10087.304588365105,6718558.13517415,100.87304588365106,6044,222806.2733051383,843755.838489061,315
