SLAVE_INDEX,DURATION,FAILURES,READS_PER_SEC,READS_PER_SEC_NET,READ_COUNT,REQ_PER_SEC,REQ_PER_SEC_NET,TRANSACTIONS_PER_SEC,TRANSACTION_COUNT,WRITES_PER_SEC,WRITES_PER_SEC_NET,WRITE_COUNT
0,138626696434,0,3852246.8194926125,4565728.282016589,133438069,3850362.7203878723,4565549.2829196565,384.983869805716,13346,152801.26877743177,1553054.5637821283,2697
1,134309774370,0,3889062.14217497,4566567.5024901545,130515828,3887085.9135075174,4566369.9330155235,388.77281167975497,13054,145550.61912043198,1432076.4873162012,2580
2,142232569714,0,3928810.5061119567,4717046.377853309,139624554,3926733.497981832,4716830.345272185,392.6807813782897,13963,143262.7488789818,1434620.9976416011,2795
3,141610497995,0,3876471.072384039,4583900.591470723,137168914,3874616.8099724716,4583672.030103689,387.44700993196085,13718,152595.1831600267,1293887.248548766,2690
