SLAVE_INDEX,DURATION,FAILURES,READS_PER_SEC,READS_PER_SEC_NET,READ_COUNT,REQ_PER_SEC,REQ_PER_SEC_NET,TRANSACTIONS_PER_SEC,TRANSACTION_COUNT,WRITES_PER_SEC,WRITES_PER_SEC_NET,WRITE_COUNT
0,148169059308,0,3467863.4588115034,4027953.4667486637,128383805,3465941.8531671306,4027776.9169486137,346.6515188695921,12841,119074.330457119,1249576.1821201744,2531
1,141800064535,0,3556265.4747007624,4100435.3360074963,125988014,3554031.8945031855,4100292.8266324005,355.44157474690513,12601,107749.18389738096,1480316.0301203027,2474
2,144040073155,0,3502320.4890191974,4073524.736823286,126022493,3499721.8826565235,4073106.934718567,350.03777489888233,12605,93121.37436656017,672469.8322561362,2556
3,141461314818,0,3495102.6781136496,4057047.003161693,123522022,3492813.004288077,4056773.668391368,349.32513854146913,12354,102968.31512460025,925002.1050571705,2458
4,144530920060,0,3414685.4840999357,3947493.5285651474,123310539,3412777.88721772,3947348.9217074467,341.3248495982262,12333,116885.43752299328,1385505.7833382012,2443
5,150476313521,0,3362814.8529073694,3906335.5453602714,126430521,3360875.131549668,3906191.41341238,336.120813598591,12645,111567.28521495879,1364379.3197909787,2504
6,147203583933,0,3491113.8744689757,4041681.547910993,128395360,3488986.90016788,4041525.596228973,348.95878202654904,12842,107380.9000892701,1349666.801008501,2484
7,148942617331,0,3411196.805311639,3954676.6087690196,126930737,3408918.609719661,3954513.433996814,340.9097652542675,12694,100609.26853910415,1304455.8450804355,2578
