SLAVE_INDEX,DURATION,FAILURES,READS_PER_SEC,READS_PER_SEC_NET,READ_COUNT,REQ_PER_SEC,REQ_PER_SEC_NET,TRANSACTIONS_PER_SEC,TRANSACTION_COUNT,WRITES_PER_SEC,WRITES_PER_SEC_NET,WRITE_COUNT
0,194095140766,0,1056602.595618098,1058562.2731579868,51250647,1056218.034057612,1058184.6835885933,105.63876267299976,5126,56286.71703166369,57476.93891782009,1050
1,189350968154,0,1013453.0646690555,1015266.425869713,47957125,1013104.7011282344,1014924.5053407514,101.37773216860033,4799,55971.53336584888,57165.621733657776,964
2,189881864182,0,1004444.6027540598,1006297.9367802128,47664505,1004107.6899121467,1005967.4675505322,100.4412504253063,4768,56597.91195782904,57845.307715837196,955
3,188910403314,0,1020193.1990466126,1022095.424173923,48164104,1019849.6674625548,1021758.4957772162,102.01646478179491,4818,56376.49913257271,57627.85325999293,949
4,192683621641,0,1036023.7786080849,1037920.4868919932,49888459,1035675.3848638338,1037577.9583736936,103.58935063291297,4990,56167.15754786976,57279.678509766156,962
5,192356171302,0,1034763.9892618492,1036647.7018645217,49742229,1034398.7128315815,1036288.81824421,103.47456407059512,4976,56525.326896685765,57680.27903730023,1015
6,199990298905,0,1072099.2037030382,1074261.1862139807,53581896,1071711.303865857,1073882.254656315,107.22505028646536,5361,56056.64990738734,57538.1109324024,1070
7,193881572383,0,1027992.225728597,1029914.8651093328,49808717,1027631.958783669,1029561.2832319328,102.7842457694334,4982,56101.80998047025,57311.82223919592,1008
