SLAVE_INDEX,DURATION,FAILURES,READS_PER_SEC,READS_PER_SEC_NET,READ_COUNT,REQ_PER_SEC,REQ_PER_SEC_NET,TRANSACTIONS_PER_SEC,TRANSACTION_COUNT,WRITES_PER_SEC,WRITES_PER_SEC_NET,WRITE_COUNT
0,204196886386,0,1027118.148141734,7599335.584031953,48133506,943821.9720729958,7594125.725991043,9438.242134563172,481815,11434.489399323016,4495355.792066764,47871
1,202652813014,0,1047741.7193278681,8328702.506169251,48357029,955452.3182790641,8317539.655326901,9554.566329131874,484065,10920.197464908611,3591194.899986943,49246
2,203126226891,0,1084073.4415379467,8829179.63690566,50039659,986370.9431648846,8813031.64802756,9863.718165363784,500895,10771.55752926096,3105373.3801747262,49793
3,201798452144,0,1048366.9349248958,8057823.269661488,47805880,948566.245014637,8045998.020797523,9485.681281916515,478549,10088.092820858792,3305497.2557936786,48920
4,203381106187,0,1035609.1256788889,7482451.205369734,48475311,954342.9261395495,7472810.737041384,9543.480543204923,485241,12019.246999965964,3267159.146740101,48519
5,200825356574,0,1082278.7171186334,8656939.949676096,49901616,994910.2215405585,8641118.998719255,9949.102215405585,499508,12000.712544747306,3027499.2669237135,49184
6,203232404350,0,1059747.435585906,7861637.376903233,49303215,971341.0645874692,7852495.87105667,9713.449564659173,493522,11385.095559665271,3609892.437341947,48780
7,203509136037,0,1034695.5558542201,8066142.56718717,49527887,974452.4882850726,8054320.8709015045,9744.544461061902,495776,16480.447959883295,3269862.7610408333,49609
