SLAVE_INDEX,DURATION,FAILURES,READS_PER_SEC,READS_PER_SEC_NET,READ_COUNT,REQ_PER_SEC,REQ_PER_SEC_NET,TRANSACTIONS_PER_SEC,TRANSACTION_COUNT,WRITES_PER_SEC,WRITES_PER_SEC_NET,WRITE_COUNT
0,237418398707,0,64939.81808709784,7042460.353129434,3450357,58190.940867434394,6990857.737621772,581.9094086743439,34539,569.3403672304472,859275.4026170914,3543
1,233245843016,0,150712.62941598092,7552236.435416576,7883133,135326.74191254406,7532144.083608909,1353.2674191254407,78911,1326.564680994232,2073574.4127111908,7967
2,228115684707,0,284446.4028156945,7304649.581644039,14972584,262792.9775061208,7280593.246608022,2627.929775061208,149868,3237.3153284973737,1629292.328865138,14216
3,240974859897,0,75274.13922070965,7239728.8760257065,4074565,67696.68838887491,7190145.225352818,676.9668838887492,40783,610.8894472309943,848746.8854426332,3735
4,237226953606,0,79498.78677463724,7183072.573773683,4345609,73352.50794857353,7121765.762309487,733.5253917933557,43503,1009.6560531834989,799312.7172076695,4689
5,237357404988,0,88405.7375871782,7363814.461501811,4827179,81428.25795124083,7319125.822873291,814.2825795124082,48319,996.6648500255958,1015815.8285666087,4721
6,239748158173,0,53713.531151348725,6824538.035523289,3047792,50903.415037681785,6783943.759020581,509.0341503768179,30510,1003.9325041528431,1019954.2053915295,3208
7,233088403311,0,161540.606510809,7231725.4857285945,8704176,149517.51998360918,7203047.532549965,1495.175199836092,87127,1941.7643758056581,1426516.1556008812,8524
