SLAVE_INDEX,DURATION,FAILURES,READS_PER_SEC,READS_PER_SEC_NET,READ_COUNT,REQ_PER_SEC,REQ_PER_SEC_NET,TRANSACTIONS_PER_SEC,TRANSACTION_COUNT,WRITES_PER_SEC,WRITES_PER_SEC_NET,WRITE_COUNT
0,200621313839,0,1048323.0594884133,6572873.693453936,48315727,964295.4893379452,6569713.21424022,9642.983122132959,483647,12007.151903763915,4451711.0039107455,48830
1,177038409603,0,1777396.8870252203,7112708.229175143,73265057,1657032.2601623107,7109190.082371586,16570.368663704732,733398,24523.749918745973,4783402.647917447,74532
