SLAVE_INDEX,DURATION,FAILURES,READS_PER_SEC,READS_PER_SEC_NET,READ_COUNT,REQ_PER_SEC,REQ_PER_SEC_NET,TRANSACTIONS_PER_SEC,TRANSACTION_COUNT,WRITES_PER_SEC,WRITES_PER_SEC_NET,WRITE_COUNT
0,221436052339,0,438204.375823751,7269729.677804748,22277587,402825.10032938217,7255980.784399972,4028.2510032938217,223000,4957.8999183520455,2519590.0430383594,22413
1,229633906827,0,245225.67605461893,7723392.317714477,12653767,220627.34854817644,7708125.697128023,2206.2769421746257,126659,2085.5792615161477,2514952.840741281,12113
2,222444683427,0,416375.25192767376,7245646.309624265,20993048,377876.7768463435,7237705.019303624,3778.7731223950227,210142,4067.717120086185,3464148.3118632236,21122
3,230904769175,0,212238.3436768603,7419439.296379821,11232404,194767.73979456286,7408164.911441205,1947.6773979456286,112432,2247.9235118106108,2870270.283563482,10796
