SLAVE_INDEX,DURATION,FAILURES,READS_PER_SEC,READS_PER_SEC_NET,READ_COUNT,REQ_PER_SEC,REQ_PER_SEC_NET,TRANSACTIONS_PER_SEC,TRANSACTION_COUNT,WRITES_PER_SEC,WRITES_PER_SEC_NET,WRITE_COUNT
0,229666588092,0,231909.7498178066,7366018.283264379,12277477,214056.22998286033,7290852.7850895105,2140.5638110329014,122904,2885.234241125548,681299.4190529677,12914
1,234108201800,0,142234.47097758434,7354022.414897306,7528039,128749.01335472989,7319037.132882064,1287.490133547299,75353,1296.5875744564755,1233769.0280220278,7261
2,231465196155,0,192799.19282641337,7501729.366599048,10174257,175995.61695107145,7466283.657724499,1759.9708311407198,101843,1954.4515148075166,1281189.7180729674,9958
3,238543371845,0,101629.1826675356,7543548.913210266,5646734,94771.86402265514,7516033.611315856,947.7186402265513,56518,1243.5833774948117,1483723.413571354,5066
4,225569099548,0,334930.6658144957,7085970.193413559,17102485,303589.4550149929,7066481.909733253,3035.894550149929,171201,3305.180343334174,1925344.2440910225,17615
5,235363276738,0,107046.8996940326,6817317.04965891,5775505,98256.6198113533,6774935.441458251,982.566198113533,57815,1226.5268538715047,969351.3184249148,5995
