SLAVE_INDEX,DURATION,FAILURES,READS_PER_SEC,READS_PER_SEC_NET,READ_COUNT,REQ_PER_SEC,REQ_PER_SEC_NET,TRANSACTIONS_PER_SEC,TRANSACTION_COUNT,WRITES_PER_SEC,WRITES_PER_SEC_NET,WRITE_COUNT
0,214470037541,0,589282.1994775429,6881510.908528991,28980363,541065.6021255011,6873739.810379624,5410.655376356005,290106,6810.309075047499,3300401.4731427743,30227
1,189870944021,0,1309469.1676000722,7118471.672787287,57304642,1208456.813563967,7112330.109015053,12084.587111480123,573628,15668.36908673982,3841518.427522491,58067
2,226701950731,0,316233.2466299342,7250438.298796114,16261302,287196.4700350367,7238518.141185773,2871.999650672125,162772,2988.0310228843355,2677902.4388350784,15698
3,221673607383,0,405586.68493133504,6813780.951304913,20720256,374264.5278319339,6804279.2453669105,3742.6556467722617,207412,4822.13002581357,2854841.5387645103,20886
4,223258434053,0,358933.7841948151,6993667.052070673,18284806,327930.2764554001,6984808.359417103,3279.302764554001,183033,3795.505482261653,3101126.417852722,18494
5,217760766376,0,505387.199837755,7095023.266884641,25382304,466714.007722197,7087041.173797577,4667.14007722197,254080,6093.848334637013,3356730.688527567,25696
