SLAVE_INDEX,DURATION,FAILURES,READS_PER_SEC,READS_PER_SEC_NET,READ_COUNT,REQ_PER_SEC,REQ_PER_SEC_NET,TRANSACTIONS_PER_SEC,TRANSACTION_COUNT,WRITES_PER_SEC,WRITES_PER_SEC_NET,WRITE_COUNT
0,219215393632,0,305152.11312088696,672063.0597292325,15453797,282267.89631331543,570301.1751427483,2822.6728159644335,154695,3741.962037304014,3769.6616004627444,15570
1,219164862748,0,304430.6862399069,669118.5630477767,15411235,281565.1524895869,567765.6992476512,2815.660741537145,154275,3853.5700230325824,3879.898739401587,16062
2,218785262539,0,306679.4026949503,679806.8943205421,15514838,283940.1487973914,577267.6621419193,2839.3837568610893,155306,3809.033433547024,3832.8742953113538,15642
3,218799725851,0,300802.6939425293,654769.4021053709,15278594,279590.07609387464,562012.3349467727,2795.889265438641,152936,3829.8641261989337,3858.862534486268,14964
