SLAVE_INDEX,DURATION,FAILURES,READS_PER_SEC,READS_PER_SEC_NET,READ_COUNT,REQ_PER_SEC,REQ_PER_SEC_NET,TRANSACTIONS_PER_SEC,TRANSACTION_COUNT,WRITES_PER_SEC,WRITES_PER_SEC_NET,WRITE_COUNT
0,177219799102,0,1942004.4172000322,2880433.6646665693,83787197,1893056.496508656,2872904.0529145156,18930.524696135762,838720,72894.61721693988,800324.3293147915,84576
1,178935696621,0,1909982.531681161,2788389.1556385425,83275417,1863403.9953818165,2782003.9573300728,18634.079330971912,833576,72282.40033707133,836242.8952362419,81956
2,177807755710,0,1933850.344836342,2868763.287385037,83747166,1885922.9546033845,2861897.36122319,18859.2562760818,838331,74838.12697077145,857624.8995569234,85766
3,176006650909,0,1910609.748213549,2819896.5130755277,81872868,1862518.753166261,2813539.663592028,18625.214228467827,819541,70483.77505427723,858556.268212421,81054
4,169346280534,0,1954063.4834855553,2896835.1368432585,80511600,1903590.034475413,2888891.7643293682,19035.853132063745,805917,70408.12648827636,767503.7418606052,79873
5,177104552739,0,1915984.0100850482,2817278.402243391,82840111,1872852.0462645271,2811114.3455422805,18728.56490817214,829229,79384.5973871188,879636.1240165451,82545
