SLAVE_INDEX,DURATION,FAILURES,READS_PER_SEC,READS_PER_SEC_NET,READ_COUNT,REQ_PER_SEC,REQ_PER_SEC_NET,TRANSACTIONS_PER_SEC,TRANSACTION_COUNT,WRITES_PER_SEC,WRITES_PER_SEC_NET,WRITE_COUNT
0,217378995925,0,667569.0601129578,668457.480748517,36094598,664184.6301002046,665067.1376230882,664.2039473647907,36096,1264.3147612381015,1265.4695253041878,349
1,215790883710,0,726478.2131497934,727620.0072198407,39019641,723293.2796630791,724428.910606846,723.3298711361077,39022,1615.7750591199913,1617.726306541868,383
