SLAVE_INDEX,DURATION,FAILURES,READS_PER_SEC,READS_PER_SEC_NET,READ_COUNT,REQ_PER_SEC,REQ_PER_SEC_NET,TRANSACTIONS_PER_SEC,TRANSACTION_COUNT,WRITES_PER_SEC,WRITES_PER_SEC_NET,WRITE_COUNT
0,238670160880,0,11430.553449074288,4221362.3256533835,621153,10947.325758554623,4015338.2355232355,109.47325758554624,6532,6016.9990193048725,2063414.0043303878,32047
1,238886656363,0,10699.286700758385,4271191.04548618,576669,10155.443744474258,4156372.890655749,101.55443744474258,6065,5122.281569098224,2735065.3350868765,29831
