SLAVE_INDEX,DURATION,FAILURES,READS_PER_SEC,READS_PER_SEC_NET,READ_COUNT,REQ_PER_SEC,REQ_PER_SEC_NET,TRANSACTIONS_PER_SEC,TRANSACTION_COUNT,WRITES_PER_SEC,WRITES_PER_SEC_NET,WRITE_COUNT
0,239206666242,0,7726.5637402072925,3270667.5559096565,411110,7248.961858971569,3084873.20929159,72.48961858971569,4335,3395.3493203016646,1509944.2795830092,22390
1,239272161162,0,7469.797790528939,3714655.6999574723,405915,7141.658234294341,3602270.7105680085,71.41658234294341,4272,3886.101262517354,2284302.7538780225,21285
2,239778507831,0,3676.5400852642642,3891280.9911623383,202960,3574.965945672534,3700134.0569101167,35.74965945672534,2143,2392.127247991377,1969027.236300111,11340
3,241631488140,0,3899.1941115270097,3774886.3228831557,205863,3587.2808079457786,2629199.685447257,35.87280807945778,2167,1423.7521357448434,388623.090406517,10837
