SLAVE_INDEX,DURATION,FAILURES,READS_PER_SEC,READS_PER_SEC_NET,READ_COUNT,REQ_PER_SEC,REQ_PER_SEC_NET,TRANSACTIONS_PER_SEC,TRANSACTION_COUNT,WRITES_PER_SEC,WRITES_PER_SEC_NET,WRITE_COUNT
0,243713212346,0,1301.3252688663495,2755120.258677434,73332,1262.1392046784063,2334587.4226941145,12.621392046784063,769,779.6317799704093,564305.613876098,3568
1,241875872701,0,1908.7034718752884,3470451.9366824306,103186,1795.962512296515,2816463.831239251,17.95962512296515,1086,844.8566935771646,613396.6496748581,5414
2,241373377583,0,2024.3855691157037,2463154.6576991393,111440,1945.5335327464634,2139671.319238273,19.455335327464635,1174,1125.6874250957305,619192.103389082,5960
3,240208146073,0,5097.62437441299,3204467.9207976805,276502,4847.462582081355,2995521.052879035,48.47462582081356,2911,2512.265327576184,1340247.3558793976,14598
4,239646869754,0,4485.152502806452,3848764.849168082,239476,4201.181517761908,3481200.060528899,42.01181517761908,2517,1875.2316925152159,1212562.1498238875,12224
5,241431831026,0,2133.80037351705,3322510.7365138466,114254,1993.1091851272054,2793921.175355028,19.931091851272054,1203,887.4057936174992,697354.0310762571,6046
6,239795121431,0,3468.5854826062905,3622101.0533107254,188513,3316.1642124100317,3199831.883279404,33.16164212410032,1988,1836.9273519117107,1020226.3316627669,10287
7,239651937985,0,3883.621909054366,3273212.1067152945,211803,3723.733709409252,2943137.569667214,37.23733709409252,2231,2101.575001615044,1018164.2778365456,11297
