SLAVE_INDEX,DURATION,FAILURES,READS_PER_SEC,READS_PER_SEC_NET,READ_COUNT,REQ_PER_SEC,REQ_PER_SEC_NET,TRANSACTIONS_PER_SEC,TRANSACTION_COUNT,WRITES_PER_SEC,WRITES_PER_SEC_NET,WRITE_COUNT
0,235379497113,0,37010.81226113834,4296123.138142538,1929877,34526.37166651146,4206889.763464144,345.26371666511466,20317,15194.573418021106,3018565.5432535294,101823
1,233088077894,0,59489.52329083781,4257502.480287154,3147564,56867.77341751466,4195161.353268194,568.6777341751466,33138,30999.90578344553,3284530.2253995924,166236
