SLAVE_INDEX,DURATION,FAILURES,READS_PER_SEC,READS_PER_SEC_NET,READ_COUNT,REQ_PER_SEC,REQ_PER_SEC_NET,TRANSACTIONS_PER_SEC,TRANSACTION_COUNT,WRITES_PER_SEC,WRITES_PER_SEC_NET,WRITE_COUNT
0,228597523772,0,64717.982512667586,3430562.4725644346,3260962,60068.89214467479,3375294.45622479,600.6889214467479,34329,25426.64875291645,2585342.75248679,171938
1,228021709834,0,64104.54254395455,3706196.513466098,3267694,60343.37699694034,3520319.2979032374,603.4337699694033,34399,28553.595309805132,1803738.2130384294,172206
2,227501257008,0,63873.16536839167,3502133.154052258,3256795,60270.436217931914,3406782.1579963877,602.7043621793191,34279,29065.659546894465,2243920.9992665895,171105
3,228377757191,0,63726.774073995126,3659753.171552941,3280733,60468.463171965224,3462437.1841246425,604.6493418434297,34526,30585.02338156694,1705386.1150667064,171680
