SLAVE_INDEX,DURATION,FAILURES,READS_PER_SEC,READS_PER_SEC_NET,READ_COUNT,REQ_PER_SEC,REQ_PER_SEC_NET,TRANSACTIONS_PER_SEC,TRANSACTION_COUNT,WRITES_PER_SEC,WRITES_PER_SEC_NET,WRITE_COUNT
0,222543049860,0,305068.3064679536,740203.0215166848,4115228,77829.9030722199,91612.02854810753,778.3185203893282,43303,5098.866167280277,5152.648635670594,214898
1,221840433261,0,303810.76764662337,732772.0888885236,4090839,77631.4026566032,91341.38200419603,776.3296864364777,43056,5110.296484440551,5164.647679924385,214607
