SLAVE_INDEX,DURATION,FAILURES,READS_PER_SEC,READS_PER_SEC_NET,READ_COUNT,REQ_PER_SEC,REQ_PER_SEC_NET,TRANSACTIONS_PER_SEC,TRANSACTION_COUNT,WRITES_PER_SEC,WRITES_PER_SEC_NET,WRITE_COUNT
0,188938537088,0,201414.9616771166,843178.523405161,8640606,192568.4434777537,819169.2451463882,1925.684434777537,90959,105024.78151573354,531791.4558899378,455294
1,187313748343,0,206996.4441878242,872119.9398494841,8751777,196707.2696261964,836386.295134861,1967.0729581343264,92115,101067.91512357086,469874.1686457314,459717
2,188165844627,0,202829.00927743287,865623.3451825755,8669388,193977.81819731274,835268.6006411832,1939.7781819731272,91250,105978.12424193312,500984.7417140964,455612
3,189107925530,0,205869.19636040178,880734.6748129203,8874280,197613.73773872628,853058.5551089697,1974.396936497801,93428,112286.75271320823,534671.6007429741,468301
