SLAVE_INDEX,DURATION,FAILURES,READS_PER_SEC,READS_PER_SEC_NET,READ_COUNT,REQ_PER_SEC,REQ_PER_SEC_NET,TRANSACTIONS_PER_SEC,TRANSACTION_COUNT,WRITES_PER_SEC,WRITES_PER_SEC_NET,WRITE_COUNT
0,238922321158,0,41606.012338372355,9702142.101927118,2485115,41610.17669598811,9680499.937099535,416.10176695988116,24854,327014.5891534998,473358.4324029626,285
1,237040938569,0,80507.6005675477,9902673.84805749,4770802,80514.36226677152,9884578.194959428,805.1436226677152,47713,412052.79240234225,534131.885528458,498
2,214276290462,0,661749.3388215342,9448153.855050793,35447107,661774.1967357206,9442555.393443493,6617.7733261006915,354508,1063867.5344499967,1356304.7912920073,3523
3,238634673732,0,54983.31781851877,1.0187916534256214E7,3280195,54987.81796788146,1.0173984311731698E7,549.8781796788146,32805,459109.00489628466,647720.6603777591,305
4,208886320413,0,836171.9023353072,9719640.860107584,43661829,836173.4729907652,9711047.938497702,8361.734729907654,436663,851798.4525978972,1008047.7540922629,4471
5,239099261695,0,44419.41538854102,1.129329546327395E7,2655133,44423.3910414543,1.1274796016801476E7,444.233910414543,26554,404004.3335895558,652110.5974688584,267
6,237185670267,0,87320.07650479295,1.051537320920339E7,5177676,87327.36668570068,1.0499449678650627E7,873.2736668570067,51782,498871.8261184154,657737.2145268293,524
7,237557861257,0,74902.60207302343,1.075837970642517E7,4448340,74908.90811122605,1.0737390037577493E7,749.0890811122605,44488,403042.4447503284,540468.2981563862,460
