SLAVE_INDEX,DURATION,FAILURES,READS_PER_SEC,READS_PER_SEC_NET,READ_COUNT,REQ_PER_SEC,REQ_PER_SEC_NET,TRANSACTIONS_PER_SEC,TRANSACTION_COUNT,WRITES_PER_SEC,WRITES_PER_SEC_NET,WRITE_COUNT
0,105608716371,0,5535260.05618947,9014410.798513094,146082697,5533528.9745124895,9010691.633508716,55335.34202545686,1460974,1334961.7980224213,1749932.1533860227,14526
1,110470068495,0,5626502.137558819,9492828.75420862,155321856,5624596.385835707,9488093.453465281,56244.623257232626,1553375,1282001.0409293752,1584339.7740130227,15531
