SLAVE_INDEX,DURATION,FAILURES,READS_PER_SEC,READS_PER_SEC_NET,READ_COUNT,REQ_PER_SEC,REQ_PER_SEC_NET,TRANSACTIONS_PER_SEC,TRANSACTION_COUNT,WRITES_PER_SEC,WRITES_PER_SEC_NET,WRITE_COUNT
0,118285663477,0,8988541.113476202,4.090476618987662E7,65563946,8873024.584285986,4.088658884336806E7,88727.44778516938,655975,334694.3392439172,2.172372235051807E7,33029
