SLAVE_INDEX,DURATION,FAILURES,READS_PER_SEC,READS_PER_SEC_NET,READ_COUNT,REQ_PER_SEC,REQ_PER_SEC_NET,TRANSACTIONS_PER_SEC,TRANSACTION_COUNT,WRITES_PER_SEC,WRITES_PER_SEC_NET,WRITE_COUNT
0,140135366032,0,4093856.764475767,4916302.533163092,35542150,4060077.8526533945,4867517.198531845,40601.27376589085,355607,233327.14533371906,234869.53643172,17881
