SLAVE_INDEX,DURATION,FAILURES,READS_PER_SEC,READS_PER_SEC_NET,READ_COUNT,REQ_PER_SEC,REQ_PER_SEC_NET,TRANSACTIONS_PER_SEC,TRANSACTION_COUNT,WRITES_PER_SEC,WRITES_PER_SEC_NET,WRITE_COUNT
0,217548470783,0,688985.7437058022,690047.4671934312,36566556,672344.9697143532,673359.6809511891,672.3650283865984,36568,265.58201278197754,265.6423726644909,349
1,219630100690,0,675733.7714058635,676689.3314769829,36162096,658607.1014198924,659518.7434040813,658.6345948169896,36164,280.127249713794,280.1933139598959,390
2,219301465466,0,673663.2015263967,674739.5406310669,36004376,656717.2530925398,657744.275978411,656.7579722819312,36007,281.21973458675694,281.2910884187859,388
3,218114050519,0,686826.5231444209,687816.0139599269,36594817,671119.9743972877,672068.4568965521,671.1534045053527,36597,286.1737962041647,286.2438926984011,357
4,218559881610,0,665408.2399118656,666413.4634202528,35459218,648967.5184446583,649927.7058914237,648.9937023627515,35461,257.6723882440385,257.737573961824,348
5,218713690117,0,667100.1531130718,668074.7950753366,35717296,653230.5861767136,654168.447073254,653.255809939745,35719,283.1285556448516,283.19842428818885,322
6,219773558866,0,631113.2779822152,631998.1780991968,33945592,617834.4324068112,618685.6252549441,617.8540742376033,33947,281.87407579672754,281.9426398713107,326
7,218560988913,0,669521.6636463038,670412.843332292,35774846,654740.4855354239,655595.7580693468,654.7737136230683,35777,278.42072912132363,278.47914018920653,336
