SLAVE_INDEX,DURATION,FAILURES,READS_PER_SEC,READS_PER_SEC_NET,READ_COUNT,REQ_PER_SEC,REQ_PER_SEC_NET,TRANSACTIONS_PER_SEC,TRANSACTION_COUNT,WRITES_PER_SEC,WRITES_PER_SEC_NET,WRITE_COUNT
0,118275116228,0,5124485.559352674,8547347.176716564,151502375,5123779.2980205435,8546420.994898995,5123.849986051951,151506,348321.52707084926,725555.0937135629,1523
1,106989249273,0,5869074.225555353,8481736.01343423,156949886,5867933.388316934,8480504.864139747,5867.991099317198,156953,285628.39069352805,543819.8712512552,1561
2,106689669262,0,5836672.741485427,8247201.337729322,155636200,5835155.140196277,8245197.862023293,5835.203512719256,155639,207622.70851471784,313222.5767392691,1493
3,116430293819,0,5195712.664553333,8533135.544100294,151190750,5194257.372056113,8530247.053469634,5194.317876717499,151194,175173.53646984434,239433.03294585572,1478
