SLAVE_INDEX,DURATION,FAILURES,READS_PER_SEC,READS_PER_SEC_NET,READ_COUNT,REQ_PER_SEC,REQ_PER_SEC_NET,TRANSACTIONS_PER_SEC,TRANSACTION_COUNT,WRITES_PER_SEC,WRITES_PER_SEC_NET,WRITE_COUNT
0,223664067338,0,323284.9118957128,6294664.409243639,18042472,322991.53306028753,6279695.039703584,3229.915330602875,180604,168814.94465371247,1850621.9900973453,17928
1,223248329608,0,334910.27372036694,6871396.806400876,18664390,334748.17989107146,6844302.810262152,3347.287779075748,186830,225330.27864627144,1381006.9636439134,18603
2,223303791636,0,334418.78626529436,7058631.664385668,18629567,334040.00645717006,7021688.178314809,3340.4000645717006,186481,156199.0899626775,1121483.0661987255,18533
3,223341746777,0,339763.4281806684,6980435.176164024,18919319,339180.65517611126,6880308.837864349,3391.8065517611126,189383,125174.71685971673,449774.48629286425,18981
4,222965222177,0,331822.7169474968,7219062.833934808,18457587,331456.33780201036,7186239.220207754,3314.5796379220387,184759,156464.2077176988,1281979.3051309143,18222
5,224323515621,0,330291.43230020243,7166999.461405608,18485592,329952.03287136345,7131144.993658738,3299.520328713634,185040,162385.40131953487,1183827.5763624012,18408
