SLAVE_INDEX,DURATION,FAILURES,READS_PER_SEC,READS_PER_SEC_NET,READ_COUNT,REQ_PER_SEC,REQ_PER_SEC_NET,TRANSACTIONS_PER_SEC,TRANSACTION_COUNT,WRITES_PER_SEC,WRITES_PER_SEC_NET,WRITE_COUNT
0,176823940691,0,1801768.8149005196,3470609.388613858,79076924,1790623.8191654305,3445220.6414789837,17906.26035971375,791564,249980.42923421809,415652.0965033287,79366
1,180026827552,0,1807438.6909878445,3662400.9015686107,80802164,1797133.8405468988,3634587.2057112353,17971.381811613515,808833,268484.7529544698,423410.246952632,80912
