SLAVE_INDEX,DURATION,FAILURES,READS_PER_SEC,READS_PER_SEC_NET,READ_COUNT,REQ_PER_SEC,REQ_PER_SEC_NET,TRANSACTIONS_PER_SEC,TRANSACTION_COUNT,WRITES_PER_SEC,WRITES_PER_SEC_NET,WRITE_COUNT
0,120239617087,0,5911118.767117846,5979049.142803301,177684596,5911022.982431332,5979024.289898195,591.1527254907074,17770,364113.4415655722,1218268.2220535555,189
1,111411459114,0,5717755.136036145,5790309.698575323,159253357,5717670.633396746,5790279.917661613,571.8260908796701,15927,342566.45075464534,896256.7835435305,150
2,119138120719,0,5738087.805375739,5807937.499776805,170902565,5737969.475046273,5807871.704017384,573.8547666649289,17092,249183.24351705017,443330.8834683992,160
3,122927605443,0,5828001.546972323,5898784.327638168,179101719,5827882.463163974,5898702.084032009,582.8469190497315,17912,287640.1772771829,417083.52152397926,190
