SLAVE_INDEX,DURATION,FAILURES,READS_PER_SEC,READS_PER_SEC_NET,READ_COUNT,REQ_PER_SEC,REQ_PER_SEC_NET,TRANSACTIONS_PER_SEC,TRANSACTION_COUNT,WRITES_PER_SEC,WRITES_PER_SEC_NET,WRITE_COUNT
0,120953721895,0,5344866.835850955,5393021.020916552,161617038,5344761.069536991,5392979.160430812,534.5513587390792,16164,236399.06718205923,569112.0218185245,148
1,123859312615,0,5419454.897182852,5489615.683218523,167809166,5419352.924123283,5489559.4275921555,542.0018541642028,16783,270681.00732469326,483264.42205869185,166
2,117538912782,0,5511557.607890575,5600561.466309116,161952355,5511452.102687869,5600500.571405675,551.2384701184477,16198,281714.73178269336,485128.7697337747,167
3,121683633008,0,5331336.983545784,5380696.945823081,162180231,5331214.527079006,5380604.332510583,533.152842912249,16219,215602.47846721744,286506.2839769992,157
4,121268553470,0,5423905.576226411,5500832.417775776,164434968,5423833.641775195,5500788.591552589,542.4322949143968,16445,342511.43597919535,554954.1454980288,147
5,137404257214,0,5201675.030825458,5242465.740878114,178679869,5201586.868497535,5242398.327139538,520.2457747595591,17871,285693.06743857905,372992.5820040616,176
