SLAVE_INDEX,DURATION,FAILURES,READS_PER_SEC,READS_PER_SEC_NET,READ_COUNT,REQ_PER_SEC,REQ_PER_SEC_NET,TRANSACTIONS_PER_SEC,TRANSACTION_COUNT,WRITES_PER_SEC,WRITES_PER_SEC_NET,WRITE_COUNT
0,120956626113,0,5893544.912602932,5938421.520280124,178213162,5893462.432839676,5938397.734664146,589.401205625535,17823,378143.10726383055,1147664.4859922852,171
1,111492161190,0,5804991.050215586,5861313.484944115,161798367,5804840.278385853,5861244.046666503,580.5608686757895,16182,238426.85958048794,503157.66375510755,180
