SLAVE_INDEX,DURATION,FAILURES,READS_PER_SEC,READS_PER_SEC_NET,READ_COUNT,REQ_PER_SEC,REQ_PER_SEC_NET,TRANSACTIONS_PER_SEC,TRANSACTION_COUNT,WRITES_PER_SEC,WRITES_PER_SEC_NET,WRITE_COUNT
0,114398985947,0,5653622.102431209,5778626.115230359,161689163,5653523.225281356,5778600.112052462,565.4243985274088,16171,317040.203245416,1083991.6055173883,168
1,115098895262,0,5447077.010243243,5518749.513563177,156735700,5446997.545657468,5518723.850798629,544.7487324779672,15675,335332.4737644256,941935.9295180741,150
2,129015828640,0,5383814.015896914,5462849.931176406,173645149,5383690.197720843,5462798.603865308,538.4143648449657,17366,212367.69913194704,498964.0411219389,164
3,119067912573,0,5705369.471375204,5818494.272627261,169828403,5705267.433688446,5818433.862525041,570.5649673261488,16984,299031.6181437434,506152.1589799829,168
4,118922294433,0,5585229.059100414,5720985.885708542,166048727,5585122.614449751,5720901.364586191,558.6166923942429,16608,287910.43976645777,374829.13403029036,172
5,123041337306,0,5420564.346050636,5531679.2673018845,166735667,5420481.657650815,5531658.044927918,542.1265802672584,16676,322685.70712764625,1112295.179651216,161
6,129102064519,0,5273623.5295251785,5398093.415283436,170205459,5273521.058989751,5398024.691929485,527.427532068606,17023,236089.92436745035,360349.8881171718,155
7,129834084909,0,5268260.404699955,5326787.973211069,170995619,5268132.574580858,5326735.533738396,526.8876797456207,17102,212037.90360318203,499014.87580552185,174
