SLAVE_INDEX,DURATION,FAILURES,READS_PER_SEC,READS_PER_SEC_NET,READ_COUNT,REQ_PER_SEC,REQ_PER_SEC_NET,TRANSACTIONS_PER_SEC,TRANSACTION_COUNT,WRITES_PER_SEC,WRITES_PER_SEC_NET,WRITE_COUNT
0,390174672292,0,1031819.634847903,1032209.0963843773,10063902,1031783.9382939729,1032180.5146238243,1034.0994697960884,10087,606739.2432197577,661357.0034379918,497
