SLAVE_INDEX,DURATION,FAILURES,READS_PER_SEC,READS_PER_SEC_NET,READ_COUNT,REQ_PER_SEC,REQ_PER_SEC_NET,TRANSACTIONS_PER_SEC,TRANSACTION_COUNT,WRITES_PER_SEC,WRITES_PER_SEC_NET,WRITE_COUNT
0,233597507523,0,3.509737435778859E7,5.2459975811985E7,204891833,3.5086336181018606E7,5.24503966665761E7,35089.71984298526,204925,4788339.546874689,1.122243150717481E7,10184
