SLAVE_INDEX,DURATION,FAILURES,READS_PER_SEC,READS_PER_SEC_NET,READ_COUNT,REQ_PER_SEC,REQ_PER_SEC_NET,TRANSACTIONS_PER_SEC,TRANSACTION_COUNT,WRITES_PER_SEC,WRITES_PER_SEC_NET,WRITE_COUNT
0,310488829410,0,2.795179912042168E7,3.387650603080839E7,180337881,2.7880700508451827E7,3.38761001986188E7,27883.6050905509,180368,531353.8309724829,2.726633012085054E7,8912
