SLAVE_INDEX,DURATION,FAILURES,READS_PER_SEC,READS_PER_SEC_NET,READ_COUNT,REQ_PER_SEC,REQ_PER_SEC_NET,TRANSACTIONS_PER_SEC,TRANSACTION_COUNT,WRITES_PER_SEC,WRITES_PER_SEC_NET,WRITE_COUNT
0,232143782872,0,3.7296288437107965E7,4.551837466115496E7,216359040,3.728206550666965E7,4.551752178182854E7,37283.543680697156,216386,4369185.264823966,3.3221553457188994E7,10953
