SLAVE_INDEX,DURATION,FAILURES,READS_PER_SEC,READS_PER_SEC_NET,READ_COUNT,REQ_PER_SEC,REQ_PER_SEC_NET,TRANSACTIONS_PER_SEC,TRANSACTION_COUNT,WRITES_PER_SEC,WRITES_PER_SEC_NET,WRITE_COUNT
0,151363620248,0,2865677.6257363907,3942754.629626942,108382226,2864212.360206999,3942621.6792716277,286.4888701938125,10841,107545.65859143193,1465435.1001869242,2162
1,154461600848,0,2831556.939142165,4062166.3892409857,109292139,2830330.163612704,4061785.046020263,283.0735385028203,10931,125280.95918941335,715289.2089914104,2193
2,154955825737,0,2876158.678350967,4061517.2526840954,111367660,2874881.211346605,4061372.5024892073,287.52523319212304,11140,124441.78261852729,1464352.0569304486,2238
3,155589260693,0,2864662.197494401,4074842.0783289843,111381735,2863539.437205159,4074655.6605641055,286.38316731529096,11140,141008.6505938321,1252326.822960119,2261
