SLAVE_INDEX,DURATION,FAILURES,READS_PER_SEC,READS_PER_SEC_NET,READ_COUNT,REQ_PER_SEC,REQ_PER_SEC_NET,TRANSACTIONS_PER_SEC,TRANSACTION_COUNT,WRITES_PER_SEC,WRITES_PER_SEC_NET,WRITE_COUNT
0,156304591567,0,2823300.8918317216,3119766.3846197957,110268300,2821939.135491935,3118659.1919070524,282.21660643627536,11028,112630.07474643206,166776.92097067036,2211
1,160438175483,0,2712503.5279531144,3009219.937377448,108727789,2710825.8161791675,3008271.4161617323,271.1117486692994,10875,85797.39476093705,181306.91476568504,2198
2,159414378359,0,2825052.1607998046,3153726.415701345,112523493,2823477.685220912,3152395.6230298835,282.3810801200428,11254,97456.79495116424,142137.83835894195,2242
3,161033204406,0,2730587.112753144,3027332.371053871,109855887,2728831.445793592,3026296.2766958633,272.9305412795398,10988,83552.9031347525,169517.16954955712,2231
4,160670511413,0,2724393.9204150625,3018859.8866672325,109388172,2723347.0046986886,3018105.2576062074,272.38342939450405,10941,136437.79682682734,226350.7727397913,2217
5,163278637981,0,2859344.3826565347,3160178.4770483444,116643212,2857581.5291544385,3158982.548998128,285.7903992197978,11666,88300.24285262387,155992.94997583996,2293
6,157185926036,0,2956313.2963621058,3312032.726910188,116104252,2954631.0647025313,3310552.796667398,295.5213277548331,11613,101611.57776049465,143636.16696419436,2353
7,162748893447,0,2856320.122898074,3166593.5625994704,116155461,2854896.977541107,3165429.4701364785,285.50505213837124,11617,112312.06566151949,166451.18144871382,2370
