SLAVE_INDEX,DURATION,FAILURES,READS_PER_SEC,READS_PER_SEC_NET,READ_COUNT,REQ_PER_SEC,REQ_PER_SEC_NET,TRANSACTIONS_PER_SEC,TRANSACTION_COUNT,WRITES_PER_SEC,WRITES_PER_SEC_NET,WRITE_COUNT
0,232671184988,0,124311.74485413943,4043003.4718100177,6524868,118106.58892469766,4073625.061008261,11.810658892469766,687,60764.2651033836,4754404.154941915,345132
1,232298898779,0,130658.81055675849,3799118.659156511,6882474,124494.7787183156,3827558.359492695,12.44947787183156,723,64361.87768139739,4493766.504971601,347526
2,236715641388,0,74411.73265697529,4399056.384197359,4089998,72829.99931441776,4410107.6960936235,7.2829999314417755,431,52201.37516562474,4626166.534456761,220002
3,240799882169,0,43972.010968736155,4182608.270451017,2366942,41528.25952373898,4196320.597364499,4.152825952373899,250,20883.003094364776,4456202.16438005,133058
4,236459875994,0,78379.4913270227,4003459.774190371,4106560,73298.37219588067,4019172.037890571,7.34162585699734,434,33692.66067874174,4327112.724667408,226471
5,231625934630,0,133114.88176463373,3561606.3970322497,7074815,128483.02176325255,3596210.2375222486,12.848302176325253,744,76747.04636294939,4430065.522778059,365185
