SLAVE_INDEX,DURATION,FAILURES,READS_PER_SEC,READS_PER_SEC_NET,READ_COUNT,REQ_PER_SEC,REQ_PER_SEC_NET,TRANSACTIONS_PER_SEC,TRANSACTION_COUNT,WRITES_PER_SEC,WRITES_PER_SEC_NET,WRITE_COUNT
0,229400166233,0,193220.75195929778,4203449.266180157,9744512,179075.72027770616,4184694.4442537213,17.907572027770616,1027,75959.2421583062,3864919.1956663537,525488
1,229567701065,0,182260.8336989765,3992965.4600907993,9196024,168316.36079789567,3993451.308693184,16.83163607978957,966,66887.80200643616,4003105.3021083395,463976
