SLAVE_INDEX,DURATION,FAILURES,READS_PER_SEC,READS_PER_SEC_NET,READ_COUNT,REQ_PER_SEC,REQ_PER_SEC_NET,TRANSACTIONS_PER_SEC,TRANSACTION_COUNT,WRITES_PER_SEC,WRITES_PER_SEC_NET,WRITE_COUNT
0,252036124602,0,15411.381222842869,4943810.721247426,898270,14918.496330387406,4894779.986877616,1.4918496330387405,94,8835.69883402355,4033658.8678728784,41730
1,244820712790,0,12473.362145552566,4740371.785395245,701974,12090.480279497433,4733382.235141854,1.2090480279497433,74,7717.366513949807,4607956.802071193,38026
