SLAVE_INDEX,DURATION,FAILURES,READS_PER_SEC,READS_PER_SEC_NET,READ_COUNT,REQ_PER_SEC,REQ_PER_SEC_NET,TRANSACTIONS_PER_SEC,TRANSACTION_COUNT,WRITES_PER_SEC,WRITES_PER_SEC_NET,WRITE_COUNT
0,237913092877,0,14908.480457240332,14914.53510500745,622260,11018.477244357766,11021.717039461246,1.1432505233100476,68,1865.880612852717,1865.9373456065446,33100
1,237981269732,0,14933.296375228088,14939.45084851676,654419,11485.576167730067,11489.22121847065,1.1765473323415228,70,1845.2056202199053,1845.3024140083721,28919
2,237901629023,0,15257.785244201523,15264.861478165156,646415,11399.350274048838,11403.291505445697,1.1769424922782703,70,1844.9758864959072,1845.0747314834002,31566
3,237960823146,0,15710.179813160152,15717.77404000568,678897,11907.304582912513,11911.574840490215,1.2270759484504308,73,1810.6607889388647,1810.7106014020112,29471
4,237922850382,0,15186.569567903925,15193.77776041593,618157,10956.005258909794,10959.611198467064,1.1263992643732397,67,1784.8884576560124,1784.9131367478367,33514
5,237886109564,0,15478.0867427134,15485.915685148437,626742,11113.16673699587,11117.05163055173,1.1433909653492809,68,1800.6446921929637,1800.6742555331018,34175
6,238023870569,0,15670.366033207849,15677.632296770127,653100,11536.372353897968,11540.2000347712,1.2099436240381085,72,1872.4435484794617,1872.4877079314476,33383
7,237899841206,0,15557.837393497222,15577.077634037354,630673,11177.493799575243,11187.236552666538,1.1601394921600419,69,1801.0689634513724,1801.2330727170179,34108
