SLAVE_INDEX,DURATION,FAILURES,READS_PER_SEC,READS_PER_SEC_NET,READ_COUNT,REQ_PER_SEC,REQ_PER_SEC_NET,TRANSACTIONS_PER_SEC,TRANSACTION_COUNT,WRITES_PER_SEC,WRITES_PER_SEC_NET,WRITE_COUNT
0,229546955559,0,657264.121963722,671983.2093914336,3305962,60664.83419955781,60785.64422473991,6.0988767033344455,350,3349.991111707635,3350.2394165683513,175395
1,229807133316,0,622013.3829530228,634287.284063292,3032683,55848.93651822259,55944.38379128564,5.604602160020435,322,3346.3435255318477,3346.577317453196,175938
2,229701678170,0,675527.7331367809,694145.376788962,3511871,64206.58358919294,64366.44531988932,6.460477767837036,371,3354.9689935859706,3355.173834447038,175219
3,229553110412,0,652042.6769467657,672883.0259653456,3533472,64602.00854339971,64796.420127197365,6.482062665691035,372,3346.713263794179,3346.9931811791594,173926
