SLAVE_INDEX,DURATION,FAILURES,READS_PER_SEC,READS_PER_SEC_NET,READ_COUNT,REQ_PER_SEC,REQ_PER_SEC_NET,TRANSACTIONS_PER_SEC,TRANSACTION_COUNT,WRITES_PER_SEC,WRITES_PER_SEC_NET,WRITE_COUNT
0,233951340067,0,89771.81759368381,1283432.4573702812,4612763,82923.22666091225,1243152.245960556,8.292322666091223,485,33391.849624363575,772031.3432613001,237237
1,233004097182,0,111817.15791643942,1242734.9331279406,5755160,104032.50540725936,1244769.4353760262,10.403250540725935,606,44950.762765844185,1284469.2829761822,304840
2,236701516645,0,76526.28895449513,1219625.1767742494,4052970,72158.38851432552,1209553.0523586504,7.215838851432553,427,34928.338344736214,1047937.3225708164,217030
3,234904944754,0,91282.25399578543,1202356.6760037348,4828965,86673.35641368318,1175868.4725740682,8.667335641368318,509,44814.63885788349,835404.4177832835,261035
4,232869694522,0,92496.07325619772,1226413.3021398354,4892692,88289.71945964238,1221182.6053423025,8.828971945964238,514,46475.8907097076,1126158.876137084,247308
5,233014694967,0,111703.7562490713,1366028.4456746876,5850494,105916.0668107015,1352736.993128171,10.591606681070148,617,54350.82231530594,1148171.257081449,319506
