SLAVE_INDEX,DURATION,FAILURES,READS_PER_SEC,READS_PER_SEC_NET,READ_COUNT,REQ_PER_SEC,REQ_PER_SEC_NET,TRANSACTIONS_PER_SEC,TRANSACTION_COUNT,WRITES_PER_SEC,WRITES_PER_SEC_NET,WRITE_COUNT
0,142410166155,0,4040293.28646031,4432732.60400795,143795861,4038963.815082981,4432606.30246173,403.9317536223708,14381,125389.25672126944,1197155.334655653,1516
1,141526536065,0,4064786.635182802,4429465.868640066,143772395,4063516.6519999574,4429354.11969694,406.4172770385214,14380,128256.3332477999,1273691.1225077272,1464
2,139334610504,0,4114113.8645962435,4466332.442791262,143264725,4112865.0945168324,4466231.64010018,411.35499663963986,14329,127305.19847203516,1342070.4794737615,1389
3,136336289541,0,4020085.972968414,4354946.376596777,136976158,4018813.4637126722,4354835.75342723,401.91207332932026,13699,123181.3068458483,1230917.3027378707,1371
4,133269071633,0,4001664.9498588033,4347958.237528559,133283308,4000467.9665524475,4347845.889419263,400.0495331873166,13331,131495.76652776235,1227630.5665515065,1355
5,145461456495,0,3794551.115867214,4118194.3221473224,137947402,3793411.5146094873,4118112.616562268,379.39940376837984,13797,123056.4238952718,1386379.3963460568,1389
6,135211582405,0,4256729.673704331,4639772.546940999,143844694,4255436.389144151,4639667.636912361,425.61435355875506,14387,130076.60100590841,1380735.2365035135,1378
7,140174822585,0,3784328.8229214307,4147787.18248459,132575684,3783191.2052425016,4147689.8536280184,378.35604226200303,13259,124395.89954393066,1258445.7498432747,1355
