SLAVE_INDEX,DURATION,FAILURES,READS_PER_SEC,READS_PER_SEC_NET,READ_COUNT,REQ_PER_SEC,REQ_PER_SEC_NET,TRANSACTIONS_PER_SEC,TRANSACTION_COUNT,WRITES_PER_SEC,WRITES_PER_SEC_NET,WRITE_COUNT
0,136695626548,0,4307150.896085387,4817807.63529676,147153131,4306051.677471258,4817639.729424554,430.6501489673099,14717,162945.75026285622,1077240.201043508,1477
1,139834810812,0,4429480.447259334,4948906.258343241,154808869,4428379.14539417,4948755.326787707,442.8853012591897,15483,168342.25873806723,1205804.031872548,1521
2,135585082162,0,4405874.802196665,4951017.454207594,149298835,4404625.1879425105,4950861.419999337,440.50092259065843,14932,153791.6055482229,1216037.8082982276,1532
3,134936051075,0,4348296.278119164,4895012.095573599,146647074,4347200.198366261,4894860.900699869,434.75397317420004,14666,162233.94213705123,1176395.2556709968,1433
