SLAVE_INDEX,DURATION,FAILURES,READS_PER_SEC,READS_PER_SEC_NET,READ_COUNT,REQ_PER_SEC,REQ_PER_SEC_NET,TRANSACTIONS_PER_SEC,TRANSACTION_COUNT,WRITES_PER_SEC,WRITES_PER_SEC_NET,WRITE_COUNT
0,192236649791,0,1028626.2805839549,1030493.0435996243,49426245,1028455.6468027675,1030325.1724442844,102.89386181321503,4945,55982.78173638841,57054.140027298956,472
1,190961836867,0,1016934.7514582481,1018768.0581029622,48539641,1016750.8816708119,1018587.5844908112,101.71650987033426,4856,56149.60180300421,57347.47472127786,513
2,195812125735,0,1063333.11052445,1065338.8519287768,52044191,1063155.3241076407,1065164.095447314,106.38754094881635,5208,56128.235543239876,57258.97902695095,485
3,201713057464,0,1110965.3848607782,1113138.3734907226,56012708,1110751.8314226489,1112927.1890029137,111.12800298565,5604,56683.25981804967,57504.968183439654,579
4,194306146820,0,1040979.3935217755,1042889.3647749401,50557271,1040786.3019760334,1042699.0812464147,104.12419677520467,5058,54978.05673856344,55945.336592496846,523
5,190681240007,0,1024154.0382097333,1026018.4174538422,48812660,1023973.8528700159,1025844.0550410171,102.43258146552115,4883,55378.02225062993,57326.92042410479,491
6,200265783549,0,1073642.5791318188,1075681.9583270012,53743744,1073458.462001326,1075501.3511859262,107.37715256767756,5376,55867.75990819139,57106.77604344788,506
7,189819590740,0,998942.6116062886,1000776.3106822844,47395770,998764.5387966239,1000602.9139479392,99.9052393231315,4741,55698.8023083191,57319.11053605659,499
