SLAVE_INDEX,DURATION,FAILURES,READS_PER_SEC,READS_PER_SEC_NET,READ_COUNT,REQ_PER_SEC,REQ_PER_SEC_NET,TRANSACTIONS_PER_SEC,TRANSACTION_COUNT,WRITES_PER_SEC,WRITES_PER_SEC_NET,WRITE_COUNT
0,147596552778,0,3357018.2529216316,3893613.1402436844,123855271,3356607.689511332,3893556.3756224783,335.69886496822414,12387,140146.17883480556,1042208.661227706,660
1,145105818004,0,3453122.2347684274,3958739.977709063,125252002,3452724.5212606783,3958693.6297311345,345.3203068421742,12527,138312.03827659294,1152151.4562419287,602
2,145969242604,0,3442112.81132799,3934563.2247507786,125591561,3441605.80022242,3934368.7253526226,343.95544737012284,12561,105847.3206495365,339856.71015809703,587
3,146803184754,0,3504292.749242836,4056245.5363594866,128593714,3503857.3097848585,4056184.0001923544,350.4283211140351,12861,134732.03742830697,1000788.5712764283,639
4,146026813818,0,3485203.6991833407,4009740.0278199688,127217339,3484783.970115452,4009685.924829872,348.53862033889936,12724,138893.4158460681,1084007.606801807,636
5,145639261674,0,3421062.7640183074,3959052.2503242753,124544165,3420637.5552433645,3959006.3250157894,342.1329454714592,12457,131115.31693063717,1184789.7574253385,617
