SLAVE_INDEX,DURATION,FAILURES,READS_PER_SEC,READS_PER_SEC_NET,READ_COUNT,REQ_PER_SEC,REQ_PER_SEC_NET,TRANSACTIONS_PER_SEC,TRANSACTION_COUNT,WRITES_PER_SEC,WRITES_PER_SEC_NET,WRITE_COUNT
0,164735465798,0,2777292.1290810774,2922958.042944189,114358234,2776786.223805084,2922625.4572674357,277.7291720194816,11438,72566.91035864086,120384.05096530942,559
1,160670688906,0,2766352.1103558033,2903489.0054527004,111098545,2765884.6490662224,2903115.7977473247,276.6132476214353,11111,86074.55083858452,117619.9629750692,603
2,163556109005,0,2741965.145438236,2874189.6291237995,112096501,2741495.176962742,2873891.3083928768,274.2040544534701,11212,78989.00175154647,134218.82436672115,570
3,163940163385,0,2827556.551522481,2973267.9932914716,115865991,2827045.248891131,2972963.0262985798,282.7345877072029,11588,75384.84026622144,136975.06439349308,574
