SLAVE_INDEX,DURATION,FAILURES,READS_PER_SEC,READS_PER_SEC_NET,READ_COUNT,REQ_PER_SEC,REQ_PER_SEC_NET,TRANSACTIONS_PER_SEC,TRANSACTION_COUNT,WRITES_PER_SEC,WRITES_PER_SEC_NET,WRITE_COUNT
0,153794428715,0,3055667.999091063,3199511.3367818636,117465483,3055144.6884380723,3199198.3398473286,305.5754701142088,11749,84897.8531178552,152453.44320409943,575
1,157114042249,0,3114301.9239668874,3268476.4430496446,122304079,3113780.595274028,3268175.0760249756,311.4155100595539,12232,86500.11230228255,161177.87135278241,585
2,157115877796,0,2953122.7041718024,3089544.608780823,115979186,2952717.895274432,3089228.3172914605,295.32208536271446,11600,95259.26110985846,132003.98676946457,530
3,166137694336,0,2964057.0796741,3097352.6208611093,123092943,2963651.626248123,3097041.6200719043,296.4278178745665,12312,105087.49085365336,147710.11734363757,619
4,157805754005,0,3009990.532861138,3164458.2240788415,118725433,3009421.87434403,3164122.1069778115,301.00176909143585,11875,77003.60034320857,141191.4738568045,589
5,155742644557,0,3072294.92233688,3212569.4405130306,119601604,3071791.039382973,3212173.139291856,307.22295204431293,11962,92791.43439383616,127734.28592588202,611
6,158477804390,0,3004668.6378724263,3159005.225521754,119024512,3004208.531488477,3158711.6208266765,300.48259844872666,11905,92806.87978518003,157618.27661234376,581
7,152649830853,0,3228709.8026609463,3397880.2215949786,123195578,3228203.4329572623,3397599.7680884623,322.8545782784752,12321,97072.06977261638,189013.41387808113,599
