SLAVE_INDEX,DURATION,FAILURES,READS_PER_SEC,READS_PER_SEC_NET,READ_COUNT,REQ_PER_SEC,REQ_PER_SEC_NET,TRANSACTIONS_PER_SEC,TRANSACTION_COUNT,WRITES_PER_SEC,WRITES_PER_SEC_NET,WRITE_COUNT
0,158938502039,0,3066913.3260316197,3195228.705333028,121843049,3066434.4872232974,3194942.2254635985,306.6825142155491,12186,90270.14200455489,160284.8792884018,577
1,155671084008,0,3256619.602083055,3407623.080715268,126726256,3256273.0787816048,3407380.4386574775,325.6590410109251,12674,146225.87330750472,223686.33671638338,634
2,161444506230,0,3121802.1679868344,3257947.186571552,125979091,3121313.296855688,3257559.7351572313,312.15459947775685,12599,96591.41173561121,131453.62988854924,630
3,155761066709,0,3271215.1424966925,3421387.2593198456,127361684,3270709.1365249595,3421047.2667084592,327.1146371319042,12738,96979.7493556767,155334.6752666686,602
4,161512297312,0,3005318.9963970184,3134285.161001912,121331928,3004911.6511696167,3133965.1730717374,300.5089565776221,12134,108830.84371771973,148925.27999398514,618
5,157385869053,0,3023153.6166455145,3160280.782278232,118932786,3022720.4441066803,3159946.769054296,302.338594403011,11896,100321.28964818481,140520.81698802998,585
