SLAVE_INDEX,DURATION,FAILURES,READS_PER_SEC,READS_PER_SEC_NET,READ_COUNT,REQ_PER_SEC,REQ_PER_SEC_NET,TRANSACTIONS_PER_SEC,TRANSACTION_COUNT,WRITES_PER_SEC,WRITES_PER_SEC_NET,WRITE_COUNT
0,222762757865,0,369096.16191153903,371684.1941193427,16901444,305010.1042525985,306898.226311741,305.05937206913956,16989,8564.182853554143,8584.80460062039,84779
1,224712625506,0,377363.32915796334,379998.1976545126,17303771,309606.0305616534,311603.18494916457,309.63988859164516,17395,8652.37823035081,8687.817211550646,89325
