SLAVE_INDEX,DURATION,FAILURES,READS_PER_SEC,READS_PER_SEC_NET,READ_COUNT,REQ_PER_SEC,REQ_PER_SEC_NET,TRANSACTIONS_PER_SEC,TRANSACTION_COUNT,WRITES_PER_SEC,WRITES_PER_SEC_NET,WRITE_COUNT
0,233889901438,0,372312.43241222214,375989.6372075321,7071066,121529.556535962,121949.95907050249,121.5610287901409,7108,888.2430623733646,888.5993190028985,35068
1,233537278238,0,395912.55322868016,399713.15600382304,6956876,119784.59375334188,120165.03993336984,119.82604134621522,6996,898.3996712713998,898.7909791969805,36666
2,233492024447,0,386124.2875762871,389532.56935221597,6936644,119454.11868374574,119810.59976976618,119.48855158823622,6975,897.1444111831559,897.5107910094548,36252
3,233837163597,0,376263.2917200721,379574.6443130987,6673210,114771.52556576903,115115.89934865564,114.83187547254575,6713,890.1917330012038,890.6326688299672,36252
4,233687011627,0,382579.2166387794,386144.3123301135,7105530,122229.19793929964,122628.62550126904,122.26514203855257,7143,886.1942681532566,886.6129716904503,35314
5,233397894388,0,383155.14991718787,386819.92247151287,7189197,123821.7854354639,124230.87676936468,123.85628179171471,7227,902.8117656274025,903.1398449030754,35739
