SLAVE_INDEX,DURATION,FAILURES,READS_PER_SEC,READS_PER_SEC_NET,READ_COUNT,REQ_PER_SEC,REQ_PER_SEC_NET,TRANSACTIONS_PER_SEC,TRANSACTION_COUNT,WRITES_PER_SEC,WRITES_PER_SEC_NET,WRITE_COUNT
0,233255234555,0,180261.89674619885,7819328.783468093,9654560,166409.98464215582,7807067.1640391145,166.4099846421558,9704,10396.840352522626,5976843.1780739315,49440
1,233196648649,0,186390.67429238497,7996290.156964581,9672558,166756.01568584875,7987117.4074417185,166.76054325117846,9722,7677.871863407806,6516786.841650879,49178
2,233354142512,0,193136.0009644411,9521436.337728342,9833671,169424.89031651497,9495714.703995522,169.42489031651496,9884,6780.370105537609,6215167.495794059,50329
3,233264315376,0,187448.02703742124,8041541.997850172,9772265,168444.11000741803,7790062.315563814,168.44411000741803,9823,8205.721012791382,1109137.6227078456,50735
4,233661683220,0,179357.86168749788,8404098.371063683,9448054,162601.37938075064,8387871.49854068,162.61117043116883,9499,8778.543204929716,6157851.199157601,50374
5,233264927540,0,180498.32582943657,8142909.329804632,9565976,164894.0558944689,8123962.988580589,164.89405589446892,9616,9405.405950794431,5622372.398044837,50024
6,233824964616,0,201516.51328844446,8448782.06268116,10315455,177329.22602209914,8431510.948406031,177.32922602209914,10366,6955.308522391679,5949446.711460839,50545
7,233586872490,0,188592.21333531576,9309038.303597085,9855984,169632.82044754602,9284149.724162051,169.63282044754604,9906,8151.375942136225,6080593.762394744,50016
