SLAVE_INDEX,DURATION,FAILURES,READS_PER_SEC,READS_PER_SEC_NET,READ_COUNT,REQ_PER_SEC,REQ_PER_SEC_NET,TRANSACTIONS_PER_SEC,TRANSACTION_COUNT,WRITES_PER_SEC,WRITES_PER_SEC_NET,WRITE_COUNT
0,249565074724,0,18447.756461839406,6916825.207304708,1074269,17294.08654144883,6813905.427296354,17.29408654144883,1079,1137.7449549556961,1556141.0957177256,4731
1,248745542004,0,17179.89736772361,7336609.476688831,942357,15228.413620932697,7219132.645416187,15.228413620932697,947,633.0720114707276,1698648.6450642925,4643
2,251018445060,0,14360.459944854761,7865035.580613095,794923,12732.132091871066,7721054.590146177,12.732132091871065,799,550.9735402271862,1689749.9692264078,4077
3,252806008455,0,13965.1991337645,7812216.346005397,867499,13797.140429203333,7673770.1489707595,13.797140429203333,872,4156.528432509148,1737877.9298093845,4501
4,245877075902,0,14394.722756642504,7966800.545931621,775779,12689.267547835765,7784245.737500474,12.689267547835765,780,557.1558807761241,1493680.3890221745,4221
5,250567661455,0,12680.30815828852,7345668.880681162,756349,12148.415251689128,7209677.535945572,12.148415251689128,761,1553.2377862565581,1797647.0188086212,4651
6,248423254799,0,17894.02441689452,8599107.499330202,1023795,16552.395641571606,8524024.841711532,16.552395641571607,1028,859.661119058993,2726943.4660197226,4205
7,248917353592,0,20150.705331930018,7114018.245765471,1104540,17837.245720029612,6986760.0205229465,17.837245720029614,1110,736.3078879308911,1512691.963484558,5460
