SLAVE_INDEX,DURATION,FAILURES,READS_PER_SEC,READS_PER_SEC_NET,READ_COUNT,REQ_PER_SEC,REQ_PER_SEC_NET,TRANSACTIONS_PER_SEC,TRANSACTION_COUNT,WRITES_PER_SEC,WRITES_PER_SEC_NET,WRITE_COUNT
0,167413988669,0,2297845.0591454795,7194574.101128515,89295000,2144360.8318166495,7188074.280273833,2144.36083181665,89749,151678.4173810319,6103527.071673376,454000
1,174504266504,0,1982382.9595460098,7500619.051909664,80297655,1849767.2662496245,7467825.319288448,1849.788436765155,80699,128319.85813975056,3979081.4091098737,400415
