SLAVE_INDEX,DURATION,FAILURES,READS_PER_SEC,READS_PER_SEC_NET,READ_COUNT,REQ_PER_SEC,REQ_PER_SEC_NET,TRANSACTIONS_PER_SEC,TRANSACTION_COUNT,WRITES_PER_SEC,WRITES_PER_SEC_NET,WRITE_COUNT
0,242466954044,0,40029.31307436901,7531782.274580084,2052600,34050.00088590134,7474677.4861585125,34.05000088590134,2064,1220.6461394111368,3160365.468543933,11400
1,243320954880,0,42800.15335374063,7707126.435339751,2306455,38106.04805727779,7659786.264205591,38.10604805727779,2318,1663.234000502425,3439317.641763117,11545
2,245648010280,0,37329.280182720744,7787009.703842546,2052512,33592.781763605664,7716842.858841006,33.592781763605664,2063,1631.6032841816314,2792503.4541853904,10488
3,243251868100,0,31620.956668318056,7843244.901127383,1813818,29993.60316115081,7766642.017691076,29.993603161150812,1824,2949.847040450376,2834703.7394244107,10182
