SLAVE_INDEX,DURATION,FAILURES,READS_PER_SEC,READS_PER_SEC_NET,READ_COUNT,REQ_PER_SEC,REQ_PER_SEC_NET,TRANSACTIONS_PER_SEC,TRANSACTION_COUNT,WRITES_PER_SEC,WRITES_PER_SEC_NET,WRITE_COUNT
0,242105040688,0,11780.057461613562,6298233.548803437,573571,9516.53048384547,6222378.67471566,9.51653048384547,576,205.2168508400745,1618739.2560263716,2429
1,237266638715,0,98546.9547015981,6228661.737258088,5338700,90497.34137209126,6205282.365737222,90.49734137209126,5368,5697.635205734918,3685019.73136269,29300
2,233101412221,0,187743.95559399307,6530215.608167477,9793200,168905.02560607393,6514021.4613070125,168.90502560607393,9843,8146.810708240138,4378674.352383182,49800
3,246134262782,0,6345.094445711053,5150860.627009496,342105,5590.44476151911,5095492.623876342,5.590444761519111,344,248.7820000215982,1732824.9161020126,1895
4,245908119998,0,8630.064826000404,4098031.3191434173,456781,7466.203230763313,4053799.125156588,7.466203230763313,459,259.5930277266194,1258222.5324464347,2219
5,244467718837,0,9454.465669371228,4406729.598244974,436868,7182.952450138504,4370692.302851194,7.182952450138504,439,142.99753930292135,1633470.2028640509,2132
6,243959660829,0,12626.196154709518,6375110.1722010365,687754,11329.74193605469,6329295.406210676,11.32974193605469,691,497.8900532166359,2508978.7196710967,3246
7,242742361984,0,8987.593572123817,5057149.621993803,545411,9030.150246888024,5049343.593049738,9.030150246888025,548,3622708.040725731,3810324.1535035223,2589
