SLAVE_INDEX,DURATION,FAILURES,READS_PER_SEC,READS_PER_SEC_NET,READ_COUNT,REQ_PER_SEC,REQ_PER_SEC_NET,TRANSACTIONS_PER_SEC,TRANSACTION_COUNT,WRITES_PER_SEC,WRITES_PER_SEC_NET,WRITE_COUNT
0,241656492506,0,18748.654484018207,5561592.188555182,966936,16105.505627593957,5488752.387120747,16.105505627593956,973,685.9338859482805,1777230.827305493,6064
1,225641304708,0,340569.28344294534,6039962.640099573,17863187,318284.2968087736,6038720.15011676,318.2927690085921,17955,23067.85301567229,5805159.711172108,91334
2,215859155439,0,577201.4779419584,6005838.08235849,28204852,525342.5538952685,5979217.809940037,525.3425538952686,28350,28460.620818419222,3212397.604383723,145148
3,240504411831,0,28596.56643239929,6327050.00744692,1556652,26011.99683769638,6256754.608403056,26.01199683769638,1564,1291.121514200105,1865636.7072400758,7348
4,240216127470,0,30588.73349363683,5943489.926733504,1720952,28807.391380764897,5891777.536503055,28.807391380764898,1730,2385.411721188123,2219216.8283741884,9048
5,241344649269,0,18487.357226624536,5517940.743330061,1098258,18297.48458636005,5451772.605962145,18.29748458636005,1104,6172.41855991954,1655274.7613407725,5742
6,241098723923,0,16356.717366520561,5476894.633709786,960576,16026.629826684817,5419368.489741665,16.026629826684818,966,3503.9143462479083,1894799.0055449246,5424
7,239883481474,0,27267.46665978908,6882498.694814779,1539233,25779.182301346827,6804284.718824267,25.779182301346825,1546,1921.657839156512,1898031.9033162126,6767
