SLAVE_INDEX,DURATION,FAILURES,READS_PER_SEC,READS_PER_SEC_NET,READ_COUNT,REQ_PER_SEC,REQ_PER_SEC_NET,TRANSACTIONS_PER_SEC,TRANSACTION_COUNT,WRITES_PER_SEC,WRITES_PER_SEC_NET,WRITE_COUNT
0,191818717104,0,1225679.136546719,6517484.399965031,54412176,1140418.2412574291,6514308.171941195,1140.4308625606589,54689,77562.59891089502,5943700.717653203,276215
1,200007456433,0,1059714.5114227051,7073280.6542039,48809679,981063.4238315573,7071812.1012602085,981.0634238315572,49055,62223.27791687559,6791274.407885581,245321
2,213738420010,0,608492.3416036459,7066606.191644484,29511422,555135.946052416,7062913.660708302,555.1458232211304,29664,30807.913487864287,6412553.841066948,152048
3,214987775591,0,601718.888441827,7024845.085136492,29821262,557577.5072348728,7020847.263472246,557.5944751193523,29969,35068.37202750255,6293405.261393957,146825
