SLAVE_INDEX,DURATION,FAILURES,READS_PER_SEC,READS_PER_SEC_NET,READ_COUNT,REQ_PER_SEC,REQ_PER_SEC_NET,TRANSACTIONS_PER_SEC,TRANSACTION_COUNT,WRITES_PER_SEC,WRITES_PER_SEC_NET,WRITE_COUNT
0,177571877115,0,1763716.0938535244,7011471.603727152,72993396,1652492.5273497186,6998575.850315815,1652.5138897704935,73360,121607.71660429754,5119075.79943945,365654
1,210287725157,0,846227.1893116947,7519247.444491053,40421210,772636.63334936,7516181.144814035,772.6366333493601,40619,41158.65440857663,6937980.864989844,197790
2,203909762894,0,912109.3641136297,7289309.52458574,42651396,840697.1082062112,7286803.478814799,840.7051886784701,42857,48667.66879744746,6800801.906720922,205191
3,180158933057,0,1682219.9103419965,7314824.654020003,70457305,1572034.1766810645,7313435.155550135,1572.0341766810645,70804,109845.52316938531,7041601.005718423,346695
