SLAVE_INDEX,DURATION,FAILURES,READS_PER_SEC,READS_PER_SEC_NET,READ_COUNT,REQ_PER_SEC,REQ_PER_SEC_NET,TRANSACTIONS_PER_SEC,TRANSACTION_COUNT,WRITES_PER_SEC,WRITES_PER_SEC_NET,WRITE_COUNT
0,237444379199,0,79185.36599211133,6851751.402110463,4226186,71494.6382696748,6837810.423542743,71.4946382696748,4244,2973.8081603385463,4611723.625880328,17814
1,223735623374,0,438097.83309272997,6890139.135607111,22377292,402045.9444209062,6887329.769408161,402.04594442090615,22488,22800.032590239887,6362926.05282508,110708
