SLAVE_INDEX,DURATION,FAILURES,READS_PER_SEC,READS_PER_SEC_NET,READ_COUNT,REQ_PER_SEC,REQ_PER_SEC_NET,TRANSACTIONS_PER_SEC,TRANSACTION_COUNT,WRITES_PER_SEC,WRITES_PER_SEC_NET,WRITE_COUNT
0,219024382950,0,540868.2330507317,6655987.717429211,27314514,501419.460796157,6613714.721794236,501.4236099749887,27456,33199.210172157196,2968330.9423599695,141258
1,185673798654,0,1521114.0443268183,6547376.612954231,65586843,1419958.582800935,6536710.313307023,1419.9956157386541,65914,98591.77732433137,4921023.911936455,325433
