SLAVE_INDEX,DURATION,FAILURES,READS_PER_SEC,READS_PER_SEC_NET,READ_COUNT,REQ_PER_SEC,REQ_PER_SEC_NET,TRANSACTIONS_PER_SEC,TRANSACTION_COUNT,WRITES_PER_SEC,WRITES_PER_SEC_NET,WRITE_COUNT
0,229757549246,0,250387.54588785706,6325853.299242377,13067712,228689.1384959128,6314633.535242873,228.69323682301209,13136,12963.660345641689,4710362.898742044,68052
1,205361165695,0,940303.6130855738,6389085.6625774205,44774349,876368.2237141774,6386382.538552433,876.3682237141774,44993,58723.71252752835,5877197.797161615,218651
2,238702752765,0,36250.72394243739,6951769.270380751,1932561,32542.56563872769,6895317.728194307,32.54256563872769,1942,1483.0176639317879,2589693.765076996,9439
3,239938036924,0,17884.87706044659,5642450.754546479,1042252,17471.1773662123,5590864.253601197,17.4711773662123,1048,3363.5554623819744,2103592.2185752355,5748
4,239385834137,0,25360.279983324657,6697296.76094638,1336170,22440.759785834343,6610210.522223428,22.440759785834345,1343,954.0506920519573,1865264.0318105351,6830
5,239569420406,0,33832.48998695556,5945991.8743894445,1818050,30488.031350670128,5906509.049553441,30.488031350670127,1826,1291.5179039688664,2345223.369988634,7950
