SLAVE_INDEX,DURATION,FAILURES,READS_PER_SEC,READS_PER_SEC_NET,READ_COUNT,REQ_PER_SEC,REQ_PER_SEC_NET,TRANSACTIONS_PER_SEC,TRANSACTION_COUNT,WRITES_PER_SEC,WRITES_PER_SEC_NET,WRITE_COUNT
0,225379448469,0,370393.95544339664,6332177.923299607,18622696,332168.7070784417,6325808.914853485,332.1687070784417,18716,15379.481224074641,5268203.736136869,93304
1,238954362568,0,27476.952667607206,5781512.959728823,1509493,25393.97035813987,5734120.65808696,25.393970358139875,1517,1563.3413067025137,2165224.481602226,7507
2,239249496501,0,34527.834971640004,6872653.559557505,1866752,31348.02835402687,6799735.982752482,31.34802835402687,1875,1435.1234337015778,1999160.1491371533,8248
3,193908748906,0,1217405.1342816115,6241813.233640755,54713202,1134265.4792054843,6233023.150560632,1134.265479205484,54986,77176.90188233848,4860267.271406174,272798
