SLAVE_INDEX,DURATION,FAILURES,READS_PER_SEC,READS_PER_SEC_NET,READ_COUNT,REQ_PER_SEC,REQ_PER_SEC_NET,TRANSACTIONS_PER_SEC,TRANSACTION_COUNT,WRITES_PER_SEC,WRITES_PER_SEC_NET,WRITE_COUNT
0,134474437719,0,4720631.969083051,1.0573900019152723E7,149869511,4480024.086502498,1.0509007271424716E7,4480.07622449174,150614,396969.7863576725,4694766.841917148,742669
1,147679997144,0,3710247.1051593153,1.122807823988122E7,128892264,3508586.2000306216,1.1198340831684524E7,3508.5862000306215,129537,295687.6612008204,7321705.952512951,644736
