SLAVE_INDEX,DURATION,FAILURES,READS_PER_SEC,READS_PER_SEC_NET,READ_COUNT,REQ_PER_SEC,REQ_PER_SEC_NET,TRANSACTIONS_PER_SEC,TRANSACTION_COUNT,WRITES_PER_SEC,WRITES_PER_SEC_NET,WRITE_COUNT
0,207792006187,0,956013.095906475,7964387.312491659,45738524,884961.8778621933,7955586.744591787,884.9810932602084,45973,56876.07418451274,6539899.170590468,233477
1,230261417183,0,259764.4886948111,8975966.804417426,13770165,240318.1595812979,8956592.624705166,240.3181595812979,13834,14013.765738879429,6111170.213466139,63835
2,184768262059,0,1936211.5363470847,1.0213489290803814E7,84047771,1828625.7403455528,1.0059740590599723E7,1828.625740345553,84468,150960.3936169127,2508182.234349804,420229
3,231293470185,0,219439.0998851882,7594182.965249977,12338381,214498.0572098203,7587755.186808103,214.49805720982033,12403,40476.31572356036,6532082.160450364,64619
4,229685520412,0,228280.659647178,9670387.300891997,11909828,208476.3546004456,9645823.013143055,208.4763546004456,11971,11652.888160639426,6453983.884611563,61172
5,204960579700,0,1094338.2082731572,9156737.462072693,52159631,1023065.022098003,9141201.952414138,1023.0650220980029,52422,73349.46502689336,6835603.798978734,262369
6,189656645181,0,1626933.534801025,9533292.93665294,71242292,1510166.1200779963,9514789.855797008,1510.1817116305688,71604,99581.38152040655,6879505.382606234,360968
7,222509276987,0,494598.74552783323,8970645.991935823,24739382,447028.55245811335,8779695.73423006,447.0285524581133,24867,22755.512435638426,1712636.7957703301,127618
