SLAVE_INDEX,DURATION,FAILURES,READS_PER_SEC,READS_PER_SEC_NET,READ_COUNT,REQ_PER_SEC,REQ_PER_SEC_NET,TRANSACTIONS_PER_SEC,TRANSACTION_COUNT,WRITES_PER_SEC,WRITES_PER_SEC_NET,WRITE_COUNT
0,220078114538,0,533937.1571307594,8054981.49649183,26155671,477757.6371949752,8029035.970978331,477.7576371949752,26286,21602.304072125804,4876628.271920229,130329
1,219947932692,0,524502.8756982202,8043027.44763849,25648866,468838.2324756931,8018269.446538427,468.83823247569313,25780,21547.906824450343,5004935.03295941,131134
2,219462735607,0,528931.4321046063,7981814.029248595,26174905,479483.84361906955,7959170.915766439,479.4982559936327,26308,24595.031106608767,5097988.575822365,132304
3,219824805050,0,511732.3673521243,8154307.340194616,25520087,466771.7093012384,8131598.436540244,466.7717093012384,25652,25935.40463717553,5284478.424507308,131913
