SLAVE_INDEX,DURATION,FAILURES,READS_PER_SEC,READS_PER_SEC_NET,READ_COUNT,REQ_PER_SEC,REQ_PER_SEC_NET,TRANSACTIONS_PER_SEC,TRANSACTION_COUNT,WRITES_PER_SEC,WRITES_PER_SEC_NET,WRITE_COUNT
0,203534266361,0,1134185.8363946725,9452421.69483077,51470409,1016791.7948171841,9294266.486956209,1011.8571272341107,51741,48628.33232950493,2203276.4342008326,267584
1,220438673036,0,575603.6987623809,9388756.119761573,30210787,550953.9062602036,9369370.408977142,550.9740567036291,30364,57958.88436411322,6644397.886334469,152100
2,210791565120,0,980259.38415685,8954563.304605523,48453630,924021.7932302812,8940458.852415992,924.0217932302812,48694,73541.50251389234,6785873.788069076,240370
3,217228394596,0,721850.8761699743,1.0127049210991744E7,36978283,684348.8406590535,1.0101590290362773E7,684.3488406590535,37165,60621.2289615529,6743949.371240414,186717
4,185593606508,0,1853500.9081382137,9522520.955615466,80765978,1749264.6115802804,9506631.564994114,1749.284389571902,81164,140638.65603924668,7097813.153800805,397104
5,191058098200,0,1600825.801716065,9947892.464863684,71565177,1505908.4263406533,9926430.554033551,1505.9084263406533,71929,118921.18339975046,6968976.992370387,363823
