SLAVE_INDEX,DURATION,FAILURES,READS_PER_SEC,READS_PER_SEC_NET,READ_COUNT,REQ_PER_SEC,REQ_PER_SEC_NET,TRANSACTIONS_PER_SEC,TRANSACTION_COUNT,WRITES_PER_SEC,WRITES_PER_SEC_NET,WRITE_COUNT
0,237971563052,0,18722.069295481193,18809.82751210333,1081146,18241.86026399895,18324.972569115496,18.27083247460473,1087,2357.155178914809,2357.703191600809,4115
1,237856124240,0,19892.925676762432,19995.967933447337,1135896,19204.24800746766,19300.115262712116,19.238267099346597,1144,2566.498814612005,2567.717028711986,6066
2,237923343337,0,19490.66686516791,19580.44215743376,1115211,18845.279900296042,18929.12918509779,18.879809315530444,1123,2528.342804584131,2529.615657952223,5722
3,237769837565,0,20232.67711301095,20333.668326015326,1157320,19562.83457832794,19657.1282983858,19.5985130464233,1165,2472.4319331602155,2473.582717542816,5543
4,237829003495,0,19313.93775638062,19415.59831984665,1101398,18624.154055681105,18718.46896647113,18.651755370769322,1109,2444.4928420618603,2445.4901347138493,5943
5,237801079854,0,20751.165807612673,20859.98622228382,1178470,19935.36784151932,20035.774767841405,19.965873224885126,1187,2516.42489359881,2518.004448495594,6693
6,237850922334,0,20117.503451021457,20220.355790976184,1151888,19463.23333360583,19559.46651237267,19.50775839116432,1160,2471.5030911264125,2472.9740532501182,5449
7,237877719895,0,20059.068855571404,20168.965826623113,1156927,19530.050994480087,19634.439923335933,19.55594932753728,1163,2516.974858795853,2519.659239319654,4514
