SLAVE_INDEX,DURATION,FAILURES,READS_PER_SEC,READS_PER_SEC_NET,READ_COUNT,REQ_PER_SEC,REQ_PER_SEC_NET,TRANSACTIONS_PER_SEC,TRANSACTION_COUNT,WRITES_PER_SEC,WRITES_PER_SEC_NET,WRITE_COUNT
0,203093350258,0,951868.5892473529,1302537.3435940675,47129430,932785.5774664277,1302326.2177455048,932.8116693952658,47362,183381.29632537547,1260673.3408783965,231207
1,202495008872,0,964550.1386140999,1332850.864437864,47701745,946990.0372764977,1332615.936132205,947.0246294185976,47942,204001.01167798013,1287226.3141796936,238444
2,205601928175,0,897354.2719484037,1318721.0513971443,44519698,870555.610002124,1318243.3514745147,870.569556448982,44749,127092.33426651798,1230902.6027139833,227280
3,205143087784,0,960448.9714144026,1349527.424310444,48045744,941438.9443301683,1348711.2562427174,941.468650546224,48284,187614.56186538623,1201235.315969611,236679
