SLAVE_INDEX,DURATION,FAILURES,READS_PER_SEC,READS_PER_SEC_NET,READ_COUNT,REQ_PER_SEC,REQ_PER_SEC_NET,TRANSACTIONS_PER_SEC,TRANSACTION_COUNT,WRITES_PER_SEC,WRITES_PER_SEC_NET,WRITE_COUNT
0,194183985586,0,1629301.5410190048,2753454.285207769,78666429,1628468.727973202,2750888.001524774,1628.4835145144739,79058,1475981.1265068299,2314822.132191119,389208
1,193147693018,0,1653954.8101071077,2827211.378351065,79410163,1652778.1979267544,2824034.705227851,1652.7939181433403,79810,1447076.6997268084,2306242.5827177833,397411
