SLAVE_INDEX,DURATION,FAILURES,READS_PER_SEC,READS_PER_SEC_NET,READ_COUNT,REQ_PER_SEC,REQ_PER_SEC_NET,TRANSACTIONS_PER_SEC,TRANSACTION_COUNT,WRITES_PER_SEC,WRITES_PER_SEC_NET,WRITE_COUNT
0,207128890196,0,1086264.8155262102,4680076.002890442,55708921,1076910.129673005,4678133.555340577,107.70104480160037,5577,112346.89822976386,3308947.665936214,55879
1,209362419509,0,1021895.8732225011,4820103.212705816,52911393,1011924.5110791848,4818362.273692869,101.20249604704816,5297,94768.56194360714,3547538.372413161,53348
