SLAVE_INDEX,DURATION,FAILURES,READS_PER_SEC,READS_PER_SEC_NET,READ_COUNT,REQ_PER_SEC,REQ_PER_SEC_NET,TRANSACTIONS_PER_SEC,TRANSACTION_COUNT,WRITES_PER_SEC,WRITES_PER_SEC_NET,WRITE_COUNT
0,88527719674,0,9086542.714760125,9546156.412038533,201070534,9085181.578852016,9544970.801767081,9085.28780226464,201075,583705.2937455258,729979.3757882114,2068
1,95767320801,0,8660148.686918443,9155800.836787593,207306319,8658835.572137475,9154582.393336108,8658.901288446998,207310,530618.9364762248,633776.9282805889,2052
