SLAVE_INDEX,DURATION,FAILURES,READS_PER_SEC,READS_PER_SEC_NET,READ_COUNT,REQ_PER_SEC,REQ_PER_SEC_NET,TRANSACTIONS_PER_SEC,TRANSACTION_COUNT,WRITES_PER_SEC,WRITES_PER_SEC_NET,WRITE_COUNT
0,114954961347,0,5044968.227448886,8529665.045276111,144964788,5044279.091614282,8527911.33864401,5044.3394500861,144968,341731.5423259985,392770.08265640313,1439
1,120007819570,0,4823658.2528807875,8703295.865304414,144701700,4823125.976906707,8701801.0661812,4823.151736763403,144704,416200.92458428204,497799.39163170505,1508
2,97338807583,0,6232707.077312269,7619144.878700045,151651092,6231949.404997058,7618288.990186154,6232.004594253314,151654,480165.4839328642,631215.1907534152,1539
3,97793979068,0,6251493.62061984,7674828.158122429,152818521,6250693.895735164,7673821.686274195,6250.77088201876,152822,455342.4925554763,546287.8478161556,1536
4,111516414505,0,5424314.186724272,8705217.403073436,151201473,5423524.229008299,8703477.504013132,5423.524253479475,151203,350419.30803475645,417057.28656113095,1521
5,116137992652,0,5520842.495377852,9211891.451351082,160272577,5520130.849178748,9210250.847331114,5520.156849394712,160275,408726.0538365447,503886.4760850278,1652
6,109207623179,0,6062386.558263344,9196669.380039329,165488379,6061482.309847497,9194847.210920433,6061.55355258707,165492,377636.93915589625,437992.219629062,1640
7,114654091846,0,5882321.776857939,9553937.859106624,168573971,5881189.35088425,9551204.785227016,5881.236679629197,168577,282087.9459636817,313210.26053825615,1635
