SLAVE_INDEX,DURATION,FAILURES,READS_PER_SEC,READS_PER_SEC_NET,READ_COUNT,REQ_PER_SEC,REQ_PER_SEC_NET,TRANSACTIONS_PER_SEC,TRANSACTION_COUNT,WRITES_PER_SEC,WRITES_PER_SEC_NET,WRITE_COUNT
0,102710224183,0,1.1301217101412633E7,2.353791366526372E7,72473280,1.1292012662084756E7,2.352084674020247E7,11292.355173413911,72496,2232035.9416572866,5098145.412441502,14542
