SLAVE_INDEX,DURATION,FAILURES,READS_PER_SEC,READS_PER_SEC_NET,READ_COUNT,REQ_PER_SEC,REQ_PER_SEC_NET,TRANSACTIONS_PER_SEC,TRANSACTION_COUNT,WRITES_PER_SEC,WRITES_PER_SEC_NET,WRITE_COUNT
0,196514186444,0,917569.5189842354,1080412.8803492899,43699453,891265.4051564408,1044142.704901032,8912.667373624132,437867,57952.26118476728,58531.87220744087,87121
1,199955491467,0,927364.5070589165,1095064.9356688717,44918662,900371.35103995,1057616.2488095379,9003.751730679827,450088,57917.898355831654,58466.09823890992,89887
