SLAVE_INDEX,DURATION,FAILURES,READS_PER_SEC,READS_PER_SEC_NET,READ_COUNT,REQ_PER_SEC,REQ_PER_SEC_NET,TRANSACTIONS_PER_SEC,TRANSACTION_COUNT,WRITES_PER_SEC,WRITES_PER_SEC_NET,WRITE_COUNT
0,100904327787,0,6385198.562641672,8074598.037378524,161030005,6383536.783077266,8073008.289997656,6383.63046166362,161034,237150.5068652102,391766.6258081777,1617
1,100921343862,0,6690411.461662002,8642628.970715398,168718351,6687188.201960846,8638324.077423267,6687.227277950829,168721,133360.05372136433,166733.03057948296,1654
