SLAVE_INDEX,DURATION,FAILURES,READS_PER_SEC,READS_PER_SEC_NET,READ_COUNT,REQ_PER_SEC,REQ_PER_SEC_NET,TRANSACTIONS_PER_SEC,TRANSACTION_COUNT,WRITES_PER_SEC,WRITES_PER_SEC_NET,WRITE_COUNT
0,102281314317,0,7382898.4138970785,8256190.873748357,188735187,7381099.519900491,8255028.085346206,7381.131382063813,188738,300696.69484216254,565009.548820492,1953
1,96191205813,0,6771759.71754721,7511582.4827188095,162806081,6770166.9242614675,7510616.790232251,6770.263649479142,162810,263209.10608350753,517537.51374343585,1549
2,98498112960,0,7917766.360488391,8950349.680714205,194916720,7915630.955454195,8949045.616599757,7915.764327270494,194922,284242.85299980914,577199.4286668985,1958
3,104299436713,0,7547646.710473437,8546896.41823005,196755794,7545879.640420949,8545830.604496578,7545.926471666435,196759,307210.29636915145,630675.2709484195,1955
4,98908529755,0,7540553.247751699,8522072.862773834,186414928,7538956.0217611585,8521276.151410153,7539.044350189987,186419,334966.88986389915,812158.6699707428,1836
5,103919372450,0,7182538.7006480135,8087509.804303888,186537029,7180139.972063505,8085469.212969849,7180.219144743482,186541,210443.00770382513,310719.79578721937,1881
