SLAVE_INDEX,DURATION,FAILURES,READS_PER_SEC,READS_PER_SEC_NET,READ_COUNT,REQ_PER_SEC,REQ_PER_SEC_NET,TRANSACTIONS_PER_SEC,TRANSACTION_COUNT,WRITES_PER_SEC,WRITES_PER_SEC_NET,WRITE_COUNT
0,116146862838,0,4850294.425726639,8222220.729204184,140725123,4846944.000417858,8218424.671335335,48469.492284258136,1407395,618242.3717816728,1475079.0317287298,14212
1,120192021400,0,5049780.252968221,9413380.497477772,151442610,5040526.5253322385,9408842.697138887,50405.33703347884,1514580,261053.54471615108,1617691.4269077857,15158
2,122372629795,0,5295657.8302450655,9902171.298403453,161892668,5292319.966359517,9897282.962106341,52923.2599789506,1619090,721611.1117002601,1660361.4671844398,16110
3,122958825774,0,5331695.960206585,9839979.358976658,163777583,5328419.557325822,9835840.304196253,53284.2069645127,1637941,749349.6252649027,1897782.40899164,16470
