SLAVE_INDEX,DURATION,FAILURES,READS_PER_SEC,READS_PER_SEC_NET,READ_COUNT,REQ_PER_SEC,REQ_PER_SEC_NET,TRANSACTIONS_PER_SEC,TRANSACTION_COUNT,WRITES_PER_SEC,WRITES_PER_SEC_NET,WRITE_COUNT
0,115658516601,0,5330225.0524860015,9443590.86022406,154008015,5326842.070138336,9438947.344406283,53268.46469845976,1540238,735088.8975234379,1616415.751469467,15648
1,116961185257,0,5319964.160360976,9645609.940692533,155447445,5316737.878755233,9641129.198182527,53167.41235374129,1554631,752653.6323786402,1707907.59237763,15546
