SLAVE_INDEX,DURATION,FAILURES,READS_PER_SEC,READS_PER_SEC_NET,READ_COUNT,REQ_PER_SEC,REQ_PER_SEC_NET,TRANSACTIONS_PER_SEC,TRANSACTION_COUNT,WRITES_PER_SEC,WRITES_PER_SEC_NET,WRITE_COUNT
0,193821720623,0,902770.9112119274,1059825.7873191233,43676393,901462.2480823564,1058015.8025975865,9014.66315057097,436810,57928.82951006223,58275.948289102664,4348
1,196653192751,0,923591.5917397771,1088802.1885109304,45334161,922206.7410297756,1086869.0018867187,9222.110711848241,453390,58023.3727209883,58320.346732351,4564
2,192052643929,0,893990.2409626682,1048758.7036927827,42855241,892664.0138491358,1046927.4001506036,8926.685648857523,428599,57535.80548904392,57889.31704001058,4380
3,192313264531,0,894909.4897989507,1049680.4967387156,42959662,893623.9131456149,1047904.6282539299,8936.261348740214,429641,57841.94016764568,58161.74540361181,4271
4,195908792297,0,928746.21626147,1095481.083188804,45413535,927330.038993773,1093502.3224206418,9273.322823441149,454182,56490.08443079449,56771.707142327214,4492
5,196540077376,0,923396.0045967471,1087922.7828310262,45297113,921982.6837319012,1085954.3193702917,9219.867612264316,453019,56476.706824249704,56806.811523450066,4524
6,195877012810,0,900547.466343524,1058847.9675442674,44030922,899243.6502534184,1057038.7237286477,8992.46663727029,440355,57664.69376646542,58001.9803666085,4368
7,201878257175,0,942374.3660981815,1114557.5307970347,47485481,940965.5237677777,1112578.4708754572,9409.661592889433,474902,57717.47079691469,58020.002261329275,4639
