SLAVE_INDEX,DURATION,FAILURES,READS_PER_SEC,READS_PER_SEC_NET,READ_COUNT,REQ_PER_SEC,REQ_PER_SEC_NET,TRANSACTIONS_PER_SEC,TRANSACTION_COUNT,WRITES_PER_SEC,WRITES_PER_SEC_NET,WRITE_COUNT
0,193463123137,0,893876.543162456,1048708.2456351004,43166708,892593.7574041677,1046935.9607133986,8925.950231258019,431711,57759.933531065195,58096.52490234648,4286
1,203390232795,0,952783.3022815898,1129398.1214638618,48366519,951302.5937436093,1127308.4206292953,9513.053120644514,483716,58163.624250166395,58463.58877091463,4895
