SLAVE_INDEX,DURATION,FAILURES,READS_PER_SEC,READS_PER_SEC_NET,READ_COUNT,REQ_PER_SEC,REQ_PER_SEC_NET,TRANSACTIONS_PER_SEC,TRANSACTION_COUNT,WRITES_PER_SEC,WRITES_PER_SEC_NET,WRITE_COUNT
0,173318805022,0,1885010.387148762,9268236.394900499,81639717,1884341.4940377907,9256720.686541151,18843.425046206405,816480,417164.3241140921,695222.4556768781,8237
1,175829520463,0,1881460.4640396994,9015093.794280538,82627795,1879915.836257751,9004477.747036852,18799.18627927514,826363,206700.25410133356,714010.0030841739,8380
2,175828806912,0,1921480.7740767011,9578241.711101605,84399442,1920229.1702347738,9569183.553422647,19202.314124873166,844080,256062.21582313895,916965.167247769,8459
3,175569118222,0,1940139.514137248,9359443.352937799,85121841,1939525.649205718,9350021.429193577,19395.30114282624,851304,459468.57658904564,831202.8437655289,8361
