SLAVE_INDEX,DURATION,FAILURES,READS_PER_SEC,READS_PER_SEC_NET,READ_COUNT,REQ_PER_SEC,REQ_PER_SEC_NET,TRANSACTIONS_PER_SEC,TRANSACTION_COUNT,WRITES_PER_SEC,WRITES_PER_SEC_NET,WRITE_COUNT
0,148887267632,0,3092547.748446514,9492446.76819268,115046349,3091146.310358397,9485494.728924587,30911.519644421664,1150583,567864.248549724,1159423.984764736,11733
1,143506753746,0,3401727.4847685318,9703410.99454548,121963228,3399851.9739604895,9693404.781785449,33998.56576354499,1219756,522183.16642294626,857272.7166863142,12202
