SLAVE_INDEX,DURATION,FAILURES,READS_PER_SEC,READS_PER_SEC_NET,READ_COUNT,REQ_PER_SEC,REQ_PER_SEC_NET,TRANSACTIONS_PER_SEC,TRANSACTION_COUNT,WRITES_PER_SEC,WRITES_PER_SEC_NET,WRITE_COUNT
0,5563196390,0,1445663.126546385,2649173.047051124,8021068,1441878.9914407462,2646737.0301658534,1441.970911294447,8022,26162.325361421063,132274.09510711985,388
