SLAVE_INDEX,DURATION,FAILURES,READS_PER_SEC,READS_PER_SEC_NET,READ_COUNT,REQ_PER_SEC,REQ_PER_SEC_NET,TRANSACTIONS_PER_SEC,TRANSACTION_COUNT,WRITES_PER_SEC,WRITES_PER_SEC_NET,WRITE_COUNT
0,6888982106,0,775440.1632972601,959309.2665015126,5317704,771952.6510844446,955993.7549697099,771.9484945576949,5318,8428.208409034234,13537.825607781706,264
