SLAVE_INDEX,DURATION,FAILURES,READS_PER_SEC,READS_PER_SEC_NET,READ_COUNT,REQ_PER_SEC,REQ_PER_SEC_NET,TRANSACTIONS_PER_SEC,TRANSACTION_COUNT,WRITES_PER_SEC,WRITES_PER_SEC_NET,WRITE_COUNT
0,127870027460,0,4550067.755781766,5327316.228347059,145424696,4549185.50934047,5326964.413552641,454.99314793199477,14545,218547.84708101169,687439.696550688,1423
1,129741672516,0,4759019.913981257,5466861.270164219,154336011,4758302.895500805,5466452.73539016,475.8685143531428,15435,294297.6235898839,641343.9691284709,1533
2,130447698685,0,4588227.707821595,4953405.674000453,149590889,4587047.299660839,4953119.337082065,458.7584579349328,14961,177812.60705132392,753705.668952025,1552
3,124556320869,0,4796670.156774582,5609192.606491025,149339049,4795920.783725345,5608782.445794502,479.65438366322684,14936,292072.76298903365,682539.353152989,1513
4,126842922444,0,4638485.718968175,5413210.023916436,147064056,4637720.202794226,5412771.404598075,463.84917756893844,14709,259747.20554170664,583576.5155436517,1440
5,130744834776,0,4280273.443374973,4629619.022865377,139874016,4279340.174000543,4629226.461495793,428.00913625282624,13990,186536.23087173278,485617.3843337561,1390
6,138743949625,0,4501359.122840957,5164211.572877082,156106987,4500622.172626145,5164066.119993256,450.1240136675822,15613,255309.35911453996,1337611.0197565234,1537
7,128824937181,0,4660916.87276094,5407397.4428749485,150080504,4660029.25471281,5407213.969107503,466.0585330262529,15010,230900.8305340159,1224010.8205842476,1490
