SLAVE_INDEX,DURATION,FAILURES,READS_PER_SEC,READS_PER_SEC_NET,READ_COUNT,REQ_PER_SEC,REQ_PER_SEC_NET,TRANSACTIONS_PER_SEC,TRANSACTION_COUNT,WRITES_PER_SEC,WRITES_PER_SEC_NET,WRITE_COUNT
0,145085157946,0,3247077.274039673,4541966.227268262,117751112,3246432.444697805,4541854.8051495645,324.63770138746924,11777,155826.13807682725,1316452.445388578,1179
1,147916222037,0,3337752.494264902,4598652.152869577,123403011,3337138.9371784106,4598403.5036167335,333.7563425272772,12342,172302.51690029586,718191.2165214219,1235
2,164532212653,0,2495187.27755451,4759662.086835142,102620251,2494861.8959237915,4759171.58971867,249.47333359243063,10263,179266.62904547658,424628.9722380365,1036
3,176264537753,0,2093896.0001869455,5038800.841438818,92251063,2093490.0048760348,5038285.12705421,209.36708800966323,9226,105474.78016316137,460151.88891380635,949
