SLAVE_INDEX,DURATION,FAILURES,READS_PER_SEC,READS_PER_SEC_NET,READ_COUNT,REQ_PER_SEC,REQ_PER_SEC_NET,TRANSACTIONS_PER_SEC,TRANSACTION_COUNT,WRITES_PER_SEC,WRITES_PER_SEC_NET,WRITE_COUNT
0,128692190212,0,4918795.121686903,5277509.044251638,158229093,4918111.246357378,5277331.010575939,491.8712310487655,15825,320586.26743436,1178070.682705016,1534
1,122381313866,0,5112129.347777593,5667621.969725601,156390152,5111618.597958156,5667469.001001075,511.1634888770166,15640,447192.2454237613,1484512.829812942,1498
2,125056761228,0,5173526.723838655,5815923.668849645,161705552,5172281.047809321,5814790.9882612275,517.2796895815221,16173,207466.16138603972,285648.3099587895,1627
3,129424333262,0,5060655.779865933,5478931.959997224,163710173,5059690.210451856,5478406.768984204,506.0104091046311,16373,244345.4644047625,502571.8759034304,1585
