SLAVE_INDEX,DURATION,FAILURES,READS_PER_SEC,READS_PER_SEC_NET,READ_COUNT,REQ_PER_SEC,REQ_PER_SEC_NET,TRANSACTIONS_PER_SEC,TRANSACTION_COUNT,WRITES_PER_SEC,WRITES_PER_SEC_NET,WRITE_COUNT
0,143284364246,0,3378339.482019163,5249786.6972511895,120998122,3377879.6629131255,5249145.310454119,337.799546725734,12102,231727.79530010946,398055.07598979695,1213
1,144506386471,0,3566120.049082091,5389844.26978139,128799761,3565268.2250371873,5389388.721910359,356.5516000084902,12881,138771.2198290931,553504.4081006658,1246
2,134432144088,0,3795465.6810267493,4522362.809251767,127539722,3794953.0557665145,4522245.572500225,379.5222112800661,12755,246572.12984092854,1202032.6100300432,1197
3,132119818686,0,3881133.8813544638,4629895.6042882735,128161670,3880205.20387168,4629601.370844599,388.08956027702646,12819,161521.02848878677,650709.7841690419,1332
4,143440186013,0,3551261.232799048,5347372.132475985,127331091,3550812.8799682357,5347262.223552141,355.0515470810578,12735,251228.4976038107,1703933.838921872,1224
5,144851692341,0,3453809.9407868735,4989379.565253517,125052296,3453284.2517464696,4989101.1344921375,345.32238821388484,12507,208172.41244973324,742934.252600384,1221
6,140376321943,0,3762407.7064526067,5217401.863566703,132009946,3761639.2044693506,5217107.231626606,376.08729303661903,13203,175933.5590837053,786334.1893558701,1323
7,146177788612,0,3546826.803260588,5182901.734724841,129594468,3546248.995296711,5182657.432773777,354.624129195472,12961,196881.35804033084,875107.9561310709,1241
