SLAVE_INDEX,DURATION,FAILURES,READS_PER_SEC,READS_PER_SEC_NET,READ_COUNT,REQ_PER_SEC,REQ_PER_SEC_NET,TRANSACTIONS_PER_SEC,TRANSACTION_COUNT,WRITES_PER_SEC,WRITES_PER_SEC_NET,WRITE_COUNT
0,120302847621,0,5487967.140088928,5672786.539775534,165005270,5486385.343756285,5671916.762096893,548.706050760627,16503,186651.71150008275,352203.2997348908,1675
1,124453999787,0,5352118.265011033,5564444.087593696,166488497,5351056.431611479,5563499.955809248,535.1695236263603,16651,246787.71292345892,297696.99590736534,1597
