SLAVE_INDEX,DURATION,FAILURES,READS_PER_SEC,READS_PER_SEC_NET,READ_COUNT,REQ_PER_SEC,REQ_PER_SEC_NET,TRANSACTIONS_PER_SEC,TRANSACTION_COUNT,WRITES_PER_SEC,WRITES_PER_SEC_NET,WRITE_COUNT
0,140153852302,0,3700537.2789512724,5031748.401402899,129610500,3699165.135203363,5031490.486544529,369.9541028947423,12963,187150.45509952013,1399927.4617828275,2561
1,143394444751,0,3680638.7685831343,5024001.832689011,131892421,3679222.8939979263,5023741.6264407355,367.93152482673173,13191,180007.16614735578,1388824.2219458171,2610
