SLAVE_INDEX,DURATION,FAILURES,READS_PER_SEC,READS_PER_SEC_NET,READ_COUNT,REQ_PER_SEC,REQ_PER_SEC_NET,TRANSACTIONS_PER_SEC,TRANSACTION_COUNT,WRITES_PER_SEC,WRITES_PER_SEC_NET,WRITE_COUNT
0,120698973484,0,3.39796678851117E7,4.180024113481657E7,170768094,3.395752472197554E7,4.179870285867098E7,33679.789155990125,170786,2411007.062247426,2.4037385836548604E7,8505
