SLAVE_INDEX,DURATION,FAILURES,READS_PER_SEC,READS_PER_SEC_NET,READ_COUNT,REQ_PER_SEC,REQ_PER_SEC_NET,TRANSACTIONS_PER_SEC,TRANSACTION_COUNT,WRITES_PER_SEC,WRITES_PER_SEC_NET,WRITE_COUNT
0,235195296604,0,743810.2703468669,744202.7990898027,7286071,743527.3176165458,743937.622995294,744.9123035880809,7300,83574.6878184307,88600.36414497241,351
