SLAVE_INDEX,DURATION,FAILURES,READS_PER_SEC,READS_PER_SEC_NET,READ_COUNT,REQ_PER_SEC,REQ_PER_SEC_NET,TRANSACTIONS_PER_SEC,TRANSACTION_COUNT,WRITES_PER_SEC,WRITES_PER_SEC_NET,WRITE_COUNT
0,206827927004,0,7088219.725698592,7232193.3243455235,61020668,7081111.130469704,7224885.431735102,7082.466044677123,61036,346230.29250379227,350734.658904157,3146
