SLAVE_INDEX,DURATION,FAILURES,READS_PER_SEC,READS_PER_SEC_NET,READ_COUNT,REQ_PER_SEC,REQ_PER_SEC_NET,TRANSACTIONS_PER_SEC,TRANSACTION_COUNT,WRITES_PER_SEC,WRITES_PER_SEC_NET,WRITE_COUNT
0,365041560454,0,2988089.8790119425,2.555350265173503E7,22758318,2496271.0516213356,2.5526418178091913E7,2496.588372433826,22789,15068.598371032564,1.2389381109322606E7,22749
