SLAVE_INDEX,DURATION,FAILURES,READS_PER_SEC,READS_PER_SEC_NET,READ_COUNT,REQ_PER_SEC,REQ_PER_SEC_NET,TRANSACTIONS_PER_SEC,TRANSACTION_COUNT,WRITES_PER_SEC,WRITES_PER_SEC_NET,WRITE_COUNT
0,8844766284,0,257590.18585691735,309114.2095191794,2257288,255347.61773022334,305870.8730974881,2553.4679928314617,22585,14718.046133091128,14773.479117336981,1202
