SLAVE_INDEX,DURATION,FAILURES,READS_PER_SEC,READS_PER_SEC_NET,READ_COUNT,REQ_PER_SEC,REQ_PER_SEC_NET,TRANSACTIONS_PER_SEC,TRANSACTION_COUNT,WRITES_PER_SEC,WRITES_PER_SEC_NET,WRITE_COUNT
0,263792633619,0,1.73843323663546E7,2.8143735070833877E7,113362978,1.7193159557861626E7,2.8143387579494826E7,17194.079001486974,113398,308043.7802079076,2.6511748435995687E7,22743
