SLAVE_INDEX,DURATION,FAILURES,READS_PER_SEC,READS_PER_SEC_NET,READ_COUNT,REQ_PER_SEC,REQ_PER_SEC_NET,TRANSACTIONS_PER_SEC,TRANSACTION_COUNT,WRITES_PER_SEC,WRITES_PER_SEC_NET,WRITE_COUNT
0,355076351779,0,3.991235561718701E7,4.057743475327457E7,590400840,3.990623900748895E7,4.0573150337763496E7,39907.05277680616,590419,2442912.827812894,3508031.223757121,5900
