SLAVE_INDEX,DURATION,FAILURES,READS_PER_SEC,READS_PER_SEC_NET,READ_COUNT,REQ_PER_SEC,REQ_PER_SEC_NET,TRANSACTIONS_PER_SEC,TRANSACTION_COUNT,WRITES_PER_SEC,WRITES_PER_SEC_NET,WRITE_COUNT
0,218272593001,0,604321.7605346598,604456.4958203159,32583003,597112.913756437,597249.4868271222,59.74180238413463,3260,526.4762999151399,526.848212964692,343
1,218878474557,0,591214.6798603792,591385.688234251,32011373,585013.1962915077,585185.880241828,58.5347539506298,3203,567.4232564788645,567.9080581103245,326
2,219353486276,0,632260.0795422297,632405.5355521233,34292635,625346.7785207859,625494.402369188,62.565676105454294,3431,606.4714311308605,606.9441577421854,364
3,219162611737,0,564966.4952812041,565111.0233868149,30663484,559653.1590305594,559798.7232092113,56.01319780393225,3069,538.9881164287851,539.3711643495155,278
