SLAVE_INDEX,DURATION,FAILURES,READS_PER_SEC,READS_PER_SEC_NET,READ_COUNT,REQ_PER_SEC,REQ_PER_SEC_NET,TRANSACTIONS_PER_SEC,TRANSACTION_COUNT,WRITES_PER_SEC,WRITES_PER_SEC_NET,WRITE_COUNT
0,136754791856,0,4717041.06067789,4809140.664699752,39494922,4625440.611002966,4715119.554902895,4626.285459885041,39542,226695.2789687263,229612.36406870786,39526
