SLAVE_INDEX,DURATION,FAILURES,READS_PER_SEC,READS_PER_SEC_NET,READ_COUNT,REQ_PER_SEC,REQ_PER_SEC_NET,TRANSACTIONS_PER_SEC,TRANSACTION_COUNT,WRITES_PER_SEC,WRITES_PER_SEC_NET,WRITE_COUNT
0,219106209428,0,702241.5211155365,703428.7496656816,34485035,629589.8430269292,630594.9132069286,629.6122555228607,34488,304.4378414021663,304.67556730158594,1726
1,219145257994,0,687915.4878445109,689214.9129625526,33918864,619142.5232834144,620211.986409088,619.1690778947872,33922,305.3151832533005,305.3993083079795,1673
2,220101357617,0,684855.3416842009,685918.1120675585,33894712,616014.7009903211,616891.4857294788,616.0434025455642,33898,308.3008276622243,308.3857619124342,1706
3,218052272924,0,676468.3792703592,677522.9455275524,33121701,607622.9255641804,608490.1956854321,607.6890192228834,33127,304.3027311533023,304.3842215038949,1689
4,218447614204,0,668438.3578189949,669566.0382631839,32757027,599845.6356572129,600772.5191958545,599.9057933628809,32762,300.53884093041427,300.63116368722757,1685
5,220528802103,0,644208.9307451668,645197.8191487398,32167170,583484.4916987355,584310.7760753125,583.5427828619343,32172,310.4217272871046,310.50723966466046,1614
6,219800677316,0,668781.6528133216,669957.8552309686,33108210,602543.529971003,603514.0354515882,602.582131459465,33112,304.68830229693515,304.76955499823777,1659
7,219056636423,0,662467.2862130152,663466.9815753473,32818147,599292.6128314105,600125.3145449515,599.3335495208896,32822,307.9492300868354,308.02842205664655,1609
