SLAVE_INDEX,DURATION,FAILURES,READS_PER_SEC,READS_PER_SEC_NET,READ_COUNT,REQ_PER_SEC,REQ_PER_SEC_NET,TRANSACTIONS_PER_SEC,TRANSACTION_COUNT,WRITES_PER_SEC,WRITES_PER_SEC_NET,WRITE_COUNT
0,181952425209,0,1698077.566011463,7006092.160278667,77211539,1697484.6234955413,7003653.962840632,1697.4986540322573,77216,210758.1939175279,872134.6642552516,3822
1,195141472672,0,1401024.3379556162,7226392.901525063,68325875,1400610.1330361492,7223065.809371782,1400.624851876232,68330,202086.16886601507,705653.3221152548,3406
2,177804587358,0,1870988.028276144,6841871.921700494,83134619,1870338.8756242755,6839929.131938824,1870.390350716638,83141,232222.41966901746,1009853.7922368447,4089
3,186197525835,0,1743524.9596044614,7093799.90391587,81125234,1742862.8363599868,7090100.319232781,1742.880256510149,81130,198196.04993718193,605839.1212834594,3953
4,181833742790,0,1683178.2197416218,6911426.333142485,76485716,1682624.0020442798,6908705.828309032,1682.6579231279377,76491,217517.4277549009,763219.6704509727,3739
5,172278879637,0,2128489.595603933,7366692.449040749,91602050,2126937.9321021736,7363552.207154942,2126.9930948000506,91609,136263.70959809702,771659.3216099977,4571
