SLAVE_INDEX,DURATION,FAILURES,READS_PER_SEC,READS_PER_SEC_NET,READ_COUNT,REQ_PER_SEC,REQ_PER_SEC_NET,TRANSACTIONS_PER_SEC,TRANSACTION_COUNT,WRITES_PER_SEC,WRITES_PER_SEC_NET,WRITE_COUNT
0,225930778954,0,140754.0367001054,4040836.3008568436,7153404,133421.39632129265,3939256.5382041372,133.42139632129266,7536,67588.36937728288,2679745.821420285,382596
1,229258256478,0,101474.38860374327,4085274.400448742,5262441,96715.78394005516,4078241.9103145683,96.70964233439658,5544,51474.590133118894,3950777.64041254,280782
