SLAVE_INDEX,DURATION,FAILURES,READS_PER_SEC,READS_PER_SEC_NET,READ_COUNT,REQ_PER_SEC,REQ_PER_SEC_NET,TRANSACTIONS_PER_SEC,TRANSACTION_COUNT,WRITES_PER_SEC,WRITES_PER_SEC_NET,WRITE_COUNT
0,241511039144,0,7196.328732310788,3720856.114934121,384104,6674.6431372805755,3537384.924995261,6.674643137280575,403,2698.3622595181077,1766648.1355287258,18896
1,241636898320,0,6484.41367510383,3996158.0949547086,349427,6075.231101733172,3811713.2968120826,6.075231101733172,367,2694.4153233843167,1987574.8578170857,17573
2,240533020334,0,8242.823756908501,3989520.0976955914,440556,7699.566560251665,3882220.0346979075,7.6995665602516645,463,3356.846577995587,2540828.5587137546,22444
3,240717384766,0,7260.285121220941,3994855.7334087538,378684,6630.1817027110965,3891334.9019817966,6.630181702711097,399,2532.831049593494,2623925.542302646,20316
4,244467889748,0,6322.871805442433,4112772.3918977184,351072,6021.240668937555,3916217.7985798945,6.021240668937555,368,3026.72946824863,1966812.7649843192,16928
5,242260864080,0,5898.694614480747,4014186.967778148,345660,5993.53925989679,3851901.588975991,5.99353925989679,363,8820.790895521888,2132952.5016755946,17340
6,243178216898,0,6787.930753538438,3899116.6341079376,363076,6299.906379536414,3746189.7832606444,6.299906379536414,383,2727.0405247753415,2184718.4732453953,19924
7,241119888410,0,7011.996548892001,3827784.9569780333,384297,6718.649426568056,3648259.7803099933,6.718649426568056,405,3781.83529486493,1950330.1691927672,20703
