SLAVE_INDEX,DURATION,FAILURES,READS_PER_SEC,READS_PER_SEC_NET,READ_COUNT,REQ_PER_SEC,REQ_PER_SEC_NET,TRANSACTIONS_PER_SEC,TRANSACTION_COUNT,WRITES_PER_SEC,WRITES_PER_SEC_NET,WRITE_COUNT
0,239621978599,0,12379.581758104754,3822881.7502374323,670863,11835.308332654906,3708679.025547463,11.835308332654906,709,6673.8333365002045,2431123.2091068598,38137
1,239588068347,0,13041.414541255595,4190420.001879355,710442,12454.710372630976,4133816.694534811,12.454710372630975,746,6559.091030296535,3255273.627042482,35558
