SLAVE_INDEX,DURATION,FAILURES,READS_PER_SEC,READS_PER_SEC_NET,READ_COUNT,REQ_PER_SEC,REQ_PER_SEC_NET,TRANSACTIONS_PER_SEC,TRANSACTION_COUNT,WRITES_PER_SEC,WRITES_PER_SEC_NET,WRITE_COUNT
0,238554847447,0,18915.071166663856,4377581.334394707,995364,17555.711170071496,4299840.281878309,17.555711170071497,1047,7359.841214946356,3203265.102088954,51636
1,238938146993,0,18700.852152639996,5229690.733981936,995971,17544.289401904545,5131701.495348436,17.544289401904543,1048,8033.527562655799,3776984.0086878836,52029
2,238876165182,0,18789.74084309794,4330853.1641271915,1005067,17699.54736496495,4282265.497882191,17.69954736496495,1057,8337.50604141027,3518353.0316637885,51933
3,237793666942,0,20350.56338730063,5297272.091350599,1074069,18974.432994889292,5216294.899236669,18.97443299488929,1128,8085.516937121631,3998871.6169129782,53931
4,238290409503,0,16953.996848390772,5300862.390721333,934991,16551.23262503918,5183540.154000717,16.55123262503918,986,11530.33525679727,3687541.160111553,51009
5,237991527824,0,17091.442314136762,3813923.7160250857,939164,16656.055096765736,3783954.2139401855,16.656055096765737,991,11396.256358290133,3312372.7900614245,51836
6,239006398575,0,18450.014129382067,5117433.7601695405,976720,17221.296268804297,5021862.475754385,17.221296268804295,1029,7673.6927461154655,3722912.2837394667,52280
7,238497061796,0,17278.813655063026,5194229.418647637,950361,16788.466783816595,5103799.568967556,16.788466783816595,1001,10954.310844036547,3846890.2142209024,50639
