SLAVE_INDEX,DURATION,FAILURES,READS_PER_SEC,READS_PER_SEC_NET,READ_COUNT,REQ_PER_SEC,REQ_PER_SEC_NET,TRANSACTIONS_PER_SEC,TRANSACTION_COUNT,WRITES_PER_SEC,WRITES_PER_SEC_NET,WRITE_COUNT
0,237470686972,0,25123.71504318938,3541694.7649028227,1320899,23463.948628981692,3537640.447698659,23.463948628981694,1393,10615.751647568435,3464973.8413721896,72101
1,236543889643,0,27582.27296023967,3825427.9162254944,1435671,25534.373384642364,3818899.469057838,25.534373384642365,1510,10490.332633619239,3697034.1931022303,74329
2,237172707460,0,25213.47329295125,4702739.375166523,1346751,23931.927331719973,4645550.564838874,23.931927331719976,1419,12288.843976466833,3787088.559238433,72249
3,236969999349,0,27426.23094155334,4494825.896844409,1481257,26248.048348261298,4463745.488565275,26.248048348261296,1555,14089.951691008646,3919368.72667912,73743
4,237223738650,0,24912.09082312674,5385909.901197146,1343263,23893.05569609359,5267343.107269487,23.89305569609359,1417,13690.972478745958,3759615.190228131,73737
5,236946314911,0,25227.501724996302,4856695.700890053,1356052,24123.607924212713,4793632.550457045,24.12360792421271,1429,13302.808550326308,3861541.340620721,72948
