SLAVE_INDEX,DURATION,FAILURES,READS_PER_SEC,READS_PER_SEC_NET,READ_COUNT,REQ_PER_SEC,REQ_PER_SEC_NET,TRANSACTIONS_PER_SEC,TRANSACTION_COUNT,WRITES_PER_SEC,WRITES_PER_SEC_NET,WRITE_COUNT
0,228945595740,0,551532.5580565871,627174.577039842,3474384,63903.338925177966,64808.34903150216,63.926971539327994,3659,3596.8626704688504,3599.6543567397143,183213
1,228976012299,0,542903.2305665658,618127.65460828,3493660,64224.92842087208,65183.66630920287,64.25063980501392,3678,3598.427522989042,3602.5981650616895,182832
2,228780671933,0,538733.9401591888,611425.8974625816,3456325,63627.665208812105,64532.426758920534,63.64075457445137,3640,3601.2546891680845,3604.032637045998,182870
3,228628149030,0,536050.3164180558,609975.47859471,3498249,64398.439398064,65357.40619434164,64.43568979164169,3683,3605.987681274072,3609.390918794332,182575
