SLAVE_INDEX,DURATION,FAILURES,READS_PER_SEC,READS_PER_SEC_NET,READ_COUNT,REQ_PER_SEC,REQ_PER_SEC_NET,TRANSACTIONS_PER_SEC,TRANSACTION_COUNT,WRITES_PER_SEC,WRITES_PER_SEC_NET,WRITE_COUNT
0,217189766157,0,628906.7803296411,727662.6616943276,4535422,87758.07597776952,89466.6010847157,87.811335171727,4768,4876.5611046378,4882.593470485032,229617
1,218759627257,0,626014.651516359,725272.5896032777,4479679,86137.22850177804,87792.18943870277,86.17551330924886,4713,4862.999481743414,4868.287210545029,231158
