SLAVE_INDEX,DURATION,FAILURES,READS_PER_SEC,READS_PER_SEC_NET,READ_COUNT,REQ_PER_SEC,REQ_PER_SEC_NET,TRANSACTIONS_PER_SEC,TRANSACTION_COUNT,WRITES_PER_SEC,WRITES_PER_SEC_NET,WRITE_COUNT
0,227635368558,0,72913.52104973426,1046947.6259969865,3773901,69702.68328911833,1030170.1412048215,69.71981564878462,3968,37434.6679515675,784185.2014596901,192798
1,228326080875,0,72612.70391487687,1007516.1186108362,3822087,70460.63217284222,992499.5210290651,70.46063217284222,4022,44975.77052328561,772399.1167825337,199913
2,233152098286,0,62163.32869668587,1004314.5788824516,3270272,59137.361839595,986498.2158983725,59.137361839595,3447,31112.50516671506,742695.4781029017,176728
3,228916642123,0,62850.39073571522,1027480.1516452997,3273859,60280.99954648748,1016244.7990344096,60.281258875021365,3450,34239.49744290978,844452.1052809621,175972
4,231542967236,0,60892.57845189039,981418.6302020393,3237540,58840.05099629628,965876.9192799784,58.840050996296284,3406,35708.18287576802,740508.5538100919,168460
5,227504487370,0,76186.99446593887,1031266.6200556679,3907937,72405.5168776076,1017653.2932553238,72.4196592947383,4119,37657.480683812806,817123.3450921634,210208
6,228789320339,0,77226.23042341093,955433.0532043551,3960332,72835.56756630399,942547.2446936425,72.83556756630398,4166,34769.895179009705,748229.9804580362,205668
7,229882645662,0,74891.89852063953,1032341.021573437,3833828,70227.13677889705,1018381.2332108839,70.22713677889706,4036,32197.250354445478,810536.1878576978,202172
