SLAVE_INDEX,DURATION,FAILURES,READS_PER_SEC,READS_PER_SEC_NET,READ_COUNT,REQ_PER_SEC,REQ_PER_SEC_NET,TRANSACTIONS_PER_SEC,TRANSACTION_COUNT,WRITES_PER_SEC,WRITES_PER_SEC_NET,WRITE_COUNT
0,227334080606,0,85619.65247804989,1101075.3063155161,4454133,82521.7228758303,1088634.3048060597,82.5217228758303,4690,49024.57095140497,897198.6133751629,235867
1,222936512709,0,116697.56016231439,1095203.1157140946,5990561,113090.4924170467,1080056.3111801755,113.0904924170467,6303,71007.96317873421,853682.9935054473,312439
2,226413370013,0,101822.93358017803,1044493.4182648959,4986876,92715.37276616969,1029901.4202430171,92.71537276616968,5248,34235.07685350378,812992.5154470435,261124
3,224637807548,0,102844.46897110695,1118766.8668725765,5239008,98184.71895158224,1106501.7854576723,98.18471895158224,5514,52696.86432164485,915324.9960561035,274992
4,223174867141,0,109312.53245631984,1032697.4074549789,5371794,101338.86619818718,1021101.9280667248,101.36710689174559,5656,42434.38537123916,841329.1683181019,282278
5,216896905660,0,138464.52802692933,1095148.3629586557,6956400,135039.7319448785,1082671.2472681054,135.0651931983667,7324,91858.88508751406,889967.854471727,366025
