SLAVE_INDEX,DURATION,FAILURES,READS_PER_SEC,READS_PER_SEC_NET,READ_COUNT,REQ_PER_SEC,REQ_PER_SEC_NET,TRANSACTIONS_PER_SEC,TRANSACTION_COUNT,WRITES_PER_SEC,WRITES_PER_SEC_NET,WRITE_COUNT
0,224129005943,0,604799.7789781042,611919.1702345989,21788936,389638.04632323835,392741.6175022617,3896.434128551096,218326,2167.4476201668144,2170.010922992525,43361
1,224399092857,0,612305.3223571753,619051.2167202036,22053523,393899.4354862549,396893.8397717629,3939.0529291154653,220980,2198.2242319509587,2201.5969533378748,44146
