SLAVE_INDEX,DURATION,FAILURES,READS_PER_SEC,READS_PER_SEC_NET,READ_COUNT,REQ_PER_SEC,REQ_PER_SEC_NET,TRANSACTIONS_PER_SEC,TRANSACTION_COUNT,WRITES_PER_SEC,WRITES_PER_SEC_NET,WRITE_COUNT
0,54519917304,0,4784398.366349486,6282463.731590521,32178022,4726379.582771203,6238807.7824794855,4726.616549242077,32214,360348.7017608924,785464.9355167609,32206
