SLAVE_INDEX,DURATION,FAILURES,READS_PER_SEC,READS_PER_SEC_NET,READ_COUNT,REQ_PER_SEC,REQ_PER_SEC_NET,TRANSACTIONS_PER_SEC,TRANSACTION_COUNT,WRITES_PER_SEC,WRITES_PER_SEC_NET,WRITE_COUNT
0,176442057675,0,2097582.7140001156,7532499.209644933,91828580,2085992.5397035868,7524850.059794582,2086.0105419104825,92015,558727.264357435,5008675.713915017,185624
1,181557709075,0,1823655.1580238978,7230656.384190154,82157336,1813650.7762607655,7223726.317492169,1813.682194705595,82322,482211.93901994685,4873037.3951899465,163234
2,185941191808,0,1596106.259702838,6677860.866760814,73560442,1585583.2327052737,6671089.094643132,1585.5980614042737,73707,366625.380353065,4413876.636630965,145867
3,178888828401,0,1862663.0241334015,7261574.705306068,82712747,1853148.2092156564,7254104.70869025,1853.1731037650914,82878,518474.3485348338,4777442.064880953,164131
4,187038630470,0,1662580.052177091,7007152.724047772,77075825,1651644.1508565757,7000573.4328916045,1651.6585806291632,77231,385751.1112693556,4767349.325847771,154490
5,176492776125,0,1869368.3952428326,6911834.801014347,81829718,1858301.0545865763,6906023.722127775,1858.3422460115544,81996,470960.05254678224,4869139.290957867,164460
6,184550414736,0,1762112.2011592116,7482523.19255536,80541172,1749156.2967321274,7474236.2887335755,1749.158861176306,80702,373367.92656205,4806457.631409304,160708
7,183848803632,0,1763196.7517014227,7121837.858008279,80408273,1752935.6821112654,7116097.813241328,1752.8505036686079,80570,447706.6335849448,5069308.083930781,160509
