SLAVE_INDEX,DURATION,FAILURES,READS_PER_SEC,READS_PER_SEC_NET,READ_COUNT,REQ_PER_SEC,REQ_PER_SEC_NET,TRANSACTIONS_PER_SEC,TRANSACTION_COUNT,WRITES_PER_SEC,WRITES_PER_SEC_NET,WRITE_COUNT
0,192391331179,0,1043185.5555217487,1061650.4948110506,48434334,1009007.5826721509,1026273.4629017385,1009.0461323094355,48533,57980.10998062557,58037.92785544338,96744
1,190753497718,0,1036232.5525849179,1054400.4151094968,47724876,1002761.6284277984,1019767.3402464173,1002.8006345377007,47822,58322.6592600259,58382.8789158295,95196
2,198529624040,0,1082376.3037839117,1102151.3330331054,51790205,1045561.784563585,1064006.350002443,1045.605728936127,51896,58045.976101561166,58106.8478681987,103542
3,192354185419,0,1053540.3747833495,1072267.0299413865,48893306,1018770.5953636264,1036275.2076145379,1018.8066639632584,48993,58269.39657929508,58331.90429870816,97891
4,188884931908,0,1022131.6228826039,1039921.3537783568,46650851,989871.0612399095,1006542.4710489151,989.9134334767581,46745,58261.20111215275,58311.38360058544,92081
5,198204466562,0,1090086.028950411,1110069.1763607124,52060107,1052752.1988750407,1071380.7216679305,1052.8103596236185,52168,58517.16695129001,58577.36040893083,104940
