SLAVE_INDEX,DURATION,FAILURES,READS_PER_SEC,READS_PER_SEC_NET,READ_COUNT,REQ_PER_SEC,REQ_PER_SEC_NET,TRANSACTIONS_PER_SEC,TRANSACTION_COUNT,WRITES_PER_SEC,WRITES_PER_SEC_NET,WRITE_COUNT
0,102077701584,0,5922895.230728066,8643610.672426555,150589495,5903965.377826096,8641842.279485727,5904.01135470395,150667,807972.7082068251,6156295.473462114,76309
1,117483884217,0,6787452.253617033,1.0655385701935837E7,198669570,6767474.137401331,1.065089373473542E7,6767.565497312314,198770,968963.62660704,5735246.451640166,97717
