SLAVE_INDEX,DURATION,FAILURES,READS_PER_SEC,READS_PER_SEC_NET,READ_COUNT,REQ_PER_SEC,REQ_PER_SEC_NET,TRANSACTIONS_PER_SEC,TRANSACTION_COUNT,WRITES_PER_SEC,WRITES_PER_SEC_NET,WRITE_COUNT
0,113765690322,0,6069725.477007974,8381818.222510606,172165422,6056375.503456685,8380896.703814337,6056.4465731233195,172254,1126349.7619233245,6876398.968011586,86513
1,109833287623,0,5414988.2289788965,7190459.366464562,148273179,5402589.404741996,7188629.22765659,5402.658882966215,148348,954574.4753853536,4735700.03506602,72860
2,120357531459,0,5985279.002378912,8435994.976187428,179513121,5968980.514067192,8433843.388681863,5969.014894729359,179604,926514.232661862,5586280.075237744,89819
3,120172703435,0,6330929.551247392,8995559.636986393,189535920,6311927.270657394,8993467.405182656,6311.981694548899,189632,898487.663207284,6131021.071557956,94421
4,111073709251,0,5459958.562541657,7510360.6888487525,151152117,5446086.423863205,7508607.957605142,5446.148645793447,151231,910942.8052553245,5152413.601655869,77138
5,111191400576,0,6011925.054085664,8276741.408198215,166555497,5994617.250498693,8274487.54405338,5994.707340304521,166640,875212.5169600451,5327102.188815149,81975
