SLAVE_INDEX,DURATION,FAILURES,READS_PER_SEC,READS_PER_SEC_NET,READ_COUNT,REQ_PER_SEC,REQ_PER_SEC_NET,TRANSACTIONS_PER_SEC,TRANSACTION_COUNT,WRITES_PER_SEC,WRITES_PER_SEC_NET,WRITE_COUNT
0,219293665796,0,588752.6676452106,589020.5672883798,30697949,559953.6838160686,560214.4750621002,56.034428350612565,3072,232.96879927195462,233.12579629477617,625
1,219632034278,0,560492.7330097026,560731.7119292881,29368368,534875.544845633,535108.6739937232,53.5440880480753,2940,232.2156159666554,232.36280151985255,583
2,219888524926,0,565862.7458795875,566081.864606817,29692817,540153.1709759358,540368.1301794052,54.06374517802031,2972,221.72424885898891,221.86246309416418,554
3,219475533059,0,596003.6850733194,596248.9246803472,31222579,569050.3823331689,569288.5824392639,56.95394507334385,3125,233.65148095804614,233.78439443480437,580
4,219428750974,0,581965.1749065984,582221.7509600966,30406222,554290.4631235474,554539.1233441,55.47129986232261,3043,227.6129172941982,227.7502632428077,594
5,219875529884,0,606575.7595898738,606835.086282482,31657499,575928.1902211113,576177.5415536077,57.6325979313,3168,226.75155624425017,226.87286058217254,630
6,220205182302,0,592219.6331070613,592446.1850578017,30969073,562560.7840150949,562783.6952156886,56.31110094300028,3100,227.33262185401617,227.4817526634544,627
7,218261112873,0,627830.0234787425,628101.821303612,32322270,592371.7253069776,592633.948219443,59.26844443323618,3234,213.4450260922235,213.57427106025503,658
