SLAVE_INDEX,DURATION,FAILURES,READS_PER_SEC,READS_PER_SEC_NET,READ_COUNT,REQ_PER_SEC,REQ_PER_SEC_NET,TRANSACTIONS_PER_SEC,TRANSACTION_COUNT,WRITES_PER_SEC,WRITES_PER_SEC_NET,WRITE_COUNT
0,114136194443,0,5482022.761203911,7370755.872268169,156237506,5475754.181659859,7369143.661484258,5475.808132487017,156247,232724.3939134471,1387929.6067656756,7930
1,108522969726,0,5582077.438285424,7506736.411900259,151294999,5576791.176356865,7503272.912353813,5576.845847105054,151304,276909.95273776684,726724.5376656833,7486
2,111247164474,0,5514703.726781251,7448157.620109195,153148200,5506870.713483926,7446928.841255498,5506.908423214843,153157,189162.33537355106,1745979.500309828,7738
3,123004252867,0,5955272.274829066,8190121.432926611,182895526,5947913.498495637,8188802.540548194,5947.956171714049,182906,231150.21445803487,1939059.773512174,9138
