SLAVE_INDEX,DURATION,FAILURES,READS_PER_SEC,READS_PER_SEC_NET,READ_COUNT,REQ_PER_SEC,REQ_PER_SEC_NET,TRANSACTIONS_PER_SEC,TRANSACTION_COUNT,WRITES_PER_SEC,WRITES_PER_SEC_NET,WRITE_COUNT
0,112393825724,0,5637791.01447802,7202467.676473597,158250643,5632289.246515301,7200912.6739816815,5632.336995942551,158260,277100.39284641633,1364954.1738542696,7991
1,109687758346,0,5665105.447213299,7363975.976927181,155176611,5659130.985628685,7361928.609559193,5659.190788545372,155186,255472.1038297801,1119483.4026131553,7737
2,113795878822,0,5956841.796946559,7726510.376352356,169263861,5950037.057660995,7724319.181942635,5950.091074239701,169274,252328.6121514526,1169327.8730560292,8563
3,114024580021,0,5852095.383419283,7696317.25544149,166644110,5846196.704931778,7694648.840723067,5846.281927540951,166655,279099.5709593963,1454591.9984744145,8421
4,109437462295,0,5560774.108665738,7203795.685008434,151975097,5555048.913335185,7202128.859125977,5555.134986678862,151985,254639.89707019724,1268435.4594448472,7517
5,113306951883,0,5303236.174275785,6865664.611320786,150049579,5297365.23686377,6863681.156444958,5297.397400052065,150058,228786.48769550232,1012141.1719603959,7498
6,110984038457,0,5855929.096862466,7601324.241086753,162306362,5850009.325904557,7599443.429683205,5850.1013483583465,162317,273691.0617913224,1269337.5769633434,8053
7,114287204044,0,5747724.641543332,7736810.80231904,164051165,5742004.6757583795,7735129.657410511,5742.059378865197,164061,276204.5926764001,1453741.2272774188,8250
