SLAVE_INDEX,DURATION,FAILURES,READS_PER_SEC,READS_PER_SEC_NET,READ_COUNT,REQ_PER_SEC,REQ_PER_SEC_NET,TRANSACTIONS_PER_SEC,TRANSACTION_COUNT,WRITES_PER_SEC,WRITES_PER_SEC_NET,WRITE_COUNT
0,109446147884,0,5591769.060361031,7987951.403243819,152879550,5587672.0727363555,7985480.908380721,5536.901676677766,152890,361412.8723777941,1124069.1710316376,7746
1,108745969005,0,5578226.565033559,7891945.499675287,151541379,5574419.222584038,7889958.126660672,5574.459107277539,151550,378097.0242631306,1299692.436920297,7526
