SLAVE_INDEX,DURATION,FAILURES,READS_PER_SEC,READS_PER_SEC_NET,READ_COUNT,REQ_PER_SEC,REQ_PER_SEC_NET,TRANSACTIONS_PER_SEC,TRANSACTION_COUNT,WRITES_PER_SEC,WRITES_PER_SEC_NET,WRITE_COUNT
0,188484540024,0,1030263.2240924007,1048223.0129507899,48504529,1029408.9476797099,1047347.3840303702,1029.4516552873195,48509,57718.065659119595,58314.7062109861,2389
1,189361745212,0,1030016.110478625,1048247.3797710276,48718953,1029169.4543785286,1047378.9333168089,1029.2243623659926,48724,57687.98888402428,58274.276409865925,2378
