SLAVE_INDEX,DURATION,FAILURES,READS_PER_SEC,READS_PER_SEC_NET,READ_COUNT,REQ_PER_SEC,REQ_PER_SEC_NET,TRANSACTIONS_PER_SEC,TRANSACTION_COUNT,WRITES_PER_SEC,WRITES_PER_SEC_NET,WRITE_COUNT
0,193350545160,0,5.219218561678182E7,5.373240801668467E7,252228991,5.218117462069224E7,5.372420641203204E7,52185.35623088099,252252,2317359.9095376907,3242644.724901817,2473
