SLAVE_INDEX,DURATION,FAILURES,READS_PER_SEC,READS_PER_SEC_NET,READ_COUNT,REQ_PER_SEC,REQ_PER_SEC_NET,TRANSACTIONS_PER_SEC,TRANSACTION_COUNT,WRITES_PER_SEC,WRITES_PER_SEC_NET,WRITE_COUNT
0,1035982584422,0,1.1155377537936682E7,1.1378989082939701E7,288861586,1.1153258417414984E7,1.1376790091065189E7,11154.059078594284,288886,569194.2422366575,571224.689813839,2951
