SLAVE_INDEX,DURATION,FAILURES,READS_PER_SEC,READS_PER_SEC_NET,READ_COUNT,REQ_PER_SEC,REQ_PER_SEC_NET,TRANSACTIONS_PER_SEC,TRANSACTION_COUNT,WRITES_PER_SEC,WRITES_PER_SEC_NET,WRITE_COUNT
0,226887799405,0,599258.5681318807,605209.0805905455,17131158,302171.9113138401,303707.4321599896,3021.774510885671,171401,306.4543725190774,306.5165506604616,8622
1,227852656332,0,596105.4361498847,601940.9722152511,16956781,297830.7696405355,299310.2505800409,2978.345327087432,169656,301.64228990093164,301.70362025475293,8602
2,228108691922,0,605177.4218547781,611583.9228769764,17139745,300705.5777754187,302305.4428899029,3007.1094533383875,171487,301.1288331881595,301.18256626562055,8644
3,228005086251,0,651358.4754309992,658197.6754228222,17922091,314571.84214321634,316191.26964812353,3145.7709947097023,179313,301.9704481289034,302.0323113608524,8904
4,228641184645,0,589287.447064504,595453.9350407849,17105086,299399.2709856133,301012.32904770586,2994.035886754804,171140,307.9950513384755,308.0575761643422,8665
5,228955061519,0,623359.6863705139,629509.6747957972,17503450,305952.0568589261,307454.0343699731,3059.552117015537,175125,304.11990461102096,304.1752306075793,8868
6,228200928295,0,625024.727817847,631330.2981809719,17870017,313390.67958369455,315013.1869818072,3133.9740029118807,178794,316.0298603422179,316.12188035608403,8994
7,227452417834,0,608783.1080588415,614714.5706668195,17393996,306042.1017410463,307559.6099505921,3060.4894881100363,174029,300.7278653023187,300.77965846158395,8508
