SLAVE_INDEX,DURATION,FAILURES,READS_PER_SEC,READS_PER_SEC_NET,READ_COUNT,REQ_PER_SEC,REQ_PER_SEC_NET,TRANSACTIONS_PER_SEC,TRANSACTION_COUNT,WRITES_PER_SEC,WRITES_PER_SEC_NET,WRITE_COUNT
0,218961113967,0,706652.1449180316,713480.225618399,32624553,596288.3437817983,601242.3159704037,5962.939117688447,326413,1917.4082038802856,1919.469387053544,16437
1,220011520310,0,679161.8806782144,686113.5472305778,31729689,577164.4131229084,582258.4086597073,5771.679157334601,317459,1933.3677724567606,1935.2014828255894,16016
