SLAVE_INDEX,DURATION,FAILURES,READS_PER_SEC,READS_PER_SEC_NET,READ_COUNT,REQ_PER_SEC,REQ_PER_SEC_NET,TRANSACTIONS_PER_SEC,TRANSACTION_COUNT,WRITES_PER_SEC,WRITES_PER_SEC_NET,WRITE_COUNT
0,225554341505,0,427013.18195505545,7133930.629612518,24061309,426919.7540490055,7107635.104541213,4269.2150720799455,240735,297428.79302082304,852790.6617024686,12092
1,220819597910,0,389492.47961917124,6890989.784061261,21478004,389253.49386349675,6857927.686603098,3892.534938634967,214887,174389.02283709118,644885.9978147976,10696
2,222431836044,0,480898.09508274996,7176430.786545342,26709799,480557.52225529205,7147813.003142211,4805.589042420847,267229,195954.79285013862,778787.9660815238,13024
3,223171548418,0,437966.48495659453,6651730.801187802,24401114,437571.906868231,6622562.793483119,4375.71906868231,244134,156873.29885608677,682101.3897135713,12286
