SLAVE_INDEX,DURATION,FAILURES,READS_PER_SEC,READS_PER_SEC_NET,READ_COUNT,REQ_PER_SEC,REQ_PER_SEC_NET,TRANSACTIONS_PER_SEC,TRANSACTION_COUNT
0,221827610282,0,369909.2096591836,372697.7101407344,20514019,369909.2096591836,372697.7101407344,3699.142488167537,205143
1,224379759390,0,349996.3820867702,352569.6169673538,19633026,349996.3820867702,352569.6169673538,3500.01227401125,196333
2,223375176717,0,359768.0869518208,362453.954958508,20090815,359768.0869518208,362453.954958508,3597.7136732135928,200910
3,223272995803,0,358895.04555536277,361638.4774475202,20032893,358895.04555536277,361638.4774475202,3589.0050476127435,200332
4,224662958509,0,351318.7065808097,353734.11084488366,19732075,351318.7065808097,353734.11084488366,3513.226703690628,197323
5,221761708384,0,343061.2279928169,345562.2064688998,19019461,343061.2279928169,345562.2064688998,3430.654956923918,190197
6,222770506419,0,368165.54093448364,370884.195416049,20504106,368165.54093448364,370884.195416049,3681.707590659688,205044
7,222873002595,0,376859.4267679342,379492.94391243975,20997948,376859.4267679342,379492.94391243975,3768.6210875525503,209981
