SLAVE_INDEX,DURATION,FAILURES,READS_PER_SEC,READS_PER_SEC_NET,READ_COUNT,REQ_PER_SEC,REQ_PER_SEC_NET,TRANSACTIONS_PER_SEC,TRANSACTION_COUNT
0,4177600422,0,9574874.559412805,1.0385450463708157E7,10000000,9574874.559412805,1.0385450463708157E7,95750.98005285466,100003
1,4656605017,0,8589949.083929358,9371877.19606732,10000000,8589949.083929358,9371877.19606732,85900.14110700843,100001
