SLAVE_INDEX,DURATION,FAILURES,READS_PER_SEC,READS_PER_SEC_NET,READ_COUNT,REQ_PER_SEC,REQ_PER_SEC_NET,TRANSACTIONS_PER_SEC,TRANSACTION_COUNT
0,100078283451,0,9943566.95263698,1.1451688494402364E7,248783778,9943566.95263698,1.1451688494402364E7,99435.69048984139,2487839
1,99590269256,0,9812424.038015395,1.1170991212107906E7,244305488,9812424.038015395,1.1170991212107906E7,98124.26229710213,2443056
2,99972731790,0,9724069.739757184,1.1236399140106618E7,243035454,9724069.739757184,1.1236399140106618E7,97240.7330033566,2430356
3,100550476990,0,9677447.08060186,1.1027845419910245E7,243267980,9677447.08060186,1.1027845419910245E7,96774.49943192721,2432681
4,95021320718,0,9271255.265063027,1.0709294970255964E7,220241730,9271255.265063027,1.0709294970255964E7,92712.64503899397,2202420
5,101552451679,0,9478408.409504175,1.087294318291873E7,240638903,9478408.409504175,1.087294318291873E7,94784.15766593395,2406392
6,99470464341,0,9729874.113004167,1.1170565364455145E7,241958774,9729874.113004167,1.1170565364455145E7,97298.71450896886,2419588
7,101960098835,0,9617674.003895545,1.11112795523741E7,245154748,9617674.003895545,1.11112795523741E7,96176.79970509457,2451550
