SLAVE_INDEX,DURATION,FAILURES,READS_PER_SEC,READS_PER_SEC_NET,READ_COUNT,REQ_PER_SEC,REQ_PER_SEC_NET,TRANSACTIONS_PER_SEC,TRANSACTION_COUNT
0,107386487723,0,9421909.864580626,1.0603228046272855E7,252946452,9421909.864580626,1.0603228046272855E7,94219.1715831022,2529467
1,101994813049,0,1.0018194665537633E7,1.1312124875972642E7,255450973,1.0018194665537633E7,1.1312124875972642E7,100182.02832361554,2554512
2,98548860898,0,1.0828010453661732E7,1.2328157405894883E7,266772024,1.0828010453661732E7,1.2328157405894883E7,108280.15720668239,2667722
3,99640917782,0,1.0591045762031699E7,1.2105394346124768E7,263825380,1.0591045762031699E7,1.2105394346124768E7,105910.53841302221,2638256
4,100208545995,0,1.0357813075661123E7,1.1716823647014618E7,259485347,1.0357813075661123E7,1.1716823647014618E7,103578.22045776561,2594856
5,104031271692,0,9756579.569699258,1.0955677266422538E7,253747345,9756579.569699258,1.0955677266422538E7,97565.87838524074,2537476
6,103605152449,0,9832468.018436205,1.103183251839809E7,254673587,9832468.018436205,1.103183251839809E7,98324.74907434687,2546738
7,104235152866,0,9696032.175433831,1.0879023148484591E7,252666849,9696032.175433831,1.0879023148484591E7,96960.36597967378,2526670
