SLAVE_INDEX,DURATION,FAILURES,READS_PER_SEC,READS_PER_SEC_NET,READ_COUNT,REQ_PER_SEC,REQ_PER_SEC_NET,TRANSACTIONS_PER_SEC,TRANSACTION_COUNT
0,103439806649,0,1.0099845406179516E7,1.1941408630182367E7,261181514,1.0099845406179516E7,1.1941408630182367E7,100998.52168176416,2611817
1,113217174030,0,8359286.125170563,9629202.075958699,236603688,8359286.125170563,9629202.075958699,83592.88100534005,2366038
2,113475986879,0,8343620.479014455,9609597.38123966,236700142,8343620.479014455,9609597.38123966,83436.24487923532,2367003
3,106012314928,0,9586296.315576293,1.1440547662605463E7,254066366,9586296.315576293,1.1440547662605463E7,95863.04753012344,2540666
4,105946870982,0,9421100.054664,1.1141804153745651E7,249534018,9421100.054664,1.1141804153745651E7,94211.06365106723,2495342
5,109207135616,0,8317225.453049283,9567468.614571117,227075092,8317225.453049283,9567468.614571117,83172.32238406989,2270753
