SLAVE_INDEX,DURATION,FAILURES,READS_PER_SEC,READS_PER_SEC_NET,READ_COUNT,REQ_PER_SEC,REQ_PER_SEC_NET,TRANSACTIONS_PER_SEC,TRANSACTION_COUNT
0,107887895390,0,8571349.887373125,9872800.651175015,231186225,8571349.887373125,9872800.651175015,85713.55812469983,2311864
1,105370492048,0,9675269.348989915,1.1296182746924447E7,254871973,9675269.348989915,1.1296182746924447E7,96752.76537919744,2548722
2,104829559486,0,9692809.213184753,1.1376926688625721E7,254023230,9692809.213184753,1.1376926688625721E7,96928.15085305758,2540234
3,99750706805,0,1.0606749384426078E7,1.272800986502253E7,264507687,1.0606749384426078E7,1.272800986502253E7,106067.55527492684,2645079
