SLAVE_INDEX,DURATION,FAILURES,READS_PER_SEC,READS_PER_SEC_NET,READ_COUNT,REQ_PER_SEC,REQ_PER_SEC_NET,TRANSACTIONS_PER_SEC,TRANSACTION_COUNT,WRITES_PER_SEC,WRITES_PER_SEC_NET,WRITE_COUNT
0,154033918993,0,2915670.474253725,3003224.340500279,112274294,2915575.7571837734,3003171.6715821633,291.6225711041694,11230,74772.55706957003,139614.38071750884,96
1,156886410973,0,2995595.1522955038,3084001.509915869,117487611,2995485.084306493,3083937.326951456,299.6033959392895,11751,77727.91175516383,138530.6416227359,115
