SLAVE_INDEX,DURATION,FAILURES,READS_PER_SEC,READS_PER_SEC_NET,READ_COUNT,REQ_PER_SEC,REQ_PER_SEC_NET,TRANSACTIONS_PER_SEC,TRANSACTION_COUNT,WRITES_PER_SEC,WRITES_PER_SEC_NET,WRITE_COUNT
0,168034343478,0,2121738.1409733146,6960587.269061834,88996408,2118952.260771721,6954672.415472031,2118.97152358361,89015,279832.770173818,1323835.7179439194,17780
1,173276103007,0,1922125.2129249175,6924541.340481868,83150831,1919885.7674364988,6919507.952187505,1919.9006962299813,83170,283011.853199589,1501481.3121602058,16750
