SLAVE_INDEX,DURATION,FAILURES,READS_PER_SEC,READS_PER_SEC_NET,READ_COUNT,REQ_PER_SEC,REQ_PER_SEC_NET,TRANSACTIONS_PER_SEC,TRANSACTION_COUNT,WRITES_PER_SEC,WRITES_PER_SEC_NET,WRITE_COUNT
0,138143508376,0,3886615.3606050336,7204465.374310631,134029209,3881064.5125699267,7201751.635603252,3881.0653376835785,134036,132346.87389090276,850219.3280908384,6758
1,139150210859,0,3877567.6349040163,7688464.682901863,134807416,3875353.897569188,7687393.732533194,3875.4086455163283,134816,308731.7132533955,2013125.9620196985,6662
2,139334944284,0,3839516.3248118293,7521145.882103229,133664528,3837409.3932256917,7520225.831940708,3837.4291646065694,133672,324612.0077132947,2203819.6668795543,6778
3,144210941411,0,4069640.9682503003,8381840.160702465,146533791,4064635.4171521207,8377731.759820134,4064.656796780846,146542,161011.51531767423,785786.232690129,7434
