SLAVE_INDEX,DURATION,FAILURES,READS_PER_SEC,READS_PER_SEC_NET,READ_COUNT,REQ_PER_SEC,REQ_PER_SEC_NET,TRANSACTIONS_PER_SEC,TRANSACTION_COUNT,WRITES_PER_SEC,WRITES_PER_SEC_NET,WRITE_COUNT
0,118095642028,0,4687543.392232463,7591883.85012388,138213857,4681655.296551194,7582624.526139178,4681.729866054401,138223,179327.999248145,298793.2285935959,6915
1,123009872238,0,4895386.308232473,8336031.927531514,150422882,4891653.662039307,8331469.278592598,4891.704654723967,150432,301777.03695248015,699066.707474141,7541
