SLAVE_INDEX,DURATION,FAILURES,READS_PER_SEC,READS_PER_SEC_NET,READ_COUNT,REQ_PER_SEC,REQ_PER_SEC_NET,TRANSACTIONS_PER_SEC,TRANSACTION_COUNT,WRITES_PER_SEC,WRITES_PER_SEC_NET,WRITE_COUNT
0,149684694203,0,3163784.196940129,3702562.9278533757,118221636,3159374.861391285,3697679.2076735226,3159.4118721612904,118229,108846.69268727177,134342.97905373242,5879
1,148120211095,0,3483672.211021188,4187610.833036583,128827637,3479174.625733408,4182394.0194721445,3479.1991221559633,128835,128586.31459359032,159979.2485635844,6383
2,147942167561,0,3413404.3194368943,4071280.4481929373,126081995,3409124.067295036,4066477.9411211656,3409.165318001713,126090,130760.44701141022,165404.758112066,6306
3,151254772511,0,3436743.899852714,4074246.985647928,129769411,3431977.817177625,4068886.5741088213,3432.0349025632895,129778,116880.26942698135,145793.1640997534,6345
4,152991798444,0,3181031.7711208044,3769045.4412206043,121528553,3177546.462910184,3765333.4861883703,3177.605682151472,121537,138843.6198934769,182141.78531492036,6084
5,144868119418,0,3505312.478871088,4193963.8117792914,126786334,3500912.789076929,4189197.5232722983,3500.946878155628,126794,133909.3473495592,176266.07884013522,6329
