SLAVE_INDEX,DURATION,FAILURES,READS_PER_SEC,READS_PER_SEC_NET,READ_COUNT,REQ_PER_SEC,REQ_PER_SEC_NET,TRANSACTIONS_PER_SEC,TRANSACTION_COUNT,WRITES_PER_SEC,WRITES_PER_SEC_NET,WRITE_COUNT
0,146342494512,0,3105449.0512227644,3774011.5387270865,113445173,3100966.3837784887,3769156.7119920743,3100.9961098966132,113452,102820.96108368972,139673.91562516624,5616
1,152792626679,0,3140815.533014312,3885799.000153681,119822852,3137033.8635972785,3881201.1538332817,3136.8246910480084,119830,126436.60633360066,159066.68834811173,6059
2,149152209564,0,3357193.107867233,4179346.4192326064,125027912,3353198.168917473,4174559.82354482,3353.2424488252946,125036,136574.71374630765,176379.41996998116,6317
3,151800710906,0,3173354.504964631,3904206.83771631,120279178,3169556.566160868,3899812.980893053,3169.600281868334,120287,127978.41595523836,167027.16512633834,6057
4,152013010447,0,3203900.8233873933,3958240.995033636,121621954,3200464.2403264856,3954216.201809755,3200.5123775758725,121630,142899.93683293098,185790.22739899554,6097
5,157517831452,0,3069021.8230625726,3748291.1934892135,120694095,3065055.680042946,3743614.6913873837,3065.0989899789497,120702,116014.37109114726,146573.97662173738,6136
6,151595016998,0,3251763.244577539,4052190.1241600076,123074555,3247624.715834131,4047022.626099103,3247.6778724555206,123083,127025.51634024586,157990.52896832296,6376
7,148013672371,0,3320849.13538449,4116939.660989931,122705102,3316213.0236839536,4111088.297917695,3316.257696313981,122713,114298.06771593228,139264.76188114172,6115
