SLAVE_INDEX,DURATION,FAILURES,READS_PER_SEC,READS_PER_SEC_NET,READ_COUNT,REQ_PER_SEC,REQ_PER_SEC_NET,TRANSACTIONS_PER_SEC,TRANSACTION_COUNT,WRITES_PER_SEC,WRITES_PER_SEC_NET,WRITE_COUNT
0,274921076693,0,5059708.263860515,4.6003411617215924E7,43456595,5060737.927902292,4.596039546690271E7,50607.680829627294,434785,8558171.752649754,1.5970895920488702E7,21640
