SLAVE_INDEX,DURATION,FAILURES,READS_PER_SEC,READS_PER_SEC_NET,READ_COUNT,REQ_PER_SEC,REQ_PER_SEC_NET,TRANSACTIONS_PER_SEC,TRANSACTION_COUNT,WRITES_PER_SEC,WRITES_PER_SEC_NET,WRITE_COUNT
0,236440772271,0,65592.12672772066,5721740.732948378,3390775,58568.57879032773,5684191.709582831,58.568578790327734,3462,9605.081927653297,4331081.095153305,71225
1,235621247965,0,69050.09668199961,5388846.832902939,3741101,64763.44613142326,5374447.973291321,64.67797987959626,3815,15618.541576305417,4733401.091532809,73810
2,236225523404,0,63997.11928319415,5956299.178624791,3460558,59807.25451008048,5923293.673944577,59.807254510080476,3532,14337.928420904162,4669848.838139622,71442
3,236091986582,0,73170.86988402953,5580786.508433965,3789283,65432.12340091249,5558341.126734712,65.43212340091249,3862,10049.021717200298,4595260.199886583,72717
4,236196669870,0,69233.4235248044,6599866.843328506,3703284,63929.77516707103,6547109.012909609,63.92977516707103,3775,12900.096501539429,4634190.104828713,71716
5,236108220058,0,63806.85987271302,6265224.7116548885,3397983,58769.660779245045,6218455.502497442,58.769660779245044,3469,12301.876005884895,4581907.992697735,71017
