SLAVE_INDEX,DURATION,FAILURES,READS_PER_SEC,READS_PER_SEC_NET,READ_COUNT,REQ_PER_SEC,REQ_PER_SEC_NET,TRANSACTIONS_PER_SEC,TRANSACTION_COUNT,WRITES_PER_SEC,WRITES_PER_SEC_NET,WRITE_COUNT
0,220210269036,0,285252.6638122036,4825484.40453514,14318524,265346.3903195519,4799113.5039952,265.346390319552,14608,59604.258418208316,3777893.2577778175,289476
1,228505105251,0,164652.42806694168,4825295.497942686,8618248,154027.1932276488,4825351.700271302,154.02719322764878,8799,37780.93545786298,4828032.945250812,180752
2,223880761458,0,220354.058507442,4759665.837874404,11163265,203554.81955312763,4754361.341204552,203.57263363876092,11394,43268.16851126133,4510121.6390232425,229737
3,231158358697,0,130204.76141379462,4798174.236551105,6861249,121146.38708223117,4795692.543618376,121.14638708223117,7001,27435.76953218889,4676929.555971972,139751
