SLAVE_INDEX,DURATION,FAILURES,READS_PER_SEC,READS_PER_SEC_NET,READ_COUNT,REQ_PER_SEC,REQ_PER_SEC_NET,TRANSACTIONS_PER_SEC,TRANSACTION_COUNT,WRITES_PER_SEC,WRITES_PER_SEC_NET,WRITE_COUNT
0,243522014094,0,1558.5117832021724,4325375.111922443,94880,1593.2851140522812,4069560.5794420755,1.593285114052281,97,1107955.933665842,1115890.7848212535,2120
1,239835958303,0,24239.926960413966,3906680.4612258226,1320318,22465.355229147906,3890051.5848925347,22.465355229147907,1347,4859.878162133198,3213252.1542184004,26682
2,237769641931,0,44699.52133094993,4138017.9340668633,2425697,41670.584686649236,4120723.1851888625,41.670584686649235,2477,9912.325979543682,3440780.0509872995,51303
3,242928651542,0,790.1891670247326,4649961.692889591,46142,773.8897771286423,4381246.159709566,0.7738897771286424,47,366.8939508839632,1066568.545675363,858
4,246561319227,0,2267.1688872153336,4472340.834614925,133715,2206.3477016812967,4331616.590524703,2.2063477016812967,136,858.5429794468267,1524511.5266581858,2285
5,247667441135,0,943.4014275948675,4352705.568678741,53987,888.2879355953822,4146246.2468461674,0.8882879355953822,55,215.947462849082,1175282.748026862,1013
6,245258816634,0,2290.1968531636535,4767862.095483626,121871,2022.3533930695805,4567259.27408239,2.0223533930695807,124,262.82324132410287,1339980.366046257,2129
7,244704805367,0,1686.279694792186,4581153.082507798,100134,1667.31503040202,4327670.1844367115,1.6673150304020201,102,1039.78994626006,1090304.817908578,1866
