SLAVE_INDEX,DURATION,FAILURES,READS_PER_SEC,READS_PER_SEC_NET,READ_COUNT,REQ_PER_SEC,REQ_PER_SEC_NET,TRANSACTIONS_PER_SEC,TRANSACTION_COUNT,WRITES_PER_SEC,WRITES_PER_SEC_NET,WRITE_COUNT
0,239498935741,0,18856.259203654907,4261846.664955568,1069406,18238.07686863236,4242566.188733556,18.23807686863236,1092,7147.394207091279,3494337.611798717,22594
1,234123894933,0,92822.92652035947,4415500.552497635,5001347,87184.60798647387,4414088.497291731,87.18460798647386,5103,21858.699513162057,4345713.145162382,101653
