SLAVE_INDEX,DURATION,FAILURES,READS_PER_SEC,READS_PER_SEC_NET,READ_COUNT,REQ_PER_SEC,REQ_PER_SEC_NET,TRANSACTIONS_PER_SEC,TRANSACTION_COUNT,WRITES_PER_SEC,WRITES_PER_SEC_NET,WRITE_COUNT
0,240003468097,0,22687.877386312695,4985448.340113839,1194987,20349.705938524516,4907005.6372040445,20.349705938524515,1221,3548.7726749918384,2848265.480723362,26013
1,240282120326,0,22754.922098579063,5207057.0091348095,1210564,20609.10729970849,5139491.587771605,20.609107299708487,1238,3993.341997649739,3268292.3967381283,27436
2,239844639222,0,23909.10170241984,5494429.8364498895,1293228,21980.89570440739,5456236.950096763,21.98089570440739,1318,4218.808404037038,4003434.4011165076,24772
3,239989501481,0,23590.14256758528,5035360.6582193095,1265810,21517.607929232,4990190.714275732,21.517607929232,1291,3973.8467881988877,3439673.617440497,25190
