SLAVE_INDEX,DURATION,FAILURES,READS_PER_SEC,READS_PER_SEC_NET,READ_COUNT,REQ_PER_SEC,REQ_PER_SEC_NET,TRANSACTIONS_PER_SEC,TRANSACTION_COUNT,WRITES_PER_SEC,WRITES_PER_SEC_NET,WRITE_COUNT
0,236966345641,0,50403.112120194775,4509412.735367866,2679284,46150.013287405185,4494503.819192085,46.15001328740519,2734,8992.727787580347,3868256.649100762,54716
1,240370982144,0,4901.831506590784,5579052.765927488,268998,4576.259539269256,5268777.33567414,4.576259539269256,275,1150.75498400869,1508585.7366888265,6002
2,240516969971,0,5910.417439004748,5893117.4634925695,314660,5321.869804672553,5583412.007461654,5.321869804672553,320,774.919307251653,1362893.1413934,5340
3,218530695482,0,321773.93377525365,4306235.682702491,15949782,297704.68563469464,4304986.565581928,297.69116203333357,16266,62124.176763944815,4242598.100186602,314621
