SLAVE_INDEX,DURATION,FAILURES,READS_PER_SEC,READS_PER_SEC_NET,READ_COUNT,REQ_PER_SEC,REQ_PER_SEC_NET,TRANSACTIONS_PER_SEC,TRANSACTION_COUNT,WRITES_PER_SEC,WRITES_PER_SEC_NET,WRITE_COUNT
0,238421024714,0,37118.48549584711,5379564.318657631,1973294,33755.41234106366,5343241.345773145,33.75541234106366,2012,6007.238072591044,3974947.9485772816,38706
1,238396592693,0,30580.980247453786,5256428.827317819,1698342,29087.630497009253,5225594.31921779,29.094374938173832,1734,8676.78381045374,4074289.684700757,35256
