SLAVE_INDEX,DURATION,FAILURES,READS_PER_SEC,READS_PER_SEC_NET,READ_COUNT,REQ_PER_SEC,REQ_PER_SEC_NET,TRANSACTIONS_PER_SEC,TRANSACTION_COUNT,WRITES_PER_SEC,WRITES_PER_SEC_NET,WRITE_COUNT
0,237728656006,0,44893.58578327403,5048211.070284774,2424757,41644.117147367106,5002935.088099238,41.644117147367105,2475,9268.29905231982,3491632.171426123,50243
1,237355454044,0,48927.94297016469,5269379.481167927,2622067,45046.363240584986,5248875.559854102,45.04636324058498,2673,8860.248044741087,4372900.781930861,50933
2,237932978294,0,45866.51037651989,5300462.264121801,2398285,41188.06930534323,5275722.276674705,41.188069305343234,2450,7187.754179437234,4336960.395832023,51715
3,237591682346,0,44538.6053167096,6115391.191978971,2375528,40860.01624359238,6073469.586685323,40.860016243592376,2427,8491.571324160223,4613782.186311753,51472
4,237341521894,0,46138.46859919821,6120602.149112005,2512805,43212.32929727529,6076171.561562614,43.22884525150563,2565,10509.680219663176,4480411.96519757,51215
5,237458545680,0,45890.71792796781,6871327.545447633,2432849,41843.09295564283,6796267.237498759,41.84309295564283,2484,8054.426327716842,4472540.699925819,51151
6,237456271966,0,48447.02328922942,6271711.389990608,2581713,44338.167666961,6232862.0840219455,44.34814613676365,2633,8293.627539359566,4731101.652434516,50381
7,237662053177,0,46041.37505438807,5220905.707225303,2461706,42274.38022054549,5210618.501879106,42.29534045813872,2513,8413.893341939984,4750238.518010625,50048
