SLAVE_INDEX,DURATION,FAILURES,READS_PER_SEC,READS_PER_SEC_NET,READ_COUNT,REQ_PER_SEC,REQ_PER_SEC_NET,TRANSACTIONS_PER_SEC,TRANSACTION_COUNT,WRITES_PER_SEC,WRITES_PER_SEC_NET,WRITE_COUNT
0,225386293030,0,207359.31351746368,6586673.118794877,10629235,192505.05173455624,6263613.303162872,192.50505173455622,10847,42811.59137152772,1845476.1423362999,217765
1,225962828548,0,211956.2686611733,6839965.11551369,10700359,193274.21364227982,6735270.442377187,193.28842667423282,10919,36264.617942347824,3844645.645315308,217838
