SLAVE_INDEX,DURATION,FAILURES,READS_PER_SEC,READS_PER_SEC_NET,READ_COUNT,REQ_PER_SEC,REQ_PER_SEC_NET,TRANSACTIONS_PER_SEC,TRANSACTION_COUNT,WRITES_PER_SEC,WRITES_PER_SEC_NET,WRITE_COUNT
0,224573453731,0,644516.6495447216,750367.6145519086,8129365,147636.22079622172,152587.81285741917,147.6734363637547,8291,3662.4880230132235,3666.0774229385834,159429
1,224444798730,0,627213.7749404942,729259.2501178291,8006769,145540.94452104482,150403.72186887512,145.58397718829917,8169,3684.5274507273834,3686.897398248384,159708
2,225128144906,0,632466.820986628,735025.1480542641,8068999,146225.6441270158,151079.26717228055,146.26169096570274,8232,3696.300704468967,3698.680991731181,160878
3,224785473001,0,630774.9629803036,737181.2174040468,8073006,146509.3431542771,151565.4789088247,146.5371872654535,8235,3693.4346676668006,3695.760276424404,160287
