SLAVE_INDEX,DURATION,FAILURES,READS_PER_SEC,READS_PER_SEC_NET,READ_COUNT,REQ_PER_SEC,REQ_PER_SEC_NET,TRANSACTIONS_PER_SEC,TRANSACTION_COUNT,WRITES_PER_SEC,WRITES_PER_SEC_NET,WRITE_COUNT
0,190051309520,0,987167.9882864157,1372364.1423097923,44826573,962690.3201145594,1369037.2670762893,962.7082803062926,45741,434294.74953640444,1223502.2400736033,913566
1,192643137106,0,946020.9510207708,1295725.1768854994,43537255,922346.5453754071,1294289.5326193755,922.3681033191967,44422,413061.9596622881,1227293.4572016632,883678
