SLAVE_INDEX,DURATION,FAILURES,READS_PER_SEC,READS_PER_SEC_NET,READ_COUNT,REQ_PER_SEC,REQ_PER_SEC_NET,TRANSACTIONS_PER_SEC,TRANSACTION_COUNT,WRITES_PER_SEC,WRITES_PER_SEC_NET,WRITE_COUNT
0,171085172107,0,1635433.1307675706,2774957.9500835873,68329084,1629930.733129797,2760227.034658892,1629.9428524428643,69716,1397920.5653930434,2187417.377716723,1385161
1,175185420785,0,1634585.2472060418,2773983.605994886,69931052,1629511.0102246744,2759803.3848192673,1629.527151480594,71369,1415467.3530144852,2209591.0205154917,1435591
2,179225793795,0,1632866.4275341877,2767816.990318107,71522065,1628643.3878701183,2754793.4110511495,1628.6311749102888,72974,1444571.1570764761,2236343.9558274476,1451661
3,178883346510,0,1649578.513625126,2812568.7996471487,72048217,1643702.8137974988,2798014.03171907,1643.7119068684583,73509,1397909.2801654772,2228692.992495541,1459548
