SLAVE_INDEX,DURATION,FAILURES,READS_PER_SEC,READS_PER_SEC_NET,READ_COUNT,REQ_PER_SEC,REQ_PER_SEC_NET,TRANSACTIONS_PER_SEC,TRANSACTION_COUNT,WRITES_PER_SEC,WRITES_PER_SEC_NET,WRITE_COUNT
0,139887435937,0,5301186.230734777,5346443.991541096,185387499,5301052.886078821,5346374.88309368,530.1690146274616,18541,191742.05325060303,363864.5114105312,175
1,139434607626,0,5312785.202935585,5377999.261988658,185191346,5312642.1382195745,5377896.769554637,531.3170080597051,18521,201892.35652960362,284313.7467139753,197
