SLAVE_INDEX,DURATION,FAILURES,READS_PER_SEC,READS_PER_SEC_NET,READ_COUNT,REQ_PER_SEC,REQ_PER_SEC_NET,TRANSACTIONS_PER_SEC,TRANSACTION_COUNT,WRITES_PER_SEC,WRITES_PER_SEC_NET,WRITE_COUNT
0,140335603593,0,5352920.501791793,5414918.8662859155,187795111,5352748.987196214,5414821.389961651,535.3451688539968,18782,175522.48591464316,308159.65993675176,204
1,137418637367,0,5319356.60391915,5378227.476620465,182740706,5319245.758840097,5378147.980120866,531.980108619605,18276,227320.36426082606,318441.8080376586,170
