SLAVE_INDEX,DURATION,FAILURES,READS_PER_SEC,READS_PER_SEC_NET,READ_COUNT,REQ_PER_SEC,REQ_PER_SEC_NET,TRANSACTIONS_PER_SEC,TRANSACTION_COUNT,WRITES_PER_SEC,WRITES_PER_SEC_NET,WRITE_COUNT
0,172216510285,0,2750433.0876418077,2834473.993089082,118413979,2750354.2559081535,2834464.2493094555,275.07225426862095,11843,96944.47055907837,661834.5627088249,124
1,167697804305,0,2902460.7135872403,2998915.9203456445,121679620,2902357.1895716717,2998900.9712917027,290.3078268538631,12171,73014.80407748566,467436.47611326573,112
2,161007513737,0,2952553.5314398967,3074198.6414175043,118842555,2952475.1296793576,3074167.6847009542,295.3152965164886,11887,103810.00782637189,269514.45798591845,115
3,169158431447,0,2883745.202632435,2987244.4153696313,121948661,2883658.164877427,2987202.3975008954,288.4395942607055,12198,85156.11130055811,183093.37067130287,112
4,166852608824,0,3031226.1131065795,3132238.7048950726,126438393,3031142.632798035,3132198.8495885017,303.1416886602056,12645,101791.63798519016,219094.34365400477,121
5,164661280355,0,2870983.49192128,2971012.001184302,118182009,2870914.5160345244,2970992.0935493633,287.11051860455285,11819,103321.36771173144,350737.87307259615,106
