SLAVE_INDEX,DURATION,FAILURES,READS_PER_SEC,READS_PER_SEC_NET,READ_COUNT,REQ_PER_SEC,REQ_PER_SEC_NET,TRANSACTIONS_PER_SEC,TRANSACTION_COUNT,WRITES_PER_SEC,WRITES_PER_SEC_NET,WRITE_COUNT
0,163527119343,0,3397373.5567847434,3573008.2507727356,138887816,3397306.857920757,3573000.0853656763,339.6105099737057,13891,160266.44593426285,1066211.7496534812,135
1,163431586758,0,3342929.17712452,3497752.697481579,136581667,3342849.6096594203,3497740.8634056672,334.3048905967629,13659,135179.10367867237,799848.2039904835,137
2,165455232638,0,3259007.476136851,3431620.1146344664,134801507,3258927.3086317657,3431609.4606547086,325.9612488167907,13483,129301.97461575724,846301.9846399279,137
3,165677105934,0,3271012.9103660723,3423543.3819113164,135479808,3270939.4393687802,3423533.5879970323,327.1180992715018,13549,140915.87605060113,894104.1337631994,137
4,163988676765,0,3427022.5759499012,3562264.4291840307,140494945,3426945.6348216785,3562252.586134183,342.7308558408888,14051,130628.14634218984,752053.8590891726,125
5,161845167470,0,3369715.4577878662,3526841.873786377,136339760,3369637.8861672785,3526824.7278069714,337.0133273829483,13636,145855.2084047523,622258.4475966363,142
6,162890278065,0,3426329.1288835923,3574992.578281194,139526121,3426263.388029167,3574982.6601396548,342.6599435947296,13954,156345.37793288814,888386.087041015,128
7,160570611984,0,3333423.9298358886,3500634.8483037306,133809544,3333354.0016234955,3500625.182118943,333.38593270328147,13383,146456.56016114762,905908.4189791325,129
