SLAVE_INDEX,DURATION,FAILURES,READS_PER_SEC,READS_PER_SEC_NET,READ_COUNT,REQ_PER_SEC,REQ_PER_SEC_NET,TRANSACTIONS_PER_SEC,TRANSACTION_COUNT,WRITES_PER_SEC,WRITES_PER_SEC_NET,WRITE_COUNT
0,165102114894,0,3281407.0094072665,3540113.5717904447,135437003,3281294.030350957,3540103.433621394,328.1847559041017,13546,97631.0474923841,953605.1107899084,143
1,164589363867,0,3387755.170403356,3612651.0005898583,139393678,3387674.7251454275,3612640.478507151,338.8067854947364,13941,127073.75252238936,871096.3152288231,129
2,166341313580,0,3223937.5140510094,3410496.0848756433,134064708,3223849.544401319,3410474.4289440024,322.4454187978344,13409,113918.64848275663,463829.9197989609,134
3,165377320391,0,3270249.285379667,3510533.055963625,135200981,3270125.0372262723,3510523.342417226,327.08228941209484,13523,91580.10644949805,995135.2677956073,148
4,175710378500,0,2658445.5830173492,3470445.659634138,116775490,2658365.95417726,3470418.0829649568,265.89206583166947,11680,96673.32089152576,432199.87279571925,132
5,177666743258,0,3110965.67080747,3588298.543449284,138175252,3110889.1504663345,3588286.236965055,311.1443134418741,13820,118000.38658335604,790985.1306601184,134
6,164169062157,0,3382726.6037063445,3578902.2289928137,138831109,3382640.630966908,3578892.84804858,338.3097098498174,13885,116629.27510508784,920472.2899487714,126
7,163864787097,0,3420566.4796795957,3611674.844715456,140122463,3420444.025403804,3611666.125323101,342.0868591266327,14014,79912.21643025137,945695.411210037,120
