SLAVE_INDEX,DURATION,FAILURES,READS_PER_SEC,READS_PER_SEC_NET,READ_COUNT,REQ_PER_SEC,REQ_PER_SEC_NET,TRANSACTIONS_PER_SEC,TRANSACTION_COUNT,WRITES_PER_SEC,WRITES_PER_SEC_NET,WRITE_COUNT
0,152123130129,0,4341575.373702127,4515776.134467365,165110162,4341491.155486662,4515760.931606493,434.17445829197584,16512,186796.654653523,929140.1582119213,144
1,157080954340,0,4014171.4081210196,4288350.663501597,157634197,4014092.2153758286,4288332.036908625,401.4489821129502,15765,198750.63144731865,820501.3921933344,162
2,152037158714,0,4308128.924340251,4560735.923934016,163745893,4308053.3044694895,4560719.123285107,430.8682396630929,16377,217736.25450948862,922758.2026720786,153
3,152519876283,0,4286913.345791828,4661085.304563961,163457203,4286847.589535295,4661063.002974745,428.71780842694153,16347,261682.60308368065,803901.1398874292,163
