SLAVE_INDEX,DURATION,FAILURES,READS_PER_SEC,READS_PER_SEC_NET,READ_COUNT,REQ_PER_SEC,REQ_PER_SEC_NET,TRANSACTIONS_PER_SEC,TRANSACTION_COUNT,WRITES_PER_SEC,WRITES_PER_SEC_NET,WRITE_COUNT
0,157303339252,0,3813037.9632614474,3984443.5976055292,149945570,3812905.605513865,3984382.0791309797,381.326766078539,14996,90121.11634314258,205657.37318407395,126
1,155711802415,0,3991737.290934467,4229062.261281262,155386547,3991649.0488207545,4229044.5929192435,399.19888832083615,15540,188232.8451366861,877629.9860353582,170
2,157268499600,0,3822434.568938754,4044444.8181999438,150283166,3822337.4771739733,4044424.4950125795,382.2760277134066,15030,148224.68455934318,685067.8561935805,154
3,157725656064,0,3619159.6213584184,3784743.737010699,142702977,3619021.0663532293,3784662.8097873894,361.9701547919344,14273,91053.40556688252,167161.63107072358,141
4,153855845061,0,3855615.1945097554,4086269.066524506,148296205,3855462.6752387392,4086187.636999998,385.58150141148064,14831,103609.54550905385,212358.89439667462,162
5,159871029308,0,3627885.6616352755,3823316.9554018695,144993291,3627759.791817253,3823250.6750409883,362.81732719270843,14501,92757.22430330628,190759.43934066602,132
