SLAVE_INDEX,DURATION,FAILURES,READS_PER_SEC,READS_PER_SEC_NET,READ_COUNT,REQ_PER_SEC,REQ_PER_SEC_NET,TRANSACTIONS_PER_SEC,TRANSACTION_COUNT,WRITES_PER_SEC,WRITES_PER_SEC_NET,WRITE_COUNT
0,166854610235,0,3225451.4017384485,4184736.031172796,134542600,3225388.3020794797,4184719.4985252814,322.5802048417389,13456,148464.9947014363,807029.4168577007,127
1,156620933743,0,3762147.2925245366,3981823.2305179895,147304199,3762059.6552364407,3981807.7568982714,376.27142874771783,14733,132229.41168225696,713653.6210784734,125
2,159305438344,0,3777675.967895346,4113002.4722078093,150446349,3777561.70947861,4112983.3779972307,377.7899521433797,15046,145279.9772660783,850221.956982039,182
3,171338097398,0,2991680.826665137,3851692.8244407577,128143896,2991606.1155350683,3851648.0038066423,299.22123162222545,12817,115921.24364623532,306674.99523049063,129
4,157922405932,0,3836761.6593129397,4069532.3824696043,151473875,3836669.688662757,4069515.4908238575,383.7072775444854,15149,154157.8241434479,792290.8019989706,152
5,165003873977,0,3346176.3450238532,3983836.5200396716,138029319,3346090.7474024524,3983815.713560177,334.6586748086041,13805,149383.487556695,741999.8920727429,165
