SLAVE_INDEX,DURATION,FAILURES,READS_PER_SEC,READS_PER_SEC_NET,READ_COUNT,REQ_PER_SEC,REQ_PER_SEC_NET,TRANSACTIONS_PER_SEC,TRANSACTION_COUNT,WRITES_PER_SEC,WRITES_PER_SEC_NET,WRITE_COUNT
0,163199367348,0,3366986.264101563,3523593.674209887,137370141,3366931.3363715922,3523584.5661773756,336.7414306236875,13739,177880.67977457537,917439.6095377022,125
1,163255384862,0,3535364.2077663406,3664590.0173167144,144288710,3535291.4115995024,3664580.2983340044,353.6054460373907,14432,148205.02340926847,929238.4890582168,130
2,159836828516,0,3574553.323499453,3710514.385044057,142832849,3574470.2475925847,3710501.9048080747,357.51449774351823,14286,152562.7710759541,873871.6796197477,148
3,162512126697,0,3532110.392550842,3707253.269368549,143499208,3532027.8656509398,3707243.7010217975,353.2535168425326,14352,133788.0098577438,974097.8525570069,132
4,157799029816,0,3847221.9426480005,4030984.896766279,151768057,3847126.517240767,4030973.14894244,384.74240316728503,15178,148366.531163481,1025900.5929501606,151
5,155293658039,0,3966889.454271497,4129214.7015101714,154004350,3966794.135567951,4129200.8508279463,396.7192184391882,15402,147587.04216732088,895231.328088196,143
