SLAVE_INDEX,DURATION,FAILURES,READS_PER_SEC,READS_PER_SEC_NET,READ_COUNT,REQ_PER_SEC,REQ_PER_SEC_NET,TRANSACTIONS_PER_SEC,TRANSACTION_COUNT,WRITES_PER_SEC,WRITES_PER_SEC_NET,WRITE_COUNT
0,133393035901,0,6001828.388554379,6767255.981604827,200146498,6001713.227324473,6767215.776122242,600.2411691607358,20017,281515.3869011933,928087.9179157797,189
1,139955594765,0,5556909.675341911,6395527.609010553,194426552,5556812.711244956,6395492.670154479,555.7474832092819,19445,316640.33789385523,1034661.1484738748,205
