SLAVE_INDEX,DURATION,FAILURES,READS_PER_SEC,READS_PER_SEC_NET,READ_COUNT,REQ_PER_SEC,REQ_PER_SEC_NET,TRANSACTIONS_PER_SEC,TRANSACTION_COUNT,WRITES_PER_SEC,WRITES_PER_SEC_NET,WRITE_COUNT
0,127444848704,0,6112260.7537046075,6689778.047730546,194739786,6112133.490849768,6689734.004464973,611.2760636909007,19476,281833.42709806835,887075.513434555,196
1,135835632128,0,5760756.757961692,6420861.689752418,195624610,5760633.228125584,6420825.183610857,576.1373290047246,19565,267154.09192654444,995148.650329643,204
