SLAVE_INDEX,DURATION,FAILURES,READS_PER_SEC,READS_PER_SEC_NET,READ_COUNT,REQ_PER_SEC,REQ_PER_SEC_NET,TRANSACTIONS_PER_SEC,TRANSACTION_COUNT,WRITES_PER_SEC,WRITES_PER_SEC_NET,WRITE_COUNT
0,131929068308,0,5933943.1836665245,6822691.582246437,195707888,5933736.044981454,6822517.794532754,593.4703410505614,19574,151503.41750236883,236485.8727765456,179
1,131499144098,0,5972962.574391106,6776065.366677002,196356619,5972869.567992464,6776037.6213805415,597.3270022053136,19637,349450.35138152435,1295215.3721613907,190
