SLAVE_INDEX,DURATION,FAILURES,READS_PER_SEC,READS_PER_SEC_NET,READ_COUNT,REQ_PER_SEC,REQ_PER_SEC_NET,TRANSACTIONS_PER_SEC,TRANSACTION_COUNT,WRITES_PER_SEC,WRITES_PER_SEC_NET,WRITE_COUNT
0,174446370612,0,1885168.2472170172,1947891.154048991,82212567,1885109.9214406854,1947852.8478467995,188.5485431315065,8223,56784.7742050491,90744.77915994456,79
1,179408880571,0,2140033.9173803646,2215816.300597967,95982622,2139976.6320266495,2215767.609121095,214.05711925395067,9601,65403.09501979655,81946.64767392923,81
