SLAVE_INDEX,DURATION,FAILURES,READS_PER_SEC,READS_PER_SEC_NET,READ_COUNT,REQ_PER_SEC,REQ_PER_SEC_NET,TRANSACTIONS_PER_SEC,TRANSACTION_COUNT,WRITES_PER_SEC,WRITES_PER_SEC_NET,WRITE_COUNT
0,178833932026,0,2151061.346056315,2261752.924238599,96167229,2150986.2006728924,2261692.3493094165,215.12342119320286,9618,62779.5554958839,85344.36557132243,101
1,177468589642,0,1967215.2093834782,2070037.6670261647,87276393,1967142.155714636,2069983.2108159314,196.7651522311392,8730,54871.31938087451,80582.23698889308,93
2,179891807042,0,2063862.3570937791,2167080.625077124,92814868,2063795.1783614059,2167030.8892367207,206.40875231247566,9283,61633.03689830748,90652.0440695652,93
3,181310991437,0,2010423.5767252254,2117175.6417850414,91124554,2010350.0461341422,2117142.7761278846,201.06615936473938,9114,50569.65094739448,121337.6916139077,86
4,180144265649,0,2034653.2717755998,2147482.4635538515,91628888,2034568.5869020864,2147441.2461372637,203.5010156799474,9165,40778.03444123245,91198.04415271463,78
5,178854509085,0,2078092.0882719806,2187550.082450093,92915045,2078004.9544256644,2187494.6646753284,207.8302834574978,9293,48956.695068928035,84002.39228089506,94
6,183083819284,0,1935077.6206285255,2044086.6007147925,88565091,1934965.1399311803,2044018.8467974912,193.52612607152597,8858,40840.34341577778,74471.76622708756,111
7,180856401353,0,2020064.2317541747,2130610.4148579086,91331042,2019970.2596478767,2130556.8866604986,202.03614696965343,9135,44633.42359978325,85559.26683729501,96
