SLAVE_INDEX,DURATION,FAILURES,READS_PER_SEC,READS_PER_SEC_NET,READ_COUNT,REQ_PER_SEC,REQ_PER_SEC_NET,TRANSACTIONS_PER_SEC,TRANSACTION_COUNT,WRITES_PER_SEC,WRITES_PER_SEC_NET,WRITE_COUNT
0,208403506867,0,1208014.6956666647,1210517.446993935,62937387,1207992.0524593808,1210495.1800016032,120.84232832681829,6296,56607.4980047077,57751.27967625429,58
