SLAVE_INDEX,DURATION,FAILURES,READS_PER_SEC,READS_PER_SEC_NET,READ_COUNT,REQ_PER_SEC,REQ_PER_SEC_NET,TRANSACTIONS_PER_SEC,TRANSACTION_COUNT,WRITES_PER_SEC,WRITES_PER_SEC_NET,WRITE_COUNT
0,210251332123,0,1076750.9408620303,1078859.3722933994,56596037,1076732.1077783324,1078841.0954225385,107.7185417840688,5662,54719.23739966957,56512.35594680588,53
1,210609662103,0,1088130.7948997107,1090400.6052210943,57291935,1088116.7070479605,1090387.3174707673,108.8267506154894,5730,53027.85567213156,56284.45571450154,38
2,208995569456,0,1076850.0046939943,1078975.2844685607,56263023,1076828.2437077234,1078954.3654340345,107.71505135388101,5628,53978.01070788787,56253.146660391314,60
3,209172007543,0,1104389.6388573102,1106785.3860662815,57750550,1104366.0129929779,1106762.4628964337,110.47351592199524,5777,54392.236867993015,56212.05823305739,64
4,209456649622,0,1107999.1956988669,1110228.16330703,58018528,1107982.4508738078,1110212.0148399158,110.83900522255473,5804,54088.098695154666,56204.42172675596,45
5,209731281888,0,1102087.0374878047,1104206.697982831,57784312,1102064.9371867725,1104184.7492785847,110.25521399181302,5781,55114.24007401572,55683.96338368624,61
6,210469138339,0,1078575.3049511039,1080850.603279441,56750430,1078552.256123987,1080829.3231460815,107.89214990668901,5677,51652.38957925742,55953.01047834779,61
7,210336936880,0,1103898.4660529492,1106155.5166652987,58046206,1103872.2320676595,1106130.5436969323,110.43217967417367,5807,53310.252532570186,56088.87843677091,70
