SLAVE_INDEX,DURATION,FAILURES,READS_PER_SEC,READS_PER_SEC_NET,READ_COUNT,REQ_PER_SEC,REQ_PER_SEC_NET,TRANSACTIONS_PER_SEC,TRANSACTION_COUNT,WRITES_PER_SEC,WRITES_PER_SEC_NET,WRITE_COUNT
0,225558471907,0,360583.31373941834,361646.5947770767,17795913,316215.30061352794,317039.13291289174,316.2636799944337,17834,5023.382409207997,5024.400542568493,35347
1,225602097352,0,384203.9000762911,385400.12331122713,18845535,334803.21719770745,335716.39663008327,334.8372614370467,18885,5107.994319144294,5108.806335733683,37542
