SLAVE_INDEX,DURATION,FAILURES,READS_PER_SEC,READS_PER_SEC_NET,READ_COUNT,REQ_PER_SEC,REQ_PER_SEC_NET,TRANSACTIONS_PER_SEC,TRANSACTION_COUNT,WRITES_PER_SEC,WRITES_PER_SEC_NET,WRITE_COUNT
0,219581630915,0,470337.76159548963,471283.1256018231,25770342,469538.274082274,470596.2533313128,469.58387314159984,25778,49420.708115883936,56775.17418302268,5153
