SLAVE_INDEX,DURATION,FAILURES,READS_PER_SEC,READS_PER_SEC_NET,READ_COUNT,REQ_PER_SEC,REQ_PER_SEC_NET,TRANSACTIONS_PER_SEC,TRANSACTION_COUNT,WRITES_PER_SEC,WRITES_PER_SEC_NET,WRITE_COUNT
0,232523505832,0,312952.2229376645,314549.8753983389,7598873,130991.62551766526,131272.37408528218,131.0146229948694,7616,466.32723574001244,466.34093330834344,15785
1,232414254371,0,322492.61577323335,324086.61416773533,8068880,139142.73927612908,139440.523845338,139.1651372630776,8086,477.85571805992663,477.8704961840768,15809
2,233008097255,0,331889.57834843633,333485.73023172474,8058461,138613.12280771794,138892.983782525,138.63869597525377,8076,471.9842047074209,472.00033723720543,16034
3,232507790366,0,329929.408880317,331798.11558835604,7968138,137355.31162086205,137680.83075497576,137.40601945090464,7987,468.1846823079737,468.20410728402436,15907
4,232428894705,0,326811.6465877609,328451.50779719383,7997019,137902.957550443,138196.3239088114,137.9345660812097,8015,479.79313467403676,479.8099783406193,16139
5,233105140707,0,319897.8815101789,321400.8998152372,7729726,132915.38704821706,133176.4712724394,132.96984235519128,7749,471.6358829314188,471.6531554483245,16089
6,232465254430,0,323606.18939824,325073.41502444545,8139016,140314.5260567188,140591.56796835797,140.35612976444767,8157,471.6167854530188,471.63111027215325,15547
7,232981742323,0,328274.93679212587,329902.65401757415,7937695,136561.60213571845,136846.29487994305,136.61138187863065,7957,481.27992566952076,481.30635024311664,16395
