SLAVE_INDEX,DURATION,FAILURES,READS_PER_SEC,READS_PER_SEC_NET,READ_COUNT,REQ_PER_SEC,REQ_PER_SEC_NET,TRANSACTIONS_PER_SEC,TRANSACTION_COUNT,WRITES_PER_SEC,WRITES_PER_SEC_NET,WRITE_COUNT
0,226701493313,0,376348.4004326661,377102.77952842513,16538762,291874.63669965,292349.6190676166,291.9080635398611,16544,262.52896707196385,262.61499103119485,3342
1,225558021572,0,381752.3349958518,382447.968930409,16810614,298175.8907586948,298660.3667910284,298.22913150168966,16817,273.35026757235966,273.60223259457445,3377
2,225000930054,0,379218.9849900149,379930.3098436272,16684063,296663.46705313696,297121.6081083196,296.6919137759282,16689,271.4131872495228,271.50984807681164,3326
3,227264482031,0,375005.71174192737,375742.9302714863,16605323,292323.84843548917,292793.7677099603,292.36401035676136,16611,269.9439948109334,270.0367936370894,3384
4,226493240771,0,386131.5999160772,386840.24298565305,17071644,301554.0939213099,302009.7245649171,301.589207889887,17077,269.6730281711981,269.7694176436124,3347
5,225610431043,0,372935.19153687014,373627.45782295737,16421063,291198.1848369346,291642.48204848135,291.26296624522934,16428,264.65848151272354,264.75140688012146,3274
6,226557662837,0,384749.4477764402,385517.6230996335,16826762,297146.39159406786,297626.9195386679,297.1780904128077,16832,266.2517657393966,266.3405495361286,3436
7,226257034064,0,375634.19317360304,376451.49651242536,16620859,293899.1411917406,294421.74288177775,293.96630949639774,16628,270.20008819136837,270.29528073303015,3328
