SLAVE_INDEX,DURATION,FAILURES,READS_PER_SEC,READS_PER_SEC_NET,READ_COUNT,REQ_PER_SEC,REQ_PER_SEC_NET,TRANSACTIONS_PER_SEC,TRANSACTION_COUNT,WRITES_PER_SEC,WRITES_PER_SEC_NET,WRITE_COUNT
0,216086268690,0,558144.9560441485,5047438.302155771,29881745,554239.8446974637,5040974.290043959,554.2970534061028,29944,122241.32563783207,3060964.8108308483,59160
1,213553090507,0,568691.4066020497,5510058.185773926,30016187,563344.7107432828,5505026.025606601,563.3634064833075,30077,98520.62029364258,3774958.297815298,59814
2,215206127171,0,559024.6280922105,5261228.047495164,29944798,557698.1360973688,5257562.2828801125,557.7349919999236,30007,255824.46016850468,3904651.3780202772,60216
3,211410181979,0,598749.9241625675,5348113.367978848,31406265,595404.1514069719,5341726.229888958,595.4301211086545,31470,156100.33175100348,3335508.8667517696,62360
