SLAVE_INDEX,DURATION,FAILURES,READS_PER_SEC,READS_PER_SEC_NET,READ_COUNT,REQ_PER_SEC,REQ_PER_SEC_NET,TRANSACTIONS_PER_SEC,TRANSACTION_COUNT,WRITES_PER_SEC,WRITES_PER_SEC_NET,WRITE_COUNT
0,181590377217,0,1378604.4585168837,5991980.435419156,62199241,1372796.4874598128,5987668.1573963575,1372.8038456074069,62322,437117.88773633086,4384444.003991582,122417
1,181487290451,0,1245727.12407426,5716078.247831129,55957917,1235859.786338907,5711319.8331615925,1235.8714029690784,56076,255109.45642002832,4067790.307269016,115294
