SLAVE_INDEX,DURATION,FAILURES,READS_PER_SEC,READS_PER_SEC_NET,READ_COUNT,REQ_PER_SEC,REQ_PER_SEC_NET,TRANSACTIONS_PER_SEC,TRANSACTION_COUNT,WRITES_PER_SEC,WRITES_PER_SEC_NET,WRITE_COUNT
0,172979932990,0,1566223.574042936,6079472.185172694,67183419,1556644.8162259748,6075534.574465262,1556.6659891172812,67318,382084.38206225913,4583381.044737748,133660
1,185386227460,0,1147433.7640773165,5522234.244698501,52726564,1139955.2323572591,5513639.738240694,1139.955232357259,52833,269574.88825778203,3113314.66775861,106436
