SLAVE_INDEX,DURATION,FAILURES,READS_PER_SEC,READS_PER_SEC_NET,READ_COUNT,REQ_PER_SEC,REQ_PER_SEC_NET,TRANSACTIONS_PER_SEC,TRANSACTION_COUNT,WRITES_PER_SEC,WRITES_PER_SEC_NET,WRITE_COUNT
0,183377099010,0,1152655.0794860804,5599292.871967452,52387986,1145052.9489974617,5594851.999181881,1144.984259495122,52495,269082.0560419804,4020806.4306990555,106136
1,208687932501,0,558528.7699298114,5224577.155164891,28891327,554888.280372633,5219191.4190947795,554.8954623305023,28950,131168.21453972624,3454374.8676999463,58295
2,195276605965,0,921305.5746119604,5589764.711990421,44551497,914403.8074484157,5569509.771076831,914.4360698736388,44642,192371.9654531116,1978162.561144004,88921
3,209059099253,0,572405.1131000944,5374681.39274987,29676441,568949.1843455035,5369499.211241047,568.9682546153592,29737,141943.43705009323,3627021.7136867666,59560
