SLAVE_INDEX,DURATION,FAILURES,READS_PER_SEC,READS_PER_SEC_NET,READ_COUNT,REQ_PER_SEC,REQ_PER_SEC_NET,TRANSACTIONS_PER_SEC,TRANSACTION_COUNT,WRITES_PER_SEC,WRITES_PER_SEC_NET,WRITE_COUNT
0,228351579859,0,203008.27015802593,4474409.45620713,11482208,201541.079892757,4467304.636662105,201.54885269110784,11506,44253.37070466804,2508459.3892909153,23348
1,200510707824,0,796263.074694519,4938724.985807494,39505106,789678.5848413813,4935560.903846621,789.6834629940754,39585,154791.50526386325,3745380.831582749,79647
