SLAVE_INDEX,DURATION,FAILURES,READS_PER_SEC,READS_PER_SEC_NET,READ_COUNT,REQ_PER_SEC,REQ_PER_SEC_NET,TRANSACTIONS_PER_SEC,TRANSACTION_COUNT,WRITES_PER_SEC,WRITES_PER_SEC_NET,WRITE_COUNT
0,240145671623,0,10059.007425109778,3517049.788955697,603894,10060.560257745687,3511595.2256624564,10.060560257745687,604,83474.03170123226,357028.8797629463,106
1,232066308060,0,140044.51015935297,4376031.3806834,8122337,140028.94376032503,4361054.163379728,140.028943760325,8124,90757.64253503451,246160.92389242293,1663
2,239467553555,0,8567.476721725174,3352142.3411851423,512898,8569.010580085558,3345937.713327988,8.569010580085559,513,85904.91883564304,324617.97715262295,102
3,239905841022,0,5967.962619983235,3154298.231785617,357931,5969.008482243173,3146481.0226457072,5.969008482243172,358,65645.95140487092,227087.6015106262,69
4,239071688803,0,16528.15659732138,4027048.4841209473,987811,16530.6064460712,4018283.7523313644,16.5306064460712,988,73367.6712150094,324701.2619540316,189
5,239883304957,0,7902.525853931914,3554080.549898557,473912,7903.843080450577,3546964.3124468033,7.903843080450577,474,77227.63327580753,301024.7669837404,88
6,210775958255,0,570749.3980964058,4633816.51850994,30058989,570557.4819615235,4623505.982970249,570.5773332370145,30066,211663.17159970247,378351.8208276584,5961
7,240064976305,0,7429.904968938176,3151446.0839311704,445906,7431.321417470939,3143614.140648828,7.431321417470939,446,77686.86532052133,245807.0610693261,94
