SLAVE_INDEX,DURATION,FAILURES,READS_PER_SEC,READS_PER_SEC_NET,READ_COUNT,REQ_PER_SEC,REQ_PER_SEC_NET,TRANSACTIONS_PER_SEC,TRANSACTION_COUNT,WRITES_PER_SEC,WRITES_PER_SEC_NET,WRITE_COUNT
0,209850658833,0,560108.1637481392,4677174.870929452,29218035,558033.0347839962,4673897.336348049,558.0539517141534,29277,194387.99229174765,3452343.269417701,57865
1,178628945873,0,1351432.520257155,4985065.364037256,59951156,1345149.6498828023,4981215.067545364,1345.1571131694586,60071,403687.8337783609,3590192.0585273104,119510
