SLAVE_INDEX,DURATION,FAILURES,READS_PER_SEC,READS_PER_SEC_NET,READ_COUNT,REQ_PER_SEC,REQ_PER_SEC_NET,TRANSACTIONS_PER_SEC,TRANSACTION_COUNT,WRITES_PER_SEC,WRITES_PER_SEC_NET,WRITE_COUNT
0,213009735854,0,520124.6054149236,4750241.739675931,27685068,519988.513933083,4740924.348460557,520.0136919246414,27692,226398.36096665292,442197.7624603231,5586
1,238574009990,0,28985.366685910416,4699391.859865526,1728646,28988.90788770281,4680387.104612067,28.98890788770281,1729,71859.35054574537,225582.4160418411,354
2,238568280037,0,26688.984770393567,4701649.3564901445,1591677,26692.56784268376,4685968.765607494,26.692567842683758,1592,78871.80115173585,268770.90151418705,323
3,181292361067,0,1413318.7587858273,5081999.945897488,63993076,1412212.5305951627,5072581.362437732,1412.2161147227428,64006,286718.7998292585,492739.3543199108,12760
4,238352294954,0,34499.750004211164,4616395.138047394,2055586,34503.54862992682,4598385.1486760015,34.50354862992682,2056,76115.6877557988,225735.0189850512,414
5,238443710873,0,29051.487656886507,4307256.780987718,1731637,29055.075408090735,4286370.126152315,29.055075408090737,1732,70714.35573986526,177619.80651673858,363
