SLAVE_INDEX,DURATION,FAILURES,READS_PER_SEC,READS_PER_SEC_NET,READ_COUNT,REQ_PER_SEC,REQ_PER_SEC_NET,TRANSACTIONS_PER_SEC,TRANSACTION_COUNT,WRITES_PER_SEC,WRITES_PER_SEC_NET,WRITE_COUNT
0,206650057453,0,660431.2532686292,5002271.852739137,34102931,660242.8166807136,4992814.561016723,660.246554583194,34110,273308.91772342817,480961.27595184697,6873
1,176395115354,0,1593594.2707109703,5516122.127367129,70208223,1592383.3459690553,5506121.834644359,1592.2588231018099,70223,329849.6718640058,543438.2752490301,13938
2,237752776741,0,40256.5854116884,4396738.196878235,2392516,40260.30791820118,4379662.456843024,40.26030791820118,2393,74157.4103650073,216835.2889576629,484
3,237898173415,0,35759.090906797,4247543.896025397,2126586,35763.20018715853,4237992.473087267,35.76320018715853,2127,87288.04120628067,337666.5852406262,414
