SLAVE_INDEX,DURATION,FAILURES,READS_PER_SEC,READS_PER_SEC_NET,READ_COUNT,REQ_PER_SEC,REQ_PER_SEC_NET,TRANSACTIONS_PER_SEC,TRANSACTION_COUNT,WRITES_PER_SEC,WRITES_PER_SEC_NET,WRITE_COUNT
0,194718829007,0,981842.2535129912,5265206.723383426,47768776,981481.2515800905,5257840.442693024,981.5175931615796,47780,343204.5557025055,651001.5904870497,9444
1,169214616080,0,1952535.1229378448,5827928.659754409,82527793,1951230.1694074795,5820409.086896164,1951.249787765485,82545,446634.00798128126,775686.7196859807,16373
