SLAVE_INDEX,DURATION,FAILURES,READS_PER_SEC,READS_PER_SEC_NET,READ_COUNT,REQ_PER_SEC,REQ_PER_SEC_NET,TRANSACTIONS_PER_SEC,TRANSACTION_COUNT,WRITES_PER_SEC,WRITES_PER_SEC_NET,WRITE_COUNT
0,198153768530,0,1369959.795529313,9431195.20288004,67349372,1362235.0056851578,9414786.54501516,1362.2350056851578,67483,354569.55070673,5016177.819126714,133628
1,145926130086,0,4137159.8633627533,9089936.056044878,149823093,4115018.6854548147,9080603.913067212,4115.039965192974,150123,1117961.795164326,5996692.280716535,299095
2,193799684425,0,1496504.9386038398,8383456.632746929,71970797,1488423.4763118604,8374709.024530121,1488.4234763118604,72114,400756.07878824824,5493740.388973032,143203
3,194375942148,0,1444178.532454415,8459787.71910872,69531438,1433745.2923459308,8449242.955169529,1433.7778810280865,69673,312429.67451289244,5218049.922917163,139960
