SLAVE_INDEX,DURATION,FAILURES,READS_PER_SEC,READS_PER_SEC_NET,READ_COUNT,REQ_PER_SEC,REQ_PER_SEC_NET,TRANSACTIONS_PER_SEC,TRANSACTION_COUNT,WRITES_PER_SEC,WRITES_PER_SEC_NET,WRITE_COUNT
0,193965568174,0,1474646.537490691,1.0074700881728211E7,70962539,1466331.7138063302,1.0057688497717032E7,1466.3631368209803,71106,383934.6921643149,5453388.703068245,141927
1,166552351158,0,2902001.2874369305,8408355.191865504,120090323,2889895.2710874467,8400014.449574154,2889.9259950610467,120331,934426.6088225148,5608918.393459006,239390
2,196246505853,0,1433077.222028359,8922737.98824548,69415763,1417727.1732338811,8909456.47112987,1417.7475274186595,69557,224967.7640230222,5129849.897075981,140238
3,201873114576,0,1283181.700839687,9385916.515673272,64104693,1272790.7455119186,9368427.28465241,1272.7972041847809,64238,256262.85656948385,4897838.07410113,130865
