SLAVE_INDEX,DURATION,FAILURES,READS_PER_SEC,READS_PER_SEC_NET,READ_COUNT,REQ_PER_SEC,REQ_PER_SEC_NET,TRANSACTIONS_PER_SEC,TRANSACTION_COUNT,WRITES_PER_SEC,WRITES_PER_SEC_NET,WRITE_COUNT
0,157230175150,0,3725201.264604153,1.0808825803822365E7,145291020,3703616.48102508,1.075605111236645E7,3703.5895636953824,145582,946607.4618058162,3113866.723537383,289047
1,162574629190,0,3355557.613756053,1.0259293494799944E7,135239203,3334051.485773529,1.0246786518361326E7,3334.099423028612,135510,789302.6052172282,6351635.420667736,268843
