SLAVE_INDEX,DURATION,FAILURES,READS_PER_SEC,READS_PER_SEC_NET,READ_COUNT,REQ_PER_SEC,REQ_PER_SEC_NET,TRANSACTIONS_PER_SEC,TRANSACTION_COUNT,WRITES_PER_SEC,WRITES_PER_SEC_NET,WRITE_COUNT
0,200691718731,0,860435.6886050251,5364361.1120430995,43111530,859430.3197492008,5356406.732817938,859.3806693822688,43122,125416.72564928429,635603.1122693721,8607
1,197490069508,0,937265.3336131325,5318849.194235603,46166655,935255.0660402596,5307643.0291945245,935.2571402160607,46176,79840.43868459482,460552.69837001245,9242
2,189390851420,0,1125070.1405410427,5484822.275850134,53085551,1121406.8811011843,5471364.017188813,1121.4690877217263,53099,64220.88588990332,408144.0361293765,10500
3,193327867617,0,1035874.5028306228,5888248.456335777,49903276,1032716.0510326957,5875079.1052154275,1032.7174716168975,49915,63219.263277800674,479643.3642268714,9922
