SLAVE_INDEX,DURATION,FAILURES,READS_PER_SEC,READS_PER_SEC_NET,READ_COUNT,REQ_PER_SEC,REQ_PER_SEC_NET,TRANSACTIONS_PER_SEC,TRANSACTION_COUNT,WRITES_PER_SEC,WRITES_PER_SEC_NET,WRITE_COUNT
0,164356361585,0,2980565.9393875888,9812523.959901815,122192948,2974451.875701639,9795797.492647694,2974.487751795473,122219,265575.3135868945,1033742.116278215,24574
1,165775233859,0,2983290.4865095126,9563624.29878812,123372471,2977456.5989743765,9552052.596869316,2959.5973927124105,123399,276217.6234345405,1354717.775824685,24670
