SLAVE_INDEX,DURATION,FAILURES,READS_PER_SEC,READS_PER_SEC_NET,READ_COUNT,REQ_PER_SEC,REQ_PER_SEC_NET,TRANSACTIONS_PER_SEC,TRANSACTION_COUNT,WRITES_PER_SEC,WRITES_PER_SEC_NET,WRITE_COUNT
0,168337755034,0,2412564.8527003187,8829853.353056919,101345849,2408633.7608464984,8818183.6754378,2408.6337608464983,101366,261953.28500400737,1153181.2366579724,20151
1,169132907416,0,2360097.7176585235,7831897.046177493,99449228,2352450.8038011813,7820305.1306285495,2352.400772521572,99470,137370.21874598737,934777.5161799414,19983
