SLAVE_INDEX,DURATION,FAILURES,READS_PER_SEC,READS_PER_SEC_NET,READ_COUNT,REQ_PER_SEC,REQ_PER_SEC_NET,TRANSACTIONS_PER_SEC,TRANSACTION_COUNT,WRITES_PER_SEC,WRITES_PER_SEC_NET,WRITE_COUNT
0,155413277338,0,3944467.8647254487,1.0091214582632657E7,151994317,3919893.5279839444,1.0080274969773173E7,3919.9222180506717,152302,958659.9535087699,6556304.166527363,306558
1,172116456579,0,2816619.9394501094,1.0417596672170283E7,120264771,2800532.625296977,1.0401941343259096E7,2800.5385760342097,120506,724389.0804110756,5930097.204199559,239667
