SLAVE_INDEX,DURATION,FAILURES,READS_PER_SEC,READS_PER_SEC_NET,READ_COUNT,REQ_PER_SEC,REQ_PER_SEC_NET,TRANSACTIONS_PER_SEC,TRANSACTION_COUNT,WRITES_PER_SEC,WRITES_PER_SEC_NET,WRITE_COUNT
0,198206183983,0,896507.2692323443,5156172.478594693,44324414,894688.8963626367,5140694.838566897,894.7045679608605,44334,79800.5710853,319047.37758429983,8804
1,197003724750,0,898712.7369630102,5303047.343540289,44153135,896673.4016027786,5286775.544778471,896.6734016027785,44162,72889.1563930521,324691.73216638673,8865
2,212822288853,0,854036.903693276,5343059.12576718,45303858,851658.9168214137,5333513.239857172,851.6589168214136,45313,57550.983403137114,541275.2259596119,9142
3,194522212711,0,986209.3749273735,5291655.996484118,47842794,983998.8211751203,5275816.536515664,984.0519025550815,47855,80950.82653073866,331869.57836277323,9613
4,204187233423,0,882320.8949328236,4887192.486946912,44883891,879445.1885637467,4875473.536747783,879.4671889944425,44894,50857.827224366534,375426.76885683805,8979
5,201857900447,0,795373.9368007953,5316357.610560741,40019905,793188.6720581392,5307955.049389155,793.2509053621844,40031,53451.808824684405,592325.0184668228,7945
