SLAVE_INDEX,DURATION,FAILURES,READS_PER_SEC,READS_PER_SEC_NET,READ_COUNT,REQ_PER_SEC,REQ_PER_SEC_NET,TRANSACTIONS_PER_SEC,TRANSACTION_COUNT,WRITES_PER_SEC,WRITES_PER_SEC_NET,WRITE_COUNT
0,224385965476,0,349729.22902766906,5054023.356842975,19598103,349433.6191377638,5045052.302584774,349.4336191377638,19602,66548.64542469311,508231.6872675801,3897
1,232521436258,0,294743.8240679098,5195726.499887332,17117625,294527.68356381496,5191636.267665564,294.527683563815,17121,62409.19231373195,1039836.362107069,3375
2,220154698508,0,422731.5938885173,4924063.287882292,23210443,421794.3138589234,4915487.395553684,421.7943138589234,23215,34311.7672851556,497985.4510550759,4557
3,220936461767,0,419693.31765794434,4964824.055354429,23140430,419034.5009581761,4956613.819101647,419.0345009581761,23145,46827.097326771145,528790.0892240709,4570
4,220335002987,0,417368.7296854316,5087338.835689434,22964471,416983.2244285797,5077164.599772084,416.9832244285797,22969,73368.16639174394,455733.75247287634,4529
5,223718636447,0,359408.2174464829,5029826.871801841,20081051,359111.790040938,5020457.926432068,359.111790040938,20085,69139.57817153742,479422.0032968306,3949
6,225230005176,0,326527.9033582952,5251379.025353468,18368413,326279.7953699586,5241638.251276593,326.2797953699586,18372,66710.30640292942,499269.4165712558,3587
7,231638235094,0,430583.1493737895,5118640.293615349,24893091,429946.2908599051,5108530.955064688,429.9462908599051,24898,50580.84160157893,463776.59402478795,4909
