SLAVE_INDEX,DURATION,FAILURES,READS_PER_SEC,READS_PER_SEC_NET,READ_COUNT,REQ_PER_SEC,REQ_PER_SEC_NET,TRANSACTIONS_PER_SEC,TRANSACTION_COUNT,WRITES_PER_SEC,WRITES_PER_SEC_NET,WRITE_COUNT
0,125124506430,0,5887544.176005322,1.0655825407572132E7,182912363,5859097.669329364,1.0642322814840354E7,5859.155599485933,183281,1718557.0271576312,6521546.683060984,366813
1,160830859771,0,3000036.506314764,9344062.465874063,119799273,2985465.4802173637,9333136.940199938,2985.45549440119,120040,870459.4893429007,5888663.762215988,239472
