SLAVE_INDEX,DURATION,FAILURES,READS_PER_SEC,READS_PER_SEC_NET,READ_COUNT,REQ_PER_SEC,REQ_PER_SEC_NET,TRANSACTIONS_PER_SEC,TRANSACTION_COUNT,WRITES_PER_SEC,WRITES_PER_SEC_NET,WRITE_COUNT
0,222538526088,0,452297.0671425711,5921589.075810727,24908683,448605.4696009028,5914348.010912315,448.6054696009028,24958,87578.08640929357,3656213.4081879584,49317
1,223546885137,0,449002.91844130104,6467860.812073916,24788898,444452.62540388334,6455652.960407125,444.45262540388336,24839,73901.85796018428,3338225.3150174464,50102
2,222296832441,0,457114.4845256123,5597107.240358771,25202876,454419.4305009305,5591072.660072545,454.41943050093056,25254,116324.43930274677,3650700.8250888065,51124
3,222496057356,0,446534.85028425936,6219913.248180471,24648412,443998.87878433906,6207473.959092997,443.99887878433907,24697,114402.10610773797,3081328.591798493,48588
4,224596335341,0,442554.3126876716,6007702.56400646,24668346,440203.08634996536,5999364.923278014,440.20308634996536,24717,119176.70669051005,3521478.9024391146,48654
5,222899215916,0,449456.81897072133,6386909.702185926,24872093,447233.5157857514,6377621.464802862,447.2335157857514,24922,129062.2793342958,3697689.249846677,49907
6,223440129515,0,444451.56901161576,5960801.291069993,24586482,441012.99177498376,5950390.099335307,441.01299177498373,24635,89626.6288395298,3156548.539472544,48518
7,222395163285,0,455512.37340343965,5990009.655234711,25128418,452869.56115557323,5980721.365579237,452.8695611555732,25179,116650.58846713047,3378306.8512733504,50582
