SLAVE_INDEX,DURATION,FAILURES,READS_PER_SEC,READS_PER_SEC_NET,READ_COUNT,REQ_PER_SEC,REQ_PER_SEC_NET,TRANSACTIONS_PER_SEC,TRANSACTION_COUNT,WRITES_PER_SEC,WRITES_PER_SEC_NET,WRITE_COUNT
0,227363074944,0,285189.8388103246,4785541.219671301,16106888,283952.96824649896,4776163.982522262,283.96868300775327,16141,91508.8651437674,2449118.506825894,33217
1,226312350689,0,283475.0048591809,4509970.855411624,15885534,281327.9956050344,4503548.031983286,281.3279956050344,15917,58322.50093879167,2619906.342469701,31466
2,228032193335,0,273559.87231909344,4342733.631463236,15418084,270996.82328282506,4340143.713662592,270.99682328282506,15449,47773.579551969044,3345211.5249007586,30916
3,226431316399,0,268565.7763912954,4773891.471932568,15060494,266583.53164203296,4769346.844544474,266.3992229932751,15093,56984.03952400612,3234743.89599433,30221
4,227905109885,0,278556.32725328556,4946313.66707436,15722645,276495.4415975885,4941509.647410902,276.5360678039556,15756,58233.96432962162,3311958.80604504,31036
5,225736411676,0,303787.4368562114,4366354.439202633,17032558,302431.0499716265,4362375.023174069,302.4506305510172,17070,95070.69379776096,3018504.3876506924,34867
