SLAVE_INDEX,DURATION,FAILURES,READS_PER_SEC,READS_PER_SEC_NET,READ_COUNT,REQ_PER_SEC,REQ_PER_SEC_NET,TRANSACTIONS_PER_SEC,TRANSACTION_COUNT,WRITES_PER_SEC,WRITES_PER_SEC_NET,WRITE_COUNT
0,204202314980,0,881963.6409934657,5825575.809528577,44874731,879200.6301083512,5814420.410827931,879.2063951555165,44884,52733.23282782837,549578.4390269067,8970
1,206168721596,0,882909.4818402573,5392290.120396165,45355035,880133.5071358397,5384540.44383671,880.1335071358396,45364,52058.893677665124,651025.7813471274,8965
2,205631843668,0,871076.7318269677,5627430.173986439,44692014,869534.5857458025,5622915.348019525,869.5345857458025,44701,88682.17610289612,1126792.106198087,8986
3,205672270441,0,881259.8889690929,6100548.235901657,45219595,879624.6164448204,6094462.128499394,879.6323946169703,45229,85233.23444326317,1013912.6085714526,9003
4,207324010000,0,862577.3253729515,5461024.266468918,44616983,860990.4853760063,5456736.272364427,860.9904853760064,44626,85223.26944201437,1116983.5572265782,9017
5,203529299863,0,889167.798948121,5799799.639340555,45140946,887341.5283281857,5788642.062273652,887.3415283281856,45150,78943.05227692146,546535.9533838757,9054
6,207287416570,0,866709.9832610948,6029835.775762984,44768036,864056.3086930849,6017978.817960976,864.0563086930849,44777,53038.396851263504,556164.1315177403,8964
7,206564303122,0,887287.255481592,6065549.140865377,45727840,885670.9374995356,6059712.057343155,885.6709374995356,45737,87743.6219684444,1044041.9880405902,9160
