SLAVE_INDEX,DURATION,FAILURES,READS_PER_SEC,READS_PER_SEC_NET,READ_COUNT,REQ_PER_SEC,REQ_PER_SEC_NET,TRANSACTIONS_PER_SEC,TRANSACTION_COUNT,WRITES_PER_SEC,WRITES_PER_SEC_NET,WRITE_COUNT
0,173858407216,0,1842452.4001971805,6202458.050549665,79880331,1838194.7765284076,6194432.986677934,1838.2055827739778,79898,147237.59174959426,833678.0733680533,16073
1,172043298918,0,1870110.8836013854,6666768.558270393,80234312,1865816.5358303026,6656538.595985534,1865.778729438292,80252,149050.21058851495,765405.28870364,15996
2,177434107253,0,1797953.533532165,5968918.123644133,79573422,1794225.0051511296,5962356.426631187,1794.2434846647886,79590,156383.46425407226,910017.7104313076,15756
3,172111233227,0,1905613.3019857216,6690151.877593733,81786375,1901157.69822204,6680710.157260269,1901.1887193681525,81804,149103.90001411672,825539.3278002652,16274
