SLAVE_INDEX,DURATION,FAILURES,READS_PER_SEC,READS_PER_SEC_NET,READ_COUNT,REQ_PER_SEC,REQ_PER_SEC_NET,TRANSACTIONS_PER_SEC,TRANSACTION_COUNT,WRITES_PER_SEC,WRITES_PER_SEC_NET,WRITE_COUNT
0,148295123847,0,3511957.8027148573,8222562.563538534,129152719,3484359.7995380284,8217992.351224801,3484.375268747175,129179,85964.39359036516,2164838.8199372776,25673
1,154971882509,0,3495980.574090738,8379494.2219963465,134265632,3466239.470691103,8375173.080372131,3466.3061277626434,134295,79411.46738860474,2336008.1012781886,26782
2,153008993609,0,3437174.7378624096,7870472.2253576815,130441048,3410708.1923144134,7826524.716336825,3410.6601154897617,130469,86735.71083851547,271843.43245497136,26209
3,151011174359,0,3640836.2850647415,8726377.8068512,135998589,3603066.794954518,8721445.098197652,3603.0843943132013,136028,68269.19909182824,2282316.5135688754,27248
4,153076702802,0,3559826.0802462073,8540755.771722026,135172234,3532850.0947626517,8535744.074284017,3532.895379741395,135201,90818.97660382342,2169296.7259126455,27027
5,151917874783,0,3642721.4784544716,8500991.051316278,137266413,3614953.1500782566,8496081.4079191,3614.953150078257,137294,92857.6205935859,2193277.5450937888,27587
6,152676310967,0,3519490.578778668,8723484.169712853,133525530,3498967.2504955004,8716908.025389353,3499.0097982587017,133554,116521.45519333016,1834114.4257513413,26823
7,152003985444,0,3596086.134431992,8384418.397331049,135518657,3566903.291491305,8379143.851932793,3566.8417607025262,135546,86158.01229591656,2027974.682275958,27222
