SLAVE_INDEX,DURATION,FAILURES,READS_PER_SEC,READS_PER_SEC_NET,READ_COUNT,REQ_PER_SEC,REQ_PER_SEC_NET,TRANSACTIONS_PER_SEC,TRANSACTION_COUNT,WRITES_PER_SEC,WRITES_PER_SEC_NET,WRITE_COUNT
0,165605771247,0,2586646.257972018,7887153.519126723,106885411,2582198.1008270364,7875946.396121627,2582.2287888123838,106908,268337.5112104963,969343.9297837744,21316
1,175332684265,0,2395447.8348210608,8506584.57980712,104713446,2389390.624778273,8494479.797410848,2375.7924982377003,104735,176523.30325729036,1054619.0906901143,21122
