SLAVE_INDEX,DURATION,FAILURES,READS_PER_SEC,READS_PER_SEC_NET,READ_COUNT,REQ_PER_SEC,REQ_PER_SEC_NET,TRANSACTIONS_PER_SEC,TRANSACTION_COUNT,WRITES_PER_SEC,WRITES_PER_SEC_NET,WRITE_COUNT
0,189386544276,0,1874086.1357340384,1.0259377965743834E7,88073028,1863869.4177004045,1.0245843720168909E7,1863.8453137833765,88249,497707.6578707726,6156504.342050677,174919
1,189331574471,0,1774713.1878800506,9574285.467563078,83247424,1762306.7728257175,9564547.403256362,1753.0473260313686,83416,394151.34603190125,6355037.711134168,167655
2,193733236354,0,1687504.0293719156,9134574.05908113,81208864,1680036.3950213846,9126659.108249543,1680.042079415821,81370,519478.69464622554,6349235.482606461,160858
3,189369364121,0,1828851.5989508638,9632531.307992946,85712449,1814092.187480203,9620218.341615994,1814.1263579064068,85885,359437.50906643405,5862358.512383569,170922
4,184081983039,0,2007813.9429402493,9441191.552228859,91658843,1995697.753441562,9431292.394458942,1995.6977534415619,91843,498487.31868888886,6197196.744120297,184157
5,193088628115,0,1628094.6455575293,9755229.926474525,77938011,1617774.9412252072,9743509.696999382,1617.7855264473505,78094,387265.3519830156,6081086.432684504,155475
