SLAVE_INDEX,DURATION,FAILURES,READS_PER_SEC,READS_PER_SEC_NET,READ_COUNT,REQ_PER_SEC,REQ_PER_SEC_NET,TRANSACTIONS_PER_SEC,TRANSACTION_COUNT,WRITES_PER_SEC,WRITES_PER_SEC_NET,WRITE_COUNT
0,208831879154,0,859653.5763501043,7700035.977964926,44467505,853452.0913282995,7688440.840330393,853.4711758607648,44558,186166.11490353753,4397898.457519279,89496
1,215463505946,0,638876.1493839031,7413426.406739201,33987895,632255.5618033144,7402371.061034077,632.2555618033144,34057,103703.44028701096,4270321.12144361,69105
2,162927798707,0,2941329.763415968,8625417.773390662,118936325,2925797.6587363016,8617856.56178872,2925.835545033272,119175,801868.8897054938,5985849.551425431,237118
3,215560411967,0,628582.3121014524,6490087.71324774,33513577,623141.6556234995,6481788.037414766,623.175558234875,33583,117760.13534099825,3966633.93660117,67591
4,219028498734,0,531700.2901095833,7313048.217314149,28881650,528510.1101870021,7303061.883029388,528.5156679643748,28940,132609.1765920312,4348424.193484799,58044
5,227071980459,0,309246.28662867396,5911697.571515587,17277292,304942.9518341769,5907105.81755855,304.94295183417694,17311,37496.710454989676,4225048.509938086,33708
6,217149051864,0,635657.9663465775,7558617.347438142,34204644,631345.1466776974,7545254.640370693,631.3451466776974,34274,145267.07378272363,4030858.653503395,69356
7,215921603343,0,623251.9380522353,7819848.94508777,33477692,621410.7246455378,7806245.719940605,621.4107246455378,33544,249409.94910723186,4156060.224388893,66308
