SLAVE_INDEX,DURATION,FAILURES,READS_PER_SEC,READS_PER_SEC_NET,READ_COUNT,REQ_PER_SEC,REQ_PER_SEC_NET,TRANSACTIONS_PER_SEC,TRANSACTION_COUNT,WRITES_PER_SEC,WRITES_PER_SEC_NET,WRITE_COUNT
0,184972614622,0,1385728.283606382,6881594.732362326,63521377,1376377.6249812478,6874151.0968875205,1376.3708154684975,63650,313956.4002935751,4456645.924196047,126665
1,180552431789,0,1385780.0807278047,7478844.184342832,62039719,1377189.5373338808,7467799.028609155,1377.217567895885,62165,335798.0029237559,4294716.063064389,124011
