SLAVE_INDEX,DURATION,FAILURES,READS_PER_SEC,READS_PER_SEC_NET,READ_COUNT,REQ_PER_SEC,REQ_PER_SEC_NET,TRANSACTIONS_PER_SEC,TRANSACTION_COUNT,WRITES_PER_SEC,WRITES_PER_SEC_NET,WRITE_COUNT
0,172665967630,0,2496268.749923834,9399702.551058881,107023544,2484231.6403610334,9390674.029960915,2484.2395910368723,107237,723409.4520409936,6324346.166713581,212021
1,206462224270,0,1109965.5797661457,8459925.152796332,56952458,1105577.5496320047,8453749.35397662,1105.5775496320045,57065,368453.4779206086,6173217.88732421,112542
2,199773181811,0,1405933.2476968232,9216237.890926057,69439256,1393179.9928146063,9142571.827641422,1393.1799928146063,69580,254443.67732105078,1849388.5780617443,140744
3,204534940514,0,1151394.1615427872,7683264.915492069,58387405,1144125.025347355,7677917.956517225,1144.1564629001516,58505,273827.2983275101,5685902.250976248,115981
4,202288032007,0,1297800.582121952,8420801.132555597,65187140,1291563.4079180674,8413055.283259675,1291.564176497831,65317,378387.93423639855,5754857.649119704,129815
5,197970852262,0,1501146.953452983,8922987.403859673,73607768,1490230.8730254872,8857894.961804746,1489.8501939053133,73756,322455.34250072617,1911909.421174568,147801
