SLAVE_INDEX,DURATION,FAILURES,READS_PER_SEC,READS_PER_SEC_NET,READ_COUNT,REQ_PER_SEC,REQ_PER_SEC_NET,TRANSACTIONS_PER_SEC,TRANSACTION_COUNT,WRITES_PER_SEC,WRITES_PER_SEC_NET,WRITE_COUNT
0,208729899325,0,891970.3497253124,1059371.5591471675,45129066,865005.8883939434,1022716.5915667108,865.0677659107923,45142,5720.333281872064,5913.945114438441,9082
1,210947290129,0,873792.2896791318,1032080.6633178226,44743243,848596.3858105552,998231.0955605786,848.5986663493755,44753,5900.674749897633,6107.715871138652,9034
