SLAVE_INDEX,DURATION,FAILURES,READS_PER_SEC,READS_PER_SEC_NET,READ_COUNT,REQ_PER_SEC,REQ_PER_SEC_NET,TRANSACTIONS_PER_SEC,TRANSACTION_COUNT,WRITES_PER_SEC,WRITES_PER_SEC_NET,WRITE_COUNT
0,210270352405,0,736374.9336144082,854956.1691970751,36287086,690432.494831106,794488.8537947802,690.4936430784273,36298,2214.5648192891454,2248.834016933458,7285
1,211210819593,0,706589.1895197851,819025.803795686,35120500,665262.6994713714,764779.1998902969,665.3018225300829,35130,2314.0716879392367,2350.081749543865,7170
2,210862813284,0,721623.7311868017,838509.3711005376,35850376,680204.583094611,783916.0814530613,680.2250124919565,35859,2334.665812110568,2372.959463211296,7087
3,210325123263,0,716996.9181276916,833766.42697274,35463093,674578.7179336906,777722.0454471813,674.588839779189,35471,2281.548561290257,2316.0336717342557,7120
4,210149043500,0,744976.1978134157,868545.9586228696,36763743,699906.8925098391,809056.48792091,699.9340230960773,36773,2335.983873498947,2385.9910968997506,7448
5,211396612603,0,711738.2041430635,831063.9003749065,35513177,672106.3419631337,778306.5583873927,672.1317270618232,35522,2395.7335076907134,2434.5412045324524,7074
