SLAVE_INDEX,DURATION,FAILURES,READS_PER_SEC,READS_PER_SEC_NET,READ_COUNT,REQ_PER_SEC,REQ_PER_SEC_NET,TRANSACTIONS_PER_SEC,TRANSACTION_COUNT,WRITES_PER_SEC,WRITES_PER_SEC_NET,WRITE_COUNT
0,237859573670,0,19647.885837044025,19748.6487578336,1166050,19613.06803009877,19716.472656063175,19.641461166566593,1168,2033.3286212289581,2203.191314783847,239
1,237636137538,0,21161.658583359647,21290.039241825845,1254620,21122.56179554064,21254.08593657104,21.158004943341894,1257,2063.788058767302,2251.2214877781535,251
2,237704123909,0,22278.535159555046,22402.04438095938,1321540,22242.895550369598,22369.18687117188,22.27950530998816,1324,2494.158123525087,2708.2467818572945,267
3,237721669774,0,21525.517311581443,21642.02776095389,1276779,21488.154634183426,21607.41878196635,21.520475427042207,1279,2341.345837813479,2531.8615625184634,271
4,237746727379,0,21548.453229661925,21676.86768856316,1278643,21516.59480824403,21648.167693869967,21.55208704846026,1281,2351.965522253551,2609.144081699004,232
5,237679731342,0,21996.193658644785,22123.467079298218,1304831,21963.757576317665,22093.227795474744,21.99568747421858,1307,2561.2733473300536,2754.201672904265,254
6,237671427179,0,21007.550606707948,21130.43086183894,1245902,20972.617782304565,21098.185459798457,21.003609547196113,1248,2225.957422008588,2417.0963999184055,246
7,237750128913,0,21823.062716851244,21945.326857931588,1294620,21785.527619610002,21910.224377426177,21.820959909116223,1297,2262.09914304451,2427.361278425703,258
