SLAVE_INDEX,DURATION,FAILURES,READS_PER_SEC,READS_PER_SEC_NET,READ_COUNT,REQ_PER_SEC,REQ_PER_SEC_NET,TRANSACTIONS_PER_SEC,TRANSACTION_COUNT,WRITES_PER_SEC,WRITES_PER_SEC_NET,WRITE_COUNT
0,198377600982,0,1236094.7728667066,1395825.5188896882,61099527,1234436.039088001,1394846.276420689,1234.4726550564467,61223,737271.941738223,1031280.4686755311,121588
1,197290341994,0,1304440.5496351684,1482336.294124235,64147787,1303194.1726160075,1481860.7747099982,1303.2043303202665,64278,883702.8888759991,1278157.7438737452,129119
