SLAVE_INDEX,DURATION,FAILURES,READS_PER_SEC,READS_PER_SEC_NET,READ_COUNT,REQ_PER_SEC,REQ_PER_SEC_NET,TRANSACTIONS_PER_SEC,TRANSACTION_COUNT,WRITES_PER_SEC,WRITES_PER_SEC_NET,WRITE_COUNT
0,210513023918,0,682539.8891570776,985338.2028664523,35738173,680427.3927288938,984158.0035416774,680.4516177880042,35811,267224.2376679534,615715.3731527142,71534
1,206815892053,0,792708.3075750871,1171266.773946666,40812402,790923.9003648764,1169775.6585538199,790.9364399687231,40895,371822.64062323223,714381.0201603489,81506
2,207631043573,0,774017.1897056777,1135019.3270997687,39975874,771702.5221407497,1133613.274159615,771.7109690190263,40059,312777.47653520876,705067.3995596925,81476
3,211105362983,0,674088.3340414464,960518.405150815,35297661,670137.9538680519,959495.1859778723,670.1475693765079,35368,169017.1274123089,623471.828317799,69768
4,211226692469,0,700538.8359115194,1012820.9810166906,36855976,699346.8594016817,1011813.9570546683,699.3991857709153,36933,379028.3949194841,677326.4520629083,74205
5,207226102254,0,787075.7715247632,1169571.1935988688,40484411,783013.0192822653,1166818.9658279587,783.0459830450621,40567,218281.38811075396,535373.2712218239,80773
6,208322021826,0,766463.6994725374,1116634.5364366244,39708580,763976.6098897213,1115140.10452072,764.0074377950084,39790,291981.450888186,669060.1633411072,79708
7,208572787620,0,754681.648521008,1116089.9101848928,39162314,752542.6772641415,1114102.2926988485,752.5970415840311,39243,309798.740670333,586994.4763307356,77667
