SLAVE_INDEX,DURATION,FAILURES,READS_PER_SEC,READS_PER_SEC_NET,READ_COUNT,REQ_PER_SEC,REQ_PER_SEC_NET,TRANSACTIONS_PER_SEC,TRANSACTION_COUNT,WRITES_PER_SEC,WRITES_PER_SEC_NET,WRITE_COUNT
0,197785868198,0,1231091.5834420633,1390118.089333799,60679527,1229636.8704994225,1389337.233932224,1229.6866138853277,60804,773695.796553666,1085303.5577803492,121672
1,198937690279,0,1208060.4177046316,1365279.9519144106,59895624,1206709.9585972268,1364737.254328425,1206.7277418672036,60016,773148.8604128245,1137847.606331564,119399
