SLAVE_INDEX,DURATION,FAILURES,READS_PER_SEC,READS_PER_SEC_NET,READ_COUNT,REQ_PER_SEC,REQ_PER_SEC_NET,TRANSACTIONS_PER_SEC,TRANSACTION_COUNT,WRITES_PER_SEC,WRITES_PER_SEC_NET,WRITE_COUNT
0,183885705385,0,1593702.1436766987,2524699.4934361065,72961091,1587414.6790738592,2512624.3417502344,1587.4415847166285,72977,76759.34192115864,101075.83760834306,14626
1,180068848681,0,1545442.730076962,2441390.903322964,69309084,1539920.9692912225,2431576.602158483,1539.920290235561,69323,81647.70041327574,115266.81630513589,13865
2,180549527803,0,1623416.1034837475,2576572.294017861,73008862,1617807.543195062,2566397.0052703274,1617.8804580543758,73027,89294.0060613662,124780.74108891113,14735
3,178703319477,0,1689914.5574297742,2734589.0631606346,75177581,1683072.462673032,2721291.751598723,1683.0757691352792,75193,79439.41755765076,107796.66088082377,15078
4,181389599403,0,1609284.703184208,2553763.8584193606,72692470,1603333.3827142792,2543514.6509467917,1603.3333827142792,72707,82216.38081972355,120668.11986350517,14530
5,181799657024,0,1636928.7432641047,2598995.954450786,74093847,1630552.1410354846,2587129.523155042,1630.5635063725852,74109,78549.17205728598,107090.8920457243,14608
6,182592327282,0,1607236.6782210057,2563222.561982125,73097778,1601659.3049297854,2553383.7517810143,1601.6798276780803,73115,88844.49665895013,128732.34634991453,14897
7,181508833073,0,1638705.723850869,2595173.3563706144,74115736,1633649.9275533524,2586355.170277886,1633.6158781035192,74132,98910.99511186252,142980.19766466581,14737
