SLAVE_INDEX,DURATION,FAILURES,READS_PER_SEC,READS_PER_SEC_NET,READ_COUNT,REQ_PER_SEC,REQ_PER_SEC_NET,TRANSACTIONS_PER_SEC,TRANSACTION_COUNT,WRITES_PER_SEC,WRITES_PER_SEC_NET,WRITE_COUNT
0,177474155227,0,1720557.0647648107,2521462.8451760756,76078638,1715039.9370020155,2514037.745974862,1715.0656320434534,76095,100454.38982614248,159516.20200982376,15178
1,177655275832,0,1814530.2926098537,2689772.6784758987,80288910,1808104.6819220928,2680393.195123112,1808.1506466996493,80307,95896.54850893845,144247.239768964,15924
2,175172684776,0,1793100.7285940005,2673751.0593879605,78275638,1787748.4746006813,2665619.2840861874,1787.8103915745414,78294,111469.20312613109,163311.53839403472,15537
3,181759010594,0,1703642.92638681,2482921.1281257262,77164372,1698506.8470118039,2476383.4514186303,1698.5545519816137,77182,105194.69308149541,174042.47136025978,15359
4,176027764694,0,1879878.2670800409,2826926.3784786263,82383940,1872440.0242937054,2816815.691976661,1872.489994944044,82403,89785.1163344448,148669.2690067057,16418
5,181057262255,0,1684655.9020161433,2453475.9905957985,76007820,1679534.199361298,2445831.3599936557,1679.5535177954046,76024,103312.71282593207,147017.4227415302,15146
