SLAVE_INDEX,DURATION,FAILURES,READS_PER_SEC,READS_PER_SEC_NET,READ_COUNT,REQ_PER_SEC,REQ_PER_SEC_NET,TRANSACTIONS_PER_SEC,TRANSACTION_COUNT,WRITES_PER_SEC,WRITES_PER_SEC_NET,WRITE_COUNT
0,177222273332,0,1900580.457185064,2799888.2393882074,83660859,1892034.9327188937,2789077.1637883354,1892.0626495436084,83829,581298.4229802797,949833.1950961661,166824
1,178683618663,0,1846840.043377714,2679547.464215726,81997525,1839246.8344836142,2669628.5123035773,1839.2935137820634,82163,600170.0301046125,933829.02510969,163295
2,178678872074,0,1839993.9727427226,2705099.664594595,81713865,1832964.3353936141,2696111.0307003576,1832.964335393614,81878,631620.5317817538,1015765.7366033857,164135
3,177883045150,0,1867942.2433851268,2728533.1272768863,82562604,1860346.3400401543,2719030.124618022,1860.4111343694306,82734,621457.2426764767,1004293.44332251,168414
