SLAVE_INDEX,DURATION,FAILURES,READS_PER_SEC,READS_PER_SEC_NET,READ_COUNT,REQ_PER_SEC,REQ_PER_SEC_NET,TRANSACTIONS_PER_SEC,TRANSACTION_COUNT,WRITES_PER_SEC,WRITES_PER_SEC_NET,WRITE_COUNT
0,204369039410,0,858265.8170542065,1138726.3616988389,43639491,855845.741140385,1137545.9180302816,855.8963352605404,43730,355910.55875270173,750159.0465713323,87602
1,203849680353,0,892652.5284185666,1189465.2414426347,45284949,890353.1057086053,1188070.5940188093,890.3724563227186,45376,386788.1946108786,745996.3268006757,89600
2,199778415826,0,870551.3948848139,1158352.52437059,43291778,868527.6999649643,1157241.7365530175,868.5409083926935,43379,401443.83791819453,781938.449499877,86494
3,204991256611,0,854918.4761251787,1130937.5930720347,43625409,852930.5244066579,1129835.8481706523,852.972443749032,43713,389887.8036291753,754452.7371543272,85416
4,203840388306,0,861262.1427168946,1151288.5225127297,43701344,859261.6088283052,1149985.942291077,859.2987890142751,43790,395852.5101189658,732373.4416529682,86711
5,204339669753,0,889183.4131273665,1188552.2475274752,45231462,887194.0931446984,1187387.7673545394,887.2275079169184,45324,419521.51868906437,797874.1871725387,90775
