SLAVE_INDEX,DURATION,FAILURES,READS_PER_SEC,READS_PER_SEC_NET,READ_COUNT,READ_NULLS_PER_SEC,READ_NULLS_PER_SEC_NET,READ_NULL_COUNT,REQ_PER_SEC,REQ_PER_SEC_NET,TRANSACTIONS_PER_SEC,TRANSACTION_COUNT,WRITES_PER_SEC,WRITES_PER_SEC_NET,WRITE_COUNT
0,240513011501,0,13542.383917953259,31013.573577760464,814128,,,,13542.385834649356,31007.70840585892,13.554346428415693,815,13552.659650386408,15404.290545897908,152
1,239270859915,0,13250.752644523443,28849.87137957985,792474,,,,13250.53958148642,28844.202473891964,13.257214874795427,794,12166.415032448063,13808.05057145414,143
2,239649141810,0,13202.936905020708,30731.061785195925,790856,,,,13202.634385014826,30723.605211887207,13.202634385014825,791,11726.919620394725,13171.453727859838,144
3,239748403678,0,13970.171922951817,30981.17156894868,806626,101.07794605296998,101.08205494888932,221,13464.114673878892,28584.14027358258,13.464114673878893,807,13294.070642475715,15164.219202158394,153
4,239692463416,0,12783.283182045265,30894.76543262642,765848,,,,12783.046894062132,30886.5900815514,12.783046894062132,766,11693.966211554043,13237.427589855897,152
5,239695116463,0,12315.830531798756,30462.51983596566,737831,,,,12315.394838074099,30452.404915407704,12.315634953661261,738,10530.534661400146,11753.768098727836,154
