SLAVE_INDEX,DURATION,FAILURES,READS_PER_SEC,READS_PER_SEC_NET,READ_COUNT,REQ_PER_SEC,REQ_PER_SEC_NET,TRANSACTIONS_PER_SEC,TRANSACTION_COUNT,WRITES_PER_SEC,WRITES_PER_SEC_NET,WRITE_COUNT
0,207611552547,0,747369.8058465485,2450762.4481141646,38627692,745728.4052868434,2438816.418790912,745.752595851218,38707,356652.94392953865,712853.2869244448,77766
1,201726877743,0,915196.3959385313,2435117.2176898317,45955157,913076.1456322175,2423854.481865108,913.0761456322175,46048,425335.18320977554,736883.10443408,92843
2,200374168345,0,923821.5182942122,2502856.400719359,45795397,916025.5012710581,2493262.5772919063,916.0533537333501,45889,175462.71704462875,854701.5667457271,91565
3,205864291934,0,800947.5404497004,2579497.9356422382,40675987,791915.229535127,2565192.05299721,791.9547576983593,40759,118577.8721079087,676361.9541284968,80780
4,208299730342,0,704235.7284933287,2247542.6810968607,36069027,694014.5710349553,2236840.0907251816,694.0568215817858,36143,83639.50196227485,658992.8199845408,71735
5,205778101818,0,815244.2981175465,2500610.717324745,41785309,813833.8070010858,2490009.921720168,813.8405178393948,41868,432475.4529364714,787819.2847014095,81985
6,207639956164,0,698816.9324828167,2096007.790796195,36148661,697770.326466288,2087041.2633122276,697.7998846065979,36223,399677.742097876,666709.8792589823,72589
7,198437769606,0,956774.0994005641,2374193.0249193464,47233207,953997.2777151997,2363613.9132519974,954.0513292012537,47330,388227.55832080456,730091.3509669431,94066
