SLAVE_INDEX,DURATION,FAILURES,READS_PER_SEC,READS_PER_SEC_NET,READ_COUNT,REQ_PER_SEC,REQ_PER_SEC_NET,TRANSACTIONS_PER_SEC,TRANSACTION_COUNT,WRITES_PER_SEC,WRITES_PER_SEC_NET,WRITE_COUNT
0,187891158736,0,1623050.9333902018,1924583.7551076023,76064360,1619650.4084983994,1921385.727145347,1619.671576843337,76081,140502.8036878292,205507.76699011333,15138
1,189697136430,0,1636544.7356265495,1934531.2808299821,77442319,1633293.9222534366,1931834.8252806077,1633.3185822558482,77460,149296.41735989047,242239.79301614585,15476
