SLAVE_INDEX,DURATION,FAILURES,READS_PER_SEC,READS_PER_SEC_NET,READ_COUNT,REQ_PER_SEC,REQ_PER_SEC_NET,TRANSACTIONS_PER_SEC,TRANSACTION_COUNT,WRITES_PER_SEC,WRITES_PER_SEC_NET,WRITE_COUNT
0,207617146851,0,1198346.6037018497,1222270.6266858417,59787275,1154151.1076248847,1176328.7521543447,1154.199798735124,59908,58681.4817402088,58740.390442747754,118115
1,207916502328,0,1210265.8219455907,1234482.2348334102,60402839,1164392.5964956798,1186789.9911197391,1164.4273360210257,60526,58573.55476493597,58627.93592446814,121270
2,207585513675,0,1202584.48141555,1226602.9694396984,59963777,1157758.8808835265,1180004.5027667908,1157.8056328626042,60086,58858.73538455325,58916.28969929323,119716
3,207417300529,0,1200661.7636411313,1224665.2736313972,59829394,1156082.1174918031,1178324.6870181765,1156.1218614814727,59950,58530.317302357864,58592.47416717449,118464
4,207642051485,0,1206573.3163631973,1230905.5725944303,60170858,1161440.3646817254,1183972.6533767842,1161.477971992431,60293,58838.40026985157,58899.29875445868,120107
5,206089454218,0,1192205.7896224044,1215872.4573485896,59038872,1148174.053339469,1170108.4820972688,1148.1988291260004,59158,58835.72843180403,58891.946658448665,117769
