SLAVE_INDEX,DURATION,FAILURES,READS_PER_SEC,READS_PER_SEC_NET,READ_COUNT,REQ_PER_SEC,REQ_PER_SEC_NET,TRANSACTIONS_PER_SEC,TRANSACTION_COUNT,WRITES_PER_SEC,WRITES_PER_SEC_NET,WRITE_COUNT
0,206844661048,0,1188259.1716676774,1211739.9913684533,59065701,1144503.7005091652,1166268.1940560436,1144.5288573286257,59185,58859.266480321516,58911.91218712141,117919
1,206539501081,0,1199078.341559732,1223174.3303220961,59464077,1153946.759591185,1176248.832813238,1153.9858989112663,59586,58637.87781117494,58697.754515441484,119820
2,206979552730,0,1198314.2616392728,1222402.9273266797,59600254,1154085.6516952817,1176407.4957896126,1154.1221014343682,59720,58650.774836223456,58701.21968279732,117779
3,207825973061,0,1199093.025770482,1223051.8854472172,59852191,1154270.0484774804,1176449.3141946953,1154.3103201490858,59974,58587.87070271155,58637.39635811673,119633
4,207362345835,0,1198492.3630512585,1222232.668498671,59697545,1153857.3362320391,1175842.5801780373,1153.8819784436087,59818,58666.473932699184,58717.96726266104,119096
5,207833062526,0,1194134.3164749134,1217904.381526892,59620474,1149759.5478587833,1171784.5390590623,1149.7674107826301,59740,58625.34917258743,58687.884148627774,119038
6,207255981240,0,1202900.52199921,1226977.7938428791,59859839,1157607.5274863802,1179891.833979289,1157.6393053015097,59982,58716.43585830353,58776.26857145935,120432
7,207414773803,0,1200815.9287943156,1224855.0031061454,59794887,1155479.8127718207,1177718.872987654,1155.4995407284812,59917,58785.644724428246,58839.32918516282,121009
