SLAVE_INDEX,DURATION,FAILURES,READS_PER_SEC,READS_PER_SEC_NET,READ_COUNT,REQ_PER_SEC,REQ_PER_SEC_NET,TRANSACTIONS_PER_SEC,TRANSACTION_COUNT,WRITES_PER_SEC,WRITES_PER_SEC_NET,WRITE_COUNT
0,207962006346,0,1202467.6127351015,1226445.2517662137,62262408,1197810.4288220685,1221627.8254365034,1197.8325775187477,62276,58387.782281192674,58755.979921416976,12357
1,207350338141,0,1201741.8282923028,1225738.3869722048,62038209,1197021.592659376,1220861.3012841956,1197.0642038384833,62053,58403.84811035188,58839.334990812305,12499
