SLAVE_INDEX,DURATION,FAILURES,READS_PER_SEC,READS_PER_SEC_NET,READ_COUNT,REQ_PER_SEC,REQ_PER_SEC_NET,TRANSACTIONS_PER_SEC,TRANSACTION_COUNT,WRITES_PER_SEC,WRITES_PER_SEC_NET,WRITE_COUNT
0,207990578091,0,1200376.396313367,1224380.078290589,62163675,1195745.9913938367,1219592.9405977384,1195.783280834768,62178,58342.04363048071,58746.698577332034,12300
1,208381075336,0,1201716.530231396,1225843.0879190336,62345012,1196991.7114488962,1220955.857067476,1197.0360660279869,62360,58489.54346602955,58875.63821968509,12593
2,207732301552,0,1196649.3496309267,1220424.5236993758,61895451,1192066.068444404,1215685.5083087424,1192.0902822314952,61909,58371.532330888745,58754.985020336906,12206
3,207617882816,0,1199769.6140018897,1223682.2418596551,62016903,1195068.1156877633,1218824.0053386989,1195.116996309346,62032,58350.507920532444,58775.53855749182,12475
4,207898320291,0,1202649.0154076081,1226669.3628383456,62250956,1197958.6157858036,1221820.3759293323,1197.9878362361615,62265,58390.692390329474,58794.95590558497,12440
5,207763131973,0,1192535.8034031375,1216179.5718196942,61690106,1187937.0206648323,1211431.7445546011,1187.9670190786285,61704,58278.82784353411,58742.220365181616,12273
6,208193268440,0,1198913.5638256234,1222896.6303315817,62145834,1194240.9563143703,1218082.967776454,1194.273442485425,62160,58154.020851521,58756.95718770379,12398
7,206807053250,0,1196799.2286798046,1220658.8597454096,61619225,1192058.0083019969,1215758.2393831804,1192.085335968079,61633,57076.90771578573,57477.48234707431,12276
