SLAVE_INDEX,DURATION,FAILURES,READS_PER_SEC,READS_PER_SEC_NET,READ_COUNT,REQ_PER_SEC,REQ_PER_SEC_NET,TRANSACTIONS_PER_SEC,TRANSACTION_COUNT,WRITES_PER_SEC,WRITES_PER_SEC_NET,WRITE_COUNT
0,212018925334,0,964920.4769234296,9066577.95264692,46663102,881205.0514154693,9062506.224383606,880.6976615668548,46709,9673.426250301314,6180260.391349327,44935
1,212549987098,0,965285.018874943,9929765.158214897,46673837,879209.651110623,9925533.917077454,879.209651110623,46719,9438.241473928878,6890952.578869922,45163
2,210252010745,0,1023107.0510335264,1.0372931503658177E7,48542283,924376.4152901062,1.0368377320374332E7,924.3764152901063,48588,8934.23943638484,7071705.917764291,45717
3,212132003959,0,940136.3384975429,1.0313358992410064E7,45015801,849690.5541647422,1.0306730510884114E7,849.7161565315604,45063,8899.401403680613,6318626.66395252,45839
4,211205502096,0,994005.4729101468,1.074118467716375E7,47438204,899275.2656304833,1.0735185157110563E7,899.2758077735805,47483,8817.457755891923,6743709.839558018,44767
5,211913169960,0,974938.5867208259,1.0127341455876362E7,46205252,873019.2089284529,1.0120729013199467E7,873.0367997157612,46252,8202.774592838827,6102370.444254633,45815
6,209854654831,0,1028797.6134249037,1.0147164387363838E7,48154855,918727.1454867888,1.0143216539726824E7,918.7500963453355,48201,7943.979709178262,7158642.459366536,44937
7,214273036829,0,919516.2911451004,9760866.391355257,44368195,829113.0168737858,9755981.494580528,829.1290017097259,44415,8642.00388556098,6577340.891706679,45946
