SLAVE_INDEX,DURATION,FAILURES,READS_PER_SEC,READS_PER_SEC_NET,READ_COUNT,REQ_PER_SEC,REQ_PER_SEC_NET,TRANSACTIONS_PER_SEC,TRANSACTION_COUNT,WRITES_PER_SEC,WRITES_PER_SEC_NET,WRITE_COUNT
0,231609512840,0,343502.56331855064,9811105.282864675,17892170,309313.7199830397,9800243.668859143,309.31371998303973,17910,3066.2419588503262,4642611.058618823,17830
1,235854014256,0,202575.48727653638,9320156.03175295,10629437,180450.60684786414,9305054.924518744,180.45060684786415,10640,1627.075272708474,3537432.8495163573,10563
2,229657080110,0,416575.12066987716,9545861.042382203,20714168,361147.1501783172,9540169.049778024,361.14715017831725,20735,2709.204596902619,5989160.602552911,20832
3,239258707033,0,84662.94582131832,9277345.661125638,4772020,79880.06052947514,9239161.173327815,79.88006052947514,4778,1733.4545521772027,2156434.152219369,5980
4,234183131368,0,222288.15207545113,9468896.619409546,11140511,190500.48455409805,9448585.679974351,190.50048455409805,11153,1481.7842692306303,3243136.0728514986,12489
5,230965551863,0,364026.74055645696,9461197.862313952,18702877,324221.51007358165,9451573.62077591,324.22151007358167,18721,2847.901902052654,4611016.265644201,18123
6,231936676274,0,304628.16208422027,9641451.519435609,16486900,284612.1668227075,9628667.782483477,284.61216682270754,16503,4167.98519001265,4083790.2443577745,16100
7,228942600732,0,367958.0283255057,9146672.584081749,18975621,331896.4655640837,9139171.441665698,331.9085078789454,18997,3651.6996626480814,5215891.36303451,20689
