SLAVE_INDEX,DURATION,FAILURES,READS_PER_SEC,READS_PER_SEC_NET,READ_COUNT,REQ_PER_SEC,REQ_PER_SEC_NET,TRANSACTIONS_PER_SEC,TRANSACTION_COUNT,WRITES_PER_SEC,WRITES_PER_SEC_NET,WRITE_COUNT
0,218072088503,0,728126.267630263,9931017.457948383,37028902,679899.6837138114,9925521.097386412,679.9036014699963,37067,10342.43753836703,6441121.435898779,37884
1,220169272237,0,669932.5697174168,9963134.786168925,33891834,616390.8642706297,9958976.45604426,616.4165754237688,33929,8028.928737383039,7135469.629492716,35748
