SLAVE_INDEX,DURATION,FAILURES,READS_PER_SEC,READS_PER_SEC_NET,READ_COUNT,REQ_PER_SEC,REQ_PER_SEC_NET,TRANSACTIONS_PER_SEC,TRANSACTION_COUNT,WRITES_PER_SEC,WRITES_PER_SEC_NET,WRITE_COUNT
0,188705783449,0,1883278.6058710157,8389675.896451836,81070774,1720120.677105406,8385983.03372187,1720.1379268330286,81150,18990.17643218254,5763057.526715865,78406
1,144824701825,0,3803629.4923376734,7963141.45599487,131851204,3645234.5031437804,7961837.487657432,3645.2345031437803,131980,83546.99917591331,6818773.359606897,128796
2,157335649466,0,3384926.7377661387,7941873.073665492,123876833,3152300.9927078113,7939687.866750167,3152.3432088217287,123994,42194.04769731226,6130508.091508468,115498
3,155201073156,0,3579743.360368134,8418103.825890157,131228813,3385412.6734798774,8409998.27358006,3385.4140522445637,131355,58885.927485076194,4200843.749762134,126107
4,191653318337,0,1494891.4115845605,7912141.925198115,66510314,1389552.7315197368,7909397.572413725,1389.5715290904293,66579,19810.651936040395,5901056.577633556,67784
5,175290618857,0,2249204.8657928784,8561364.996114425,93045176,2125311.0658700992,8559192.473666456,2125.3617134594297,93139,37316.10237865731,6805048.947066204,91597
6,197023787473,0,1567532.5867011463,8173365.955462952,71578411,1454588.3401986365,8169563.632979209,1454.6060554925825,71648,19125.54867067479,5502892.191683077,68715
7,184350994975,0,1898197.6688288208,8550104.80595019,80868796,1756388.6760899215,8546764.136354018,1756.3886760899213,80948,22728.34501036589,6109503.933334486,79204
