SLAVE_INDEX,DURATION,FAILURES,READS_PER_SEC,READS_PER_SEC_NET,READ_COUNT,REQ_PER_SEC,REQ_PER_SEC_NET,TRANSACTIONS_PER_SEC,TRANSACTION_COUNT,WRITES_PER_SEC,WRITES_PER_SEC_NET,WRITE_COUNT
0,133152469193,0,5327108.536453436,9054254.488639083,170185711,5117610.842141434,9053412.719842726,5116.588352486097,170357,126709.77194371908,8282211.687669828,169919
1,140363907563,0,4711227.605842034,8855466.836643873,158629446,4525264.585662154,8854762.167931061,4525.293471035211,158797,117221.48861992535,8230795.440889993,166509
