SLAVE_INDEX,DURATION,FAILURES,READS_PER_SEC,READS_PER_SEC_NET,READ_COUNT,REQ_PER_SEC,REQ_PER_SEC_NET,TRANSACTIONS_PER_SEC,TRANSACTION_COUNT,WRITES_PER_SEC,WRITES_PER_SEC_NET,WRITE_COUNT
0,201588867533,0,1346917.205624934,9447690.2651252,62820207,1247690.9418563314,9442402.720135616,1247.7275551263162,62882,15954.326299392564,5951648.121215683,59944
1,201351384617,0,1351292.4820659568,1.0568405340450995E7,62076603,1234407.5233094527,1.0562139347370988E7,1234.4191108912987,62138,13823.779549615894,6579877.733487307,60813
2,202214654190,0,1335013.773587132,1.0156198734990623E7,61718879,1222069.968123115,1.0152448336926874E7,1222.087424686264,61781,14165.683830203252,7398720.088482578,61235
3,201766528572,0,1314680.8370037668,9644928.02070127,61586723,1222165.052574635,9640374.019879282,1222.1650525746352,61648,17039.12643847062,6537832.972488385,61277
4,204336845072,0,1266601.8101253791,1.0538640820964333E7,59528844,1166542.8029683481,1.0532629446370358E7,1166.5639062388168,59593,15439.317357207943,6846734.982590487,63075
5,203336273606,0,1285180.5046692588,9467432.427797113,59533901,1172348.3851282988,9463424.825070018,1172.3633523185,59596,13598.137006944768,6707555.888871994,61337
