SLAVE_INDEX,DURATION,FAILURES,READS_PER_SEC,READS_PER_SEC_NET,READ_COUNT,REQ_PER_SEC,REQ_PER_SEC_NET,TRANSACTIONS_PER_SEC,TRANSACTION_COUNT,WRITES_PER_SEC,WRITES_PER_SEC_NET,WRITE_COUNT
0,164346276786,0,3255969.103740877,1.1893714554807588E7,123310474,3004483.6892956174,1.187846429076117E7,3004.5097235326893,123445,41516.6843662204,5436957.858850682,133453
1,162262487936,0,3433632.1862284723,1.1974333911289379E7,127860883,3155173.5864048325,1.1962504229166292E7,3155.2331667747035,127994,39273.64731015267,6083177.453928004,130696
