SLAVE_INDEX,DURATION,FAILURES,READS_PER_SEC,READS_PER_SEC_NET,READ_COUNT,REQ_PER_SEC,REQ_PER_SEC_NET,TRANSACTIONS_PER_SEC,TRANSACTION_COUNT,WRITES_PER_SEC,WRITES_PER_SEC_NET,WRITE_COUNT
0,237941686921,0,19601.81084183646,19693.333114111916,1154231,19428.104674801354,19517.94829389968,19.449884504644604,1157,2423.8383111425455,2424.497599666934,1458
1,237849059664,0,21015.16705025151,21118.454711878952,1236963,20828.318627781482,20929.874151730535,20.870110409838095,1241,2552.4433044180946,2555.171431859893,1536
2,237877904327,0,20679.884817191207,20779.208176339176,1223359,20584.442316546087,20682.86055516344,20.615354636959644,1226,2518.2240627649203,2519.9618683340545,787
3,237705006453,0,22290.170451195572,22402.22222318075,1309390,22063.09441377696,22172.989053073547,22.09434052190544,1313,2542.0077519045917,2544.6496578650413,1737
4,237827799854,0,21197.43896674288,21323.81119822837,1251238,21063.18942981109,21187.973803218883,21.090606415057042,1254,2598.1057246113955,2600.205520827372,1115
5,237876444704,0,20459.73005526675,20563.95653187275,1205719,20298.571411761164,20401.402199788896,20.329634106292097,1209,2638.594846382268,2643.8007661012653,1419
6,237757324747,0,21378.571221214577,21493.51221371328,1258229,21192.31449698408,21305.26706081306,21.2146429168837,1261,2442.4882374275594,2444.1084378223886,1428
7,237798091353,0,21449.46774409888,21559.19201324243,1262068,21257.126040159146,21364.852656334526,21.295081805691424,1266,2716.279145936338,2717.615355597742,1658
