SLAVE_INDEX,DURATION,FAILURES,READS_PER_SEC,READS_PER_SEC_NET,READ_COUNT,REQ_PER_SEC,REQ_PER_SEC_NET,TRANSACTIONS_PER_SEC,TRANSACTION_COUNT,WRITES_PER_SEC,WRITES_PER_SEC_NET,WRITE_COUNT
0,210233490913,0,825765.627140239,976339.7995667383,37995577,723614.7168528656,836723.0076442035,723.643316598354,38034,5566.139874834989,5573.502738967265,36435
1,210433913448,0,817706.2532990283,962515.4406917723,37327273,710250.3087599187,817052.1338569837,710.2555571578484,37366,5447.774559405795,5454.810306764085,37915
