SLAVE_INDEX,DURATION,FAILURES,READS_PER_SEC,READS_PER_SEC_NET,READ_COUNT,REQ_PER_SEC,REQ_PER_SEC_NET,TRANSACTIONS_PER_SEC,TRANSACTION_COUNT,WRITES_PER_SEC,WRITES_PER_SEC_NET,WRITE_COUNT
0,196503297659,0,944585.454860184,7171275.208879393,46162083,940602.7186411167,7155108.333411568,9406.05023518011,462080,179175.18118953766,2186657.820921791,45801
1,197775865747,0,944658.0285157803,7334432.676829809,46527912,941964.6997693696,7316872.342945301,9419.65237301819,465745,244716.28435406246,2156694.0681011854,46559
2,199421395221,0,874823.2810769808,7431604.962682686,43406858,871525.3436442609,7418093.455550626,8715.292494015179,434504,182500.28064597314,2629750.9706163765,43342
3,204417767652,0,900973.2633178874,7707015.2737744935,45892512,898909.043527079,7694499.71608705,8989.119975581614,459384,272471.72828405263,2926130.7464997307,45733
4,197196190765,0,960594.9334134944,7348670.388601201,47168234,957738.3379837621,7330649.157023826,9577.425661996056,472158,241724.23087342444,2129336.5562365423,47354
5,202296669472,0,893295.9317852503,7613657.706526804,45017440,891017.0220323299,7592179.274759643,8910.18100198767,450625,250857.36331648126,1986502.627473496,45004
