SLAVE_INDEX,DURATION,FAILURES,READS_PER_SEC,READS_PER_SEC_NET,READ_COUNT,REQ_PER_SEC,REQ_PER_SEC_NET,TRANSACTIONS_PER_SEC,TRANSACTION_COUNT,WRITES_PER_SEC,WRITES_PER_SEC_NET,WRITE_COUNT
0,193722301224,0,897696.3948776792,1053972.800137899,42810473,884833.6351414557,1036221.4831593643,8848.364669757257,428532,57369.32492473368,57716.126476076126,42529
1,194224755640,0,894432.2361640614,1049365.5573232982,42761149,881536.7095498022,1031594.749356448,8815.386217200003,428042,57368.54391906286,57713.230751862655,42914
2,195977256773,0,912992.7971937371,1074508.2467743692,44030654,899592.0184973677,1055923.9073862734,8995.932500600766,440750,57635.11454685239,57973.75816919165,44240
3,199912503463,0,933880.5407473127,1102770.090445574,45930752,919929.3531634322,1083277.3700562157,9199.29217340096,459764,57317.864260532966,57599.426013438584,45593
