SLAVE_INDEX,DURATION,FAILURES,READS_PER_SEC,READS_PER_SEC_NET,READ_COUNT,REQ_PER_SEC,REQ_PER_SEC_NET,TRANSACTIONS_PER_SEC,TRANSACTION_COUNT,WRITES_PER_SEC,WRITES_PER_SEC_NET,WRITE_COUNT
0,219506566386,0,691912.4701636707,698420.5768139719,30875383,562689.4813834492,567002.4365849559,5626.9291694919675,308787,304.8747247614501,304.92261571522505,3126
1,219498589122,0,704401.6304161453,711312.9014640384,31683599,577438.9371111286,582092.7883741121,5774.4328440073705,316870,319.24583230532204,319.30051050031705,3159
2,221053885888,0,685842.4402980201,692446.0808965223,30940005,559919.9647759688,564331.9533370606,5599.248484370164,309434,306.96295619118473,307.01833473496936,3116
3,219452663950,0,685184.8815242742,691604.9725095675,30996063,565027.508749,569404.0827450124,5650.311472959939,309994,325.6923386949458,325.7517806495746,3135
4,221161495424,0,691641.9517985822,698072.5006930662,31332113,566740.0998519304,571068.0773580731,5667.441243660865,313355,316.23791092037766,316.29250674453533,3159
5,222263483226,0,693499.791700298,699686.5369041902,31734553,571171.4320202355,575376.6022102137,5711.74292613526,317378,314.6075661642027,314.655329804106,3085
6,220224560353,0,689601.151244199,695951.435951743,31069905,564387.694999918,568675.0081545489,5643.911427515731,310732,310.26125900295517,310.38437220291485,3103
7,221358795867,0,711260.9570443397,718088.7200721774,31997855,578266.3187096004,582788.7708928682,5782.701257608731,320013,311.914520983926,311.9652975470362,3229
