SLAVE_INDEX,DURATION,FAILURES,READS_PER_SEC,READS_PER_SEC_NET,READ_COUNT,REQ_PER_SEC,REQ_PER_SEC_NET,TRANSACTIONS_PER_SEC,TRANSACTION_COUNT,WRITES_PER_SEC,WRITES_PER_SEC_NET,WRITE_COUNT
0,216943767115,0,716001.242083986,722502.3775506001,36935091,681077.6726379794,686992.089893095,6810.8146949494485,369391,1432.8243933008728,1434.3163099412423,3798
1,217800956203,0,706197.9910264281,713027.6777863929,36529586,670949.2857496792,677132.7448551093,6709.520269352302,365335,1381.8696777143505,1382.7661860313244,3763
