SLAVE_INDEX,DURATION,FAILURES,READS_PER_SEC,READS_PER_SEC_NET,READ_COUNT,REQ_PER_SEC,REQ_PER_SEC_NET,TRANSACTIONS_PER_SEC,TRANSACTION_COUNT,WRITES_PER_SEC,WRITES_PER_SEC_NET,WRITE_COUNT
0,220308624284,0,693404.8683111487,699789.1320917539,32736573,594437.0286257151,599141.7241444641,5944.424203054728,327402,423.09659578996883,423.1919558078186,3328
1,220575452622,0,676233.6226721256,682542.5455735296,32147308,583030.0809600303,587732.4656667336,5830.33099120919,321507,423.7943919622361,423.8939800310607,3223
2,220487676625,0,686135.5143637668,692745.3298216192,32503866,589731.4080784174,594625.7081390399,5897.361227984424,325074,420.7987158378873,420.89104892458266,3261
3,218666760186,0,708444.3131947083,715245.7971216287,33043730,604519.8268248879,609484.9658998414,6045.253156794129,330474,419.7394105060614,419.8336210416594,3368
4,219617400470,0,726665.5218265275,733556.5901252901,33971298,618797.5620746132,623819.6491146268,6188.015090224529,339749,414.48063873070885,414.6251392954699,3380
5,217973860734,0,768540.9452082354,775972.3391032062,35324612,648301.0555676126,653603.5443643772,6483.033780767152,353283,417.2210126238247,417.31420340729466,3559
