SLAVE_INDEX,DURATION,FAILURES,READS_PER_SEC,READS_PER_SEC_NET,READ_COUNT,REQ_PER_SEC,REQ_PER_SEC_NET,TRANSACTIONS_PER_SEC,TRANSACTION_COUNT,WRITES_PER_SEC,WRITES_PER_SEC_NET,WRITE_COUNT
0,214535497726,0,667108.0227721509,8882453.769634815,35773045,667053.2080559115,8872298.562565112,6670.541637840526,357767,367357.10447152256,718326.2818201546,3603
1,212214385021,0,747415.4953305552,9391158.47278073,39647237,747378.8168709913,9388174.826110888,7473.819359916774,396513,498496.65905223787,2218224.131426791,3897
2,208904350857,0,856512.4386593027,8997077.625950905,44719575,856354.4764199703,8986912.346845211,8563.555454262058,447241,300953.64391291456,730292.9571259696,4469
3,219657907054,0,607932.4322609004,9171301.536468739,33378873,607897.0058071871,9159974.769283608,6078.997901838746,333825,389661.06779923063,711744.1004319496,3473
4,221268818448,0,730760.3577086577,8692448.389091985,40414879,730676.3109868333,8681977.819061419,7306.786320020812,404191,342088.1825085597,673183.2350229993,4092
5,217741294349,0,806334.1654183784,9370428.927927135,43884707,806262.1677935583,9360505.908688027,8062.6322619092325,438892,428058.4650648674,815473.3634405731,4435
6,224942684095,0,747176.0544302915,9336353.874488076,42010811,747125.4318678934,9327659.830250751,7471.254318678934,420151,449093.42994060036,921600.860877055,4289
7,217748010162,0,602895.8149149694,8847821.9364097,32813877,602847.2999699917,8836938.050884057,6028.472999699917,328172,335918.85381211794,672155.6002794007,3323
