SLAVE_INDEX,DURATION,FAILURES,READS_PER_SEC,READS_PER_SEC_NET,READ_COUNT,REQ_PER_SEC,REQ_PER_SEC_NET,TRANSACTIONS_PER_SEC,TRANSACTION_COUNT,WRITES_PER_SEC,WRITES_PER_SEC_NET,WRITE_COUNT
0,194144355498,0,909712.8295715839,1070322.0384162439,44081398,908313.6079215892,1068384.7042242514,9083.187313042628,440863,57615.55654154303,58141.01265703383,4592
1,204801690322,0,959453.0787588567,1138090.6930215224,49044416,957985.159651411,1136025.9725605608,9579.85596249494,490493,57924.34225051633,58481.49338821091,4829
2,191529147553,0,887876.6912676091,1040681.8865397169,42451082,886656.4393443416,1039007.099476648,8866.606686455914,424554,57633.982633101994,58228.87446277457,4056
3,194269292517,0,910500.7979519325,1071535.8408003286,44148941,909119.345171574,1069620.8659396246,9091.223499776608,441537,57848.73773819149,58343.93134867496,4552
4,191942057519,0,888828.501466671,1041469.8311387296,42579841,887438.8771368603,1039564.8853284466,8874.415645204082,425844,54666.85516515544,55231.12029448905,4370
5,194481994779,0,898494.535701332,1054265.533566741,43615274,897147.5030285945,1052410.6984951878,8971.512182071592,436200,57585.5974838445,58114.477902445964,4485
