SLAVE_INDEX,DURATION,FAILURES,READS_PER_SEC,READS_PER_SEC_NET,READ_COUNT,REQ_PER_SEC,REQ_PER_SEC_NET,TRANSACTIONS_PER_SEC,TRANSACTION_COUNT,WRITES_PER_SEC,WRITES_PER_SEC_NET,WRITE_COUNT
0,191426472808,0,893161.4382067404,1047500.3193284402,42677127,891860.5953275712,1045711.7477356422,8918.63138821241,426816,57769.24832606558,58332.401240052,4305
1,195150828331,0,912095.7220917036,1073267.4850846026,44427868,910726.1369065247,1071376.213815472,9107.284850506614,444324,56013.91933083404,56665.79021763247,4372
2,196717491851,0,930082.962124532,1096860.1190487836,45666231,928659.2579086472,1094877.8248856796,9286.627530481415,456711,57910.73050926717,58386.59550769465,4649
3,199681494820,0,929955.4012778292,1098796.1884936108,46344995,928473.6783802889,1096727.7863576377,9284.773754426746,463500,56204.0337781518,56720.51191275293,4758
