SLAVE_INDEX,DURATION,FAILURES,READS_PER_SEC,READS_PER_SEC_NET,READ_COUNT,REQ_PER_SEC,REQ_PER_SEC_NET,TRANSACTIONS_PER_SEC,TRANSACTION_COUNT,WRITES_PER_SEC,WRITES_PER_SEC_NET,WRITE_COUNT
0,239790841402,0,15911.13929451271,6704188.58893325,953820,15913.868843733797,6693810.20738908,15.913868843733797,954,174956.91078582624,727343.9922901536,180
1,218265044039,0,516753.5339052747,7251074.738368058,28190334,516729.5592227198,7238657.936205861,516.7295592227198,28196,419821.89134059555,760376.6467879707,5666
2,227068219873,0,282555.82559066545,6780981.335594342,16037825,282575.8709690292,6773291.675592292,282.5758709690292,16041,440391.86831326067,1006705.5307846984,3175
3,239473322576,0,19889.86404388854,6652518.889154575,1190745,19893.656415478523,6642509.914256282,19.89365641547852,1191,181418.1564002369,827667.4626880204,255
4,239000680713,0,24919.87594152386,7172763.400057818,1488906,24924.01269414455,7159543.107032766,24.93716334375617,1490,126180.05750819991,722466.2370181849,308
5,238546373602,0,51234.99337551629,8731014.258411102,3055341,51243.70500972274,8719404.885779861,51.24370500972274,3056,242090.7011731021,1216979.7296236688,659
6,240071285996,0,10944.454319817145,7445031.756088697,656855,10946.7485421967,7431368.007960726,10.9467485421967,657,217218.1323210469,797879.2918683719,145
7,239413665457,0,21799.173984284495,6952660.461471972,1304723,21803.266701739463,6939485.206999014,21.803266701739464,1305,188481.88558094864,699136.9948845635,277
