SLAVE_INDEX,DURATION,FAILURES,READS_PER_SEC,READS_PER_SEC_NET,READ_COUNT,REQ_PER_SEC,REQ_PER_SEC_NET,TRANSACTIONS_PER_SEC,TRANSACTION_COUNT,WRITES_PER_SEC,WRITES_PER_SEC_NET,WRITE_COUNT
0,193839451974,0,1068108.2552527068,6822493.908660545,51739454,1067891.772763396,6814728.163778906,1067.8593050006093,51750,532632.2834194824,1025732.0136269506,10435
1,237330659085,0,61020.11134082408,6923400.036963264,3620285,61028.77755382019,6914420.277982791,61.02877755382019,3621,217266.4372505282,913732.4725504861,715
2,237109347278,0,65243.39964182956,6588589.499369786,3867202,65252.59412004445,6579223.474103284,65.25259412004445,3868,205807.1531525665,833973.226637711,798
3,185991417633,0,1353242.118101379,7164881.707048573,62893423,1352876.2950584397,7156230.703513833,1352.922474582124,62908,571146.4137762887,1006044.3039736705,12422
