SLAVE_INDEX,DURATION,FAILURES,READS_PER_SEC,READS_PER_SEC_NET,READ_COUNT,REQ_PER_SEC,REQ_PER_SEC_NET,TRANSACTIONS_PER_SEC,TRANSACTION_COUNT,WRITES_PER_SEC,WRITES_PER_SEC_NET,WRITE_COUNT
0,176641553374,0,2408776.2886318453,5297340.457006661,100994387,2288864.2014145153,5296404.078009289,228.91553096074642,10109,37060.271826835036,4356493.876143502,82745
1,185034738916,0,2218061.6173361843,5158215.0112000005,98029314,2121149.7381482325,5157472.979652928,212.13313131504825,9813,44737.92363878855,4473820.02287886,92283
2,177932271435,0,2493692.497745131,5214008.981131136,103783246,2334955.1188738244,5213493.197659172,233.50451825251776,10387,28875.303288281924,4637884.8517996585,82721
3,184971079569,0,2189603.2214375664,5504110.378034617,95973826,2077516.4468705573,5476157.367568924,207.79463315007564,9609,39934.65803402777,903366.1073391854,96289
