SLAVE_INDEX,DURATION,FAILURES,READS_PER_SEC,READS_PER_SEC_NET,READ_COUNT,REQ_PER_SEC,REQ_PER_SEC_NET,TRANSACTIONS_PER_SEC,TRANSACTION_COUNT,WRITES_PER_SEC,WRITES_PER_SEC_NET,WRITE_COUNT
0,228910202901,0,786685.4377629971,7067529.660312622,39619040,693022.8447205093,7067706.463726987,69.30228447205093,3966,5966.004841918131,7242966.742873133,40960
1,221124562886,0,777965.9166057591,6679817.877167635,38848936,703409.8698487364,6680118.7458487535,70.34948557001198,3889,6803.892070174427,7017811.334081804,36364
