SLAVE_INDEX,DURATION,FAILURES,READS_PER_SEC,READS_PER_SEC_NET,READ_COUNT,REQ_PER_SEC,REQ_PER_SEC_NET,TRANSACTIONS_PER_SEC,TRANSACTION_COUNT,WRITES_PER_SEC,WRITES_PER_SEC_NET,WRITE_COUNT
0,241573599811,0,464488.72424015,6301544.191446481,24751083,410309.73615307524,6300629.578396709,41.03097361530752,2478,4068.9916091570326,5604388.544193356,28917
1,244696969615,0,304719.09357340855,6718116.468906326,16123923,264000.0000884359,6716813.938574242,26.40000000884359,1615,3156.9503209539007,5997788.061211617,26077
2,245859990892,0,373640.05588753335,6456808.750502424,21371851,348165.6356100732,6457040.663478423,34.81656356100733,2140,6598.512056804237,6638061.07020901,28149
3,239557936135,0,431152.278041306,7030131.632243579,23282406,389258.6382421081,7028753.087179239,38.938387453034096,2332,5109.983924045847,6102873.976453448,30093
