SLAVE_INDEX,DURATION,FAILURES,READS_PER_SEC,READS_PER_SEC_NET,READ_COUNT,REQ_PER_SEC,REQ_PER_SEC_NET,TRANSACTIONS_PER_SEC,TRANSACTION_COUNT,WRITES_PER_SEC,WRITES_PER_SEC_NET,WRITE_COUNT
0,134299355695,0,5380411.582636263,6399630.550613772,177762614,5299713.705376314,6400025.7379559195,530.0396291604576,17796,325417.48643214355,6829863.210765802,174420
1,142821826183,0,4729613.7804581355,6085473.188192093,163600207,4587153.248975762,6085934.871889433,458.7532851601419,16380,167012.52678984747,6520601.193588635,186194
