SLAVE_INDEX,DURATION,FAILURES,READS_PER_SEC,READS_PER_SEC_NET,READ_COUNT,REQ_PER_SEC,REQ_PER_SEC_NET,TRANSACTIONS_PER_SEC,TRANSACTION_COUNT,WRITES_PER_SEC,WRITES_PER_SEC_NET,WRITE_COUNT
0,241987115252,0,435086.4086139152,6300051.506914073,24413939,403988.4516090657,6299592.240249942,40.39884516090657,2444,5944.6696179988085,5896884.286006016,26061
1,244227598985,0,572455.1198201024,6473609.222355438,29764996,487905.54587288306,6473214.837184955,48.790554587288305,2979,2759.346979647937,6035507.122056509,25004
2,240955072426,0,365128.95312509645,6284250.69289283,20135081,334668.198465776,6284164.992655523,33.4668198465776,2016,4892.1742807697965,6215673.0544499345,24919
3,240676499980,0,306751.53760494577,6378638.2279596925,16369245,272501.45321811654,6378846.604673538,27.256503163872033,1640,3956.7020520275687,6508082.357245846,26929
4,241845364662,0,404478.69544638204,6360023.207209933,22687760,375657.4128554095,6359110.163277399,37.57772863120161,2272,5718.788566015675,5625893.291497632,24991
5,241519071024,0,502276.4259832716,6223166.350176923,30325005,502651.8174539366,6222406.289861767,50.26518174539366,3035,5390582.99980067,5419373.191328916,24995
