SLAVE_INDEX,DURATION,FAILURES,READS_PER_SEC,READS_PER_SEC_NET,READ_COUNT,REQ_PER_SEC,REQ_PER_SEC_NET,TRANSACTIONS_PER_SEC,TRANSACTION_COUNT,WRITES_PER_SEC,WRITES_PER_SEC_NET,WRITE_COUNT
0,212098889644,0,784053.4314524007,813324.4698379063,32887835,620837.4038214821,639046.9441121174,62.10234710011146,3293,2879.009051258504,2879.353134339339,31896
1,216102339414,0,776423.290173507,809327.684917851,34189890,633381.7781480836,655102.2233847264,63.37650227330247,3424,2895.8602181255087,2896.1357063507144,28931
2,212905972250,0,793046.668788818,822378.204569125,34809373,654501.0012043004,674343.6472520761,65.47399285433535,3485,2937.8765497089303,2938.0870953129092,27420
3,211777827334,0,764720.5909271872,798834.3811088781,32752895,619175.3388478928,641335.7421862547,61.9697759032297,3281,2867.8426139004114,2867.953179452087,29007
4,215063576783,0,797329.0654969829,828035.931837468,32212754,599866.9878450461,617067.0806574348,60.0184383146515,3227,2965.267646525501,2965.366177896228,39631
5,215737055675,0,770140.7414615175,800578.4989951936,34273752,635988.2291463928,656590.7766204817,63.63207643043928,3432,2948.2457376178213,2948.3561211512847,27805
