SLAVE_INDEX,DURATION,FAILURES,READS_PER_SEC,READS_PER_SEC_NET,READ_COUNT,REQ_PER_SEC,REQ_PER_SEC_NET,TRANSACTIONS_PER_SEC,TRANSACTION_COUNT,WRITES_PER_SEC,WRITES_PER_SEC_NET,WRITE_COUNT
0,126333556213,0,4336742.039114279,4730418.893997105,136953704,4336278.2179294685,4730357.164564672,433.6772238639732,13697,186422.41364045435,1272947.022285762,658
1,129531607318,0,4478762.327492776,4903575.480005414,145017517,4478234.741393438,4903496.975159364,447.8782798639509,14504,180873.507093908,1159478.7183647964,719
2,126944350482,0,4525972.740320457,4923567.572398525,143616303,4525353.052883251,4923489.379250669,452.57612782419875,14363,155129.56291078843,1153673.7194201055,698
3,128036374376,0,4468143.1714749,4903166.038880443,143003866,4467622.476720357,4903092.679933681,446.81034449207556,14302,175150.9260074913,1182490.9606826103,680
