SLAVE_INDEX,DURATION,FAILURES,READS_PER_SEC,READS_PER_SEC_NET,READ_COUNT,REQ_PER_SEC,REQ_PER_SEC_NET,TRANSACTIONS_PER_SEC,TRANSACTION_COUNT,WRITES_PER_SEC,WRITES_PER_SEC_NET,WRITE_COUNT
0,220529644360,0,161044.4777213683,3814804.381133029,8025450,148524.41310126637,3730684.503866794,1485.2605760413014,81886,30773.614514037814,1789037.1926419903,163059
1,223558232998,0,158706.19373420475,3790445.7030944405,8024654,146499.6370779733,3768873.409179178,1464.9963707797333,81878,30628.520068590184,2944583.758848001,163146
2,222521185734,0,160982.98122238045,4148378.5839492283,7980969,146402.23982512386,4112784.2371715596,1464.0223982512387,81444,26996.343504048164,2898348.706830621,163431
3,223028203242,0,157086.46033556337,3947757.172876456,7965159,145784.3426408282,3841188.548983177,1457.8782653773542,81287,32336.28056235533,1658307.7895692734,163346
