SLAVE_INDEX,DURATION,FAILURES,READS_PER_SEC,READS_PER_SEC_NET,READ_COUNT,REQ_PER_SEC,REQ_PER_SEC_NET,TRANSACTIONS_PER_SEC,TRANSACTION_COUNT,WRITES_PER_SEC,WRITES_PER_SEC_NET,WRITE_COUNT
0,234366173880,0,57506.979008035276,4201920.684471851,3091072,53803.020253495975,4119953.4642115454,538.063970103482,31526,12670.719077071251,2077458.7946819833,61330
1,234698174286,0,50191.23055208371,3908751.5794186755,2686716,46730.65750667081,3838707.747190507,467.3065750667081,27419,10725.850237253255,2050099.2255232302,55184
2,234868100445,0,50904.35922228728,4201479.064843861,2731472,47459.829491022305,4102680.884877025,474.59829491022305,27867,10918.67356277295,1896744.4377792492,55228
3,234683935400,0,49832.78080453554,4145017.5663599703,2700438,46960.21472972112,4064087.8786618887,469.63587834038617,27554,12221.401760304048,2070592.6371950526,54764
