SLAVE_INDEX,DURATION,FAILURES,READS_PER_SEC,READS_PER_SEC_NET,READ_COUNT,REQ_PER_SEC,REQ_PER_SEC_NET,TRANSACTIONS_PER_SEC,TRANSACTION_COUNT,WRITES_PER_SEC,WRITES_PER_SEC_NET,WRITE_COUNT
0,233155744341,0,80027.44787940956,4636040.698787205,4246548,74372.33017359862,4598239.84306328,743.7260320346193,43351,16943.741632517485,3305507.362581202,88536
1,227523763555,0,152059.88976294943,4660508.388809472,7878016,141286.34080997543,4627722.163557158,1412.8634080997545,80365,31244.988332674933,3428716.700919615,158484
