SLAVE_INDEX,DURATION,FAILURES,READS_PER_SEC,READS_PER_SEC_NET,READ_COUNT,REQ_PER_SEC,REQ_PER_SEC_NET,TRANSACTIONS_PER_SEC,TRANSACTION_COUNT,WRITES_PER_SEC,WRITES_PER_SEC_NET,WRITE_COUNT
0,238126099447,0,22226.211958585332,4190595.4745181473,1198855,20553.815862126245,4121421.1320582037,205.53815862126243,12236,4424.490830776414,2290009.9300087085,24745
1,238440396933,0,18612.70983823128,4332719.480390846,988709,16921.629270453483,4306199.047602563,169.21629270453485,10087,3080.2775128005123,3305521.7930508726,19991
2,237558294746,0,27002.799128249182,4393959.7888673395,1462504,25130.673742136394,4329224.439586682,251.30673742136392,14925,5737.156698802548,2519448.959992367,29996
3,243803062093,0,12139.918284870491,4420660.02844441,671861,11250.063786950075,4299131.143683604,112.50063786950075,6857,2467.8823235946365,1841446.3344103934,13839
4,234796346743,0,61836.11640483371,4452777.951968016,3289586,57198.50494394624,4397850.997805343,571.9850494394624,33575,12346.587200230184,2752961.919934144,67914
5,236730731313,0,39297.27543832,4428942.243038144,2124879,36654.30319026558,4360905.810816128,366.5430319026558,21693,8691.651700005137,2513735.434141466,44421
