SLAVE_INDEX,DURATION,FAILURES,READS_PER_SEC,READS_PER_SEC_NET,READ_COUNT,REQ_PER_SEC,REQ_PER_SEC_NET,TRANSACTIONS_PER_SEC,TRANSACTION_COUNT,WRITES_PER_SEC,WRITES_PER_SEC_NET,WRITE_COUNT
0,237726646728,0,28046.346935238966,4672955.572144811,1509156,25918.84454185704,4563711.485472164,259.18844541857044,15404,5557.1554042059115,2143384.9333155793,31244
1,237815066466,0,27810.612144231483,4671247.510216089,1498299,25700.642481681545,4617183.631812675,257.00642481681547,15280,5324.014562038094,2915163.59627011,29701
