SLAVE_INDEX,DURATION,FAILURES,READS_PER_SEC,READS_PER_SEC_NET,READ_COUNT,REQ_PER_SEC,REQ_PER_SEC_NET,TRANSACTIONS_PER_SEC,TRANSACTION_COUNT,WRITES_PER_SEC,WRITES_PER_SEC_NET,WRITE_COUNT
0,239455005890,0,8327.942909776753,3777717.7671813834,457198,7792.695721956201,3509287.6560740876,77.92695721956201,4665,1873.7109047556428,781152.983735462,9302
1,240467674619,0,5169.062850380919,3608568.6971915136,290645,4925.402143454742,3367629.7880297974,49.25402143454742,2961,1402.6291721623443,738926.8492897396,5455
2,246004831852,0,4699.1945113803895,3531206.500114799,261967,4346.25609566582,3231803.939549053,43.462560956658194,2673,926.8344091541,625721.1214464213,5333
3,239760279414,0,4857.913656905343,3738091.2927005407,266523,4532.860916980312,3491693.2415376133,45.32860916980312,2717,1019.8183905144784,794746.2925592051,5177
4,240323767688,0,4574.89444238294,3519652.8277530037,249436,4237.616652723822,3197343.8687446387,42.37616652723822,2546,929.0854683384214,589557.9345846997,5164
5,238920215663,0,15093.216149786547,4148290.288021928,821539,14031.462305092688,4044177.7318639834,140.31462305092688,8381,3125.280792696077,1801401.1030413723,16561
