SLAVE_INDEX,DURATION,FAILURES,READS_PER_SEC,READS_PER_SEC_NET,READ_COUNT,REQ_PER_SEC,REQ_PER_SEC_NET,TRANSACTIONS_PER_SEC,TRANSACTION_COUNT,WRITES_PER_SEC,WRITES_PER_SEC_NET,WRITE_COUNT
0,238363168873,0,20175.484166265884,4231244.993343156,1081501,18516.283454645494,4103281.026311579,185.16283454645495,11034,3658.3199527372926,1645552.506239249,21899
1,239478786353,0,12055.285510663869,4310417.360330771,639995,10907.020366095483,4209336.743044357,109.07020366095483,6530,1917.7556232456375,1954173.6878739842,13005
2,238501358435,0,19786.586960068926,4479637.0421809405,1056083,18067.821618611066,4393740.967331627,180.67821618611066,10773,3393.8198924456533,2248092.0633804724,21217
3,239336457507,0,8661.661226717173,4510459.528150519,469276,7992.982013381932,4358096.665413116,79.93767106262797,4783,1587.2783595565536,1575676.967791606,8977
