SLAVE_INDEX,DURATION,FAILURES,READS_PER_SEC,READS_PER_SEC_NET,READ_COUNT,REQ_PER_SEC,REQ_PER_SEC_NET,TRANSACTIONS_PER_SEC,TRANSACTION_COUNT,WRITES_PER_SEC,WRITES_PER_SEC_NET,WRITE_COUNT
0,235829168194,0,57164.010585508666,3922694.710281566,3032266,52480.361503962944,3899084.597142485,524.8036150396294,30941,10458.582416381787,3010510.4835535698,61834
1,235661395254,0,57684.586040953865,4020224.6865330334,3118817,54004.60260486377,3978420.510476416,540.0460260486377,31817,12969.263251004333,2624748.028853696,62883
2,235555955393,0,56744.94305059692,3588249.702673085,3054255,52913.11773122078,3580668.994038694,529.1311773122078,31160,12191.194152163529,3241881.2094025686,61745
3,235861010399,0,59101.841590744756,5069874.018447231,3099287,53621.41024752271,4993105.422816801,536.2141024752272,31618,9579.828365465368,2852029.986394654,62513
4,235451737603,0,57844.617959227384,3926299.3642707677,3073520,53274.61214641797,3889244.4145639967,532.7461214641796,31359,10888.720598826443,2654773.299308996,62380
5,235823913735,0,57697.04066651093,4318782.876595153,3051101,52813.982274909176,4274347.583660344,528.1398227490918,31137,10305.098230963942,2846751.334163149,62599
6,235627661732,0,58945.538673399016,4853932.107673271,3104808,53761.0903019017,4773543.864389101,537.610903019017,31669,9959.530449233689,2611163.72368087,62092
7,235212177515,0,57992.92103174789,4325633.708552699,3084696,53526.140240749686,4051577.646700041,535.2614024074969,31475,11190.742919668815,985348.518323193,62804
