SLAVE_INDEX,DURATION,FAILURES,READS_PER_SEC,READS_PER_SEC_NET,READ_COUNT,REQ_PER_SEC,REQ_PER_SEC_NET,TRANSACTIONS_PER_SEC,TRANSACTION_COUNT,WRITES_PER_SEC,WRITES_PER_SEC_NET,WRITE_COUNT
0,190188666653,0,429259.05311326217,1535838.6260927417,18797479,403400.9036930687,1487665.7635418917,4034.053398012157,191808,101976.96874593596,585912.8533163365,383091
1,193894949488,0,429693.56930936594,1506027.0100233778,19288168,405977.6090499548,1463264.594795099,4059.7852881610147,196793,109072.42873590902,609593.3787675689,391084
2,189636387787,0,433689.51545925834,1553097.3766792302,18926881,407272.4275192851,1504374.4899138948,4072.7388250938475,193086,101269.23821925282,588510.5423099381,381537
3,192483255497,0,434126.9003997458,1516423.067374845,19171369,406526.79007301794,1466595.0610534556,4065.2679007301795,195624,98743.57961456523,561698.9845279205,391031
4,191401712991,0,422759.6746230256,1470645.083361697,18618561,397090.9497741737,1425236.6116205705,3970.9553819388434,190012,100373.07585994579,569343.8292715129,382411
5,193505998163,0,430309.3100869573,1522479.4290388215,19130271,403499.4922184768,1473706.854286587,4034.9992882934125,195201,99406.64781515878,572779.8279088151,389622
