SLAVE_INDEX,DURATION,FAILURES,READS_PER_SEC,READS_PER_SEC_NET,READ_COUNT,REQ_PER_SEC,REQ_PER_SEC_NET,TRANSACTIONS_PER_SEC,TRANSACTION_COUNT,WRITES_PER_SEC,WRITES_PER_SEC_NET,WRITE_COUNT
0,214461063800,0,215456.1033718401,1642501.2434450705,10533395,200495.63887316687,1593358.7321848234,2004.9647441957873,107498,45749.401433222956,648373.253248278,216232
1,206912184539,0,285888.08204007114,1612224.9507699588,13680992,269898.15087218303,1562861.5945260504,2698.9997663903373,139614,72363.16865546042,626558.4065092085,280312
2,208187402265,0,329743.0810996622,1595327.280214875,15817066,310061.02817803464,1537876.946109601,3100.6102817803467,161377,78605.98183104236,553895.4607293633,320634
3,211566163865,0,279878.56440048065,1607017.4043407864,13249660,255588.09127202586,1548227.9791704987,2555.857206465876,135186,48423.3333725606,552283.1469445603,268788
4,204932395061,0,287232.5472407025,1487351.1763999,13685713,272605.02168713295,1439257.9304825715,2726.050216871329,139664,78266.58176578098,558592.6187655298,280687
5,212189429189,0,226483.21165934333,1552057.0915475863,11079583,213124.45286668584,1499262.1192630085,2131.2227729315114,113058,54783.69284019841,562184.9013624156,226106
6,211960367655,0,262528.93733251834,1482481.7546262816,12724680,245031.26020490672,1436267.91826583,2450.2888144058493,129843,57416.45545245968,568075.3061386965,259549
7,216943274287,0,227851.593450293,1537839.1605848768,11263929,211911.616762921,1491552.1729090046,2119.11616762921,114932,47760.3795528535,601740.5618248018,229271
