SLAVE_INDEX,DURATION,FAILURES,READS_PER_SEC,READS_PER_SEC_NET,READ_COUNT,REQ_PER_SEC,REQ_PER_SEC_NET,TRANSACTIONS_PER_SEC,TRANSACTION_COUNT,WRITES_PER_SEC,WRITES_PER_SEC_NET,WRITE_COUNT
0,222304532661,0,202840.01072782036,1046440.1280580654,10330748,189696.53697663074,1022571.3852544352,1896.9653697663073,105426,45602.62921402079,484107.74097108666,211852
1,222769737281,0,198669.0380586589,925581.6570737639,10173553,186420.33027859565,909105.2925034915,1864.2205401850902,103823,46533.072375980606,486681.7787895142,208649
2,222125020994,0,206321.96149619925,1052528.4418137767,10509383,193111.06784840176,1029724.9836349735,1931.1106784840176,107237,46647.00302114419,499285.155734577,214317
3,222245765828,0,201692.55858189182,980341.6503227979,10303382,189256.37500132216,963214.273747216,1892.2550288784066,105154,47349.14293465754,520882.4009080483,211975
4,222575029385,0,204603.30568378413,1018825.7457078558,10439300,191442.85914613763,1000302.8523793262,1914.4285914613763,106526,46152.74714124278,529318.4816841065,213300
5,222015452558,0,205316.5476918121,1025748.7991408505,10439913,191934.38794026198,1010901.4168895547,1919.3438794026197,106531,45787.838938617264,591573.5178359046,213187
6,222532167226,0,202100.17466445506,1037949.209422824,10332117,189541.24487163997,1020763.0231850236,1895.420009114757,105448,47155.64839970938,565662.5816887686,212639
7,221929296089,0,204649.20144547484,996700.4954882762,10387415,191059.78682055423,979011.5523935049,1910.6257732648405,106006,45083.43038400461,524829.3034117543,213026
