SLAVE_INDEX,DURATION,FAILURES,READS_PER_SEC,READS_PER_SEC_NET,READ_COUNT,REQ_PER_SEC,REQ_PER_SEC_NET,TRANSACTIONS_PER_SEC,TRANSACTION_COUNT,WRITES_PER_SEC,WRITES_PER_SEC_NET,WRITE_COUNT
0,197123702685,0,390438.5196477577,881425.6962896292,17954298,371799.5705321996,871295.0854261057,3718.027523622153,183228,111751.31895851236,558432.7321241254,368329
1,198173773158,0,386194.59256602003,846615.8641550404,17884716,368355.4833555086,837594.1203168114,3683.5301246329955,182497,112850.58894449496,550210.7737372161,364883
2,198731089695,0,391391.0743263412,880342.0568588204,18158933,372886.7592570969,870509.535894373,3728.895527604078,185262,111690.57640535136,560728.7617815582,367115
3,197694950838,0,384715.54634979594,860317.5193465014,17807804,367622.43897445226,850448.8415376071,3676.219182527033,181694,115283.30480991567,543377.7371960048,361471
