SLAVE_INDEX,DURATION,FAILURES,READS_PER_SEC,READS_PER_SEC_NET,READ_COUNT,REQ_PER_SEC,REQ_PER_SEC_NET,TRANSACTIONS_PER_SEC,TRANSACTION_COUNT,WRITES_PER_SEC,WRITES_PER_SEC_NET,WRITE_COUNT
0,224605703648,0,398037.67202656297,399274.09372928453,17625935,314207.85337936546,314982.92526821874,314.23912675055755,17645,1456.187757871746,1456.3157882455348,17284
1,226526566819,0,399397.65990895603,400626.19998108264,17662849,312215.6530828061,312970.12244953413,312.2456490357249,17683,1485.824594572408,1485.9331286447862,18436
2,224028344098,0,414326.2100329339,415571.33262808714,18036499,322366.6196827669,323125.43352319737,322.4234548528853,18058,1468.2206320061623,1468.349513442901,18316
3,226222083666,0,407239.6688498191,408396.8410286091,18124203,320775.3850730991,321497.99808109924,320.8172083147425,18144,1445.249178711901,1445.3707946979157,17416
