SLAVE_INDEX,DURATION,FAILURES,READS_PER_SEC,READS_PER_SEC_NET,READ_COUNT,REQ_PER_SEC,REQ_PER_SEC_NET,TRANSACTIONS_PER_SEC,TRANSACTION_COUNT,WRITES_PER_SEC,WRITES_PER_SEC_NET,WRITE_COUNT
0,228720531665,0,390634.7658245622,391968.60624924133,12273474,214865.20533268017,215270.84304740778,214.89968708196596,12288,487.0573831457818,487.0730325979962,12547
1,229270490247,0,409423.9971510007,410941.5806464415,12761520,222867.46080994434,223318.07441544358,222.89803772260052,12776,486.1907274965515,486.2009383221395,12713
2,230100749024,0,376441.44589713874,377788.20012567646,12350984,214916.55376941865,215358.13678260156,214.94879686624338,12365,490.8286492529522,490.8483349893657,12131
3,229283675351,0,413493.03760472615,414926.748700694,13032948,227584.17458250333,228021.62306308973,227.5951868918222,13046,480.04455928782454,480.0642478269459,12386
4,230338050095,0,387461.75099791936,388867.4527771574,12246050,212876.24853894854,213303.3998455159,212.90363193122116,12260,474.4274349852504,474.4468912843967,12325
5,230422571958,0,393745.65275347116,395088.52148574137,12763201,221779.78296898253,222206.98205454656,221.8181870104362,12778,498.8327809287908,498.84413703720696,12566
6,229476231748,0,378682.7408830128,380066.06157892634,12022629,209783.4866526196,210210.50731792796,209.81688566188134,12037,486.0169595377208,486.03563635038665,12452
7,229654207169,0,396052.0594839085,397529.25761364953,12498884,217918.95135268173,218368.26230954693,217.96234481297853,12514,487.99331796887816,488.00960191494073,12617
