SLAVE_INDEX,DURATION,FAILURES,READS_PER_SEC,READS_PER_SEC_NET,READ_COUNT,REQ_PER_SEC,REQ_PER_SEC_NET,TRANSACTIONS_PER_SEC,TRANSACTION_COUNT,WRITES_PER_SEC,WRITES_PER_SEC_NET,WRITE_COUNT
0,224282870559,0,451614.7297156579,452613.6772895731,23463905,418893.4436492567,419756.67979989195,418.93468435160935,23490,5771.616718912882,5772.515868198102,23751
1,223929190712,0,459659.3112171121,460668.1099005695,23812459,425792.61639286805,426662.42579177546,425.81313763199415,23838,5838.1202753486095,5839.074526802264,24390
