SLAVE_INDEX,DURATION,FAILURES,READS_PER_SEC,READS_PER_SEC_NET,READ_COUNT,REQ_PER_SEC,REQ_PER_SEC_NET,TRANSACTIONS_PER_SEC,TRANSACTION_COUNT,WRITES_PER_SEC,WRITES_PER_SEC_NET,WRITE_COUNT
0,225025998042,0,360814.35751577467,361353.7726395102,17659410,313940.7740203178,314362.61525264697,313.9902934212378,17664,245.9902674622742,246.07202011865797,1799
1,225577507257,0,390052.31183889933,390716.8220677655,18965279,336331.13922818063,336839.266626023,336.3808644285065,18970,245.24000960263507,245.3150514099171,1906
2,223487334781,0,395176.6022965165,395897.0676595537,19135017,342514.67571981525,343072.91951170244,342.5516619216552,19139,255.82513446121837,255.9211476706124,1906
3,225830722805,0,389402.3605278121,389985.9168454214,19106237,338449.1492151738,338902.72737912094,338.48344796634285,19110,245.80159015830876,245.87283893664716,1817
4,223498835808,0,391028.63932290976,391678.2063881635,18806294,336614.01290085417,337108.9199845905,336.6636951700917,18811,246.26321680939955,246.33504038305057,1916
5,225838505328,0,387526.69170698046,388101.5091959945,19032560,337134.3601899062,337582.87947309425,337.1610671693337,19036,261.34092171889824,261.42177491276357,1920
6,224048330007,0,400771.19788109895,401435.1293228563,19302316,344644.72909745626,345150.7792606852,344.6756004560271,19306,248.81673882036188,248.89496333748946,1953
7,223721292052,0,393630.86568049353,394292.692232262,19137490,342199.41829321114,342715.93888527504,342.2471087093289,19142,250.80465956193683,250.89691896705202,1834
