SLAVE_INDEX,DURATION,FAILURES,READS_PER_SEC,READS_PER_SEC_NET,READ_COUNT,REQ_PER_SEC,REQ_PER_SEC_NET,TRANSACTIONS_PER_SEC,TRANSACTION_COUNT,WRITES_PER_SEC,WRITES_PER_SEC_NET,WRITE_COUNT
0,241499210636,0,29159.019191445892,5512911.053413248,1755347,29101.544396320875,5488115.302022745,29.10154439632087,1757,9408.46808259093,950118.4917889185,1653
1,242659953970,0,5632.1954882571,3124536.3534523626,341675,5637.518583594248,3117009.5301199276,5.6375185835942485,342,882371.1076404514,,325
2,239313270093,0,47149.25739680175,4956635.389545426,2793167,46733.72268764605,4932899.665527835,46.73372268764604,2796,4823.250093497077,862192.1440691726,2833
3,247347169509,0,6285.8301573990375,3408276.915429729,388693,6290.753207682787,3398763.350344078,6.290753207682788,389,749603.2230496887,,307
4,246159380132,0,2028.7431493185643,1026779.9057326929,124848,2031.2043348983127,1025788.5245620405,2.031204334898313,125,572090.9925778721,,152
5,243719431864,0,7656.140624548402,3484635.476602488,466482,7664.550937581288,3470236.1173547804,7.6645509375812875,467,713182.5530489759,735022.0630778056,518
