SLAVE_INDEX,DURATION,FAILURES,READS_PER_SEC,READS_PER_SEC_NET,READ_COUNT,REQ_PER_SEC,REQ_PER_SEC_NET,TRANSACTIONS_PER_SEC,TRANSACTION_COUNT,WRITES_PER_SEC,WRITES_PER_SEC_NET,WRITE_COUNT
0,176556244426,0,1881516.7529434334,6355045.500925834,83006362,1880751.8990877473,6348197.755300937,1880.805220907065,83017,369892.0870843106,536755.173009655,8261
1,231845546920,0,173968.19006572565,5753558.6276825145,10081949,173960.64119323736,5742511.730105353,173.96064119323736,10083,122831.8921963736,295729.3696406086,1051
2,158163042448,0,2861594.393268787,6672661.099980045,113071848,2859914.6361813038,6665163.272041689,2859.78014695796,113085,417699.04783603415,546670.8500085218,11352
3,231148969847,0,180494.85806932722,5769144.022852961,10428953,180489.6644255647,5761120.709983172,180.48966442556468,10430,140282.39905411878,387882.11088260316,1047
