SLAVE_INDEX,DURATION,FAILURES,READS_PER_SEC,READS_PER_SEC_NET,READ_COUNT,REQ_PER_SEC,REQ_PER_SEC_NET,TRANSACTIONS_PER_SEC,TRANSACTION_COUNT,WRITES_PER_SEC,WRITES_PER_SEC_NET,WRITE_COUNT
0,241504731210,0,11071.757331480409,6185492.225589241,668464,11080.528263742746,6157288.174928981,11.080528263742746,669,920843.92940941,,536
1,237798132774,0,61686.859917094036,5420086.664722397,3642263,61329.329334391485,5390874.420930301,61.32932933439149,3646,9223.893783518588,862126.9389060677,3737
2,243907136872,0,8765.686878483335,3906374.142505634,520463,8544.235427984471,3896100.0890614083,8.544235427984471,521,335.2593056450514,1097777.3075938285,537
3,242081173139,0,8981.19169858456,4650168.433442314,543541,8988.720484886975,4639265.787067559,8.988720484886976,544,1228487.2544447351,,459
4,243050839901,0,13432.23925267815,6775622.320833467,807471,13297.629423195844,6755286.932202379,13.297629423195843,808,815.9673888036286,1210375.3650860477,529
5,243269587707,0,4451.863510068277,3741253.302652778,270749,4455.961841418488,3730516.2475253283,4.455961841418488,271,638467.6775738228,910833.5669385559,251
6,231358715455,0,199179.525649915,5539145.859753078,11424341,197701.6509192046,5525742.419464536,197.7016509192046,11435,22083.22308749324,1537699.940484275,10659
7,241399851655,0,5810.11189536966,4315030.2771543395,350637,5816.07648212869,4292837.95940131,5.81607648212869,351,694364.7423390336,719325.3798008282,363
