SLAVE_INDEX,DURATION,FAILURES,READS_PER_SEC,READS_PER_SEC_NET,READ_COUNT,REQ_PER_SEC,REQ_PER_SEC_NET,TRANSACTIONS_PER_SEC,TRANSACTION_COUNT,WRITES_PER_SEC,WRITES_PER_SEC_NET,WRITE_COUNT
0,151928152398,0,3391910.794550108,6917778.228325428,128741506,3389873.672990048,6910760.912857221,3389.8912599506198,128755,481635.45723129326,617105.7273917497,12805
1,145302827813,0,3932967.4406177695,6990672.632377031,142750266,3930124.00787501,6984339.630080555,3930.190304564487,142767,477315.5787907648,693970.7539263589,14267
2,226683701756,0,306140.2960500967,5907658.89353149,17343868,306076.61451850954,5883244.595227691,306.08286629471763,17346,101006.73647291298,142329.1268548591,1777
3,227712996274,0,278065.2602462107,5964255.916091715,15825392,278016.6307408447,5940485.970586815,278.0166307408447,15827,102168.37930277674,147688.9367898239,1608
4,223883050724,0,377594.4396530897,5944352.5547730485,21128271,377526.1938171337,5928078.975958435,377.53638845913156,21131,136313.13983342034,213213.6333421069,2158
5,221973747942,0,419343.71170837345,5951466.195811607,23261566,419220.74507799366,5927962.629484003,419.2207450779936,23264,110250.60803448135,153010.15177409502,2434
