SLAVE_INDEX,DURATION,FAILURES,READS_PER_SEC,READS_PER_SEC_NET,READ_COUNT,REQ_PER_SEC,REQ_PER_SEC_NET,TRANSACTIONS_PER_SEC,TRANSACTION_COUNT,WRITES_PER_SEC,WRITES_PER_SEC_NET,WRITE_COUNT
0,165867634319,0,2365493.221984206,6550720.143767345,97411672,2351493.4520008503,6548754.57090645,2351.537099936781,97511,340132.9509656609,5038250.565525435,97492
1,154760441528,0,3081608.473067374,6808255.545778988,118556036,3067334.8519370477,6806518.743619362,3067.3982500370134,118678,548154.700346331,5431689.362536331,119488
