SLAVE_INDEX,DURATION,FAILURES,READS_PER_SEC,READS_PER_SEC_NET,READ_COUNT,REQ_PER_SEC,REQ_PER_SEC_NET,TRANSACTIONS_PER_SEC,TRANSACTION_COUNT,WRITES_PER_SEC,WRITES_PER_SEC_NET,WRITE_COUNT
0,182262586571,0,1672345.857753939,6316283.916895759,76170708,1671835.0909680508,6310821.135616403,1671.8514636657735,76179,409179.6710160709,648042.0688384171,7539
1,163359800428,0,2581823.632809131,6460261.50699654,105400368,2581072.20316933,6456343.035242768,2581.081557375386,105414,657801.4566239595,910206.7822897634,10492
