SLAVE_INDEX,DURATION,FAILURES,READS_PER_SEC,READS_PER_SEC_NET,READ_COUNT,REQ_PER_SEC,REQ_PER_SEC_NET,TRANSACTIONS_PER_SEC,TRANSACTION_COUNT,WRITES_PER_SEC,WRITES_PER_SEC_NET,WRITE_COUNT
0,230848892510,0,201143.37815829163,5908771.597664703,11606690,201133.4232326398,5899070.455163109,201.13589545726444,11608,134786.96902221238,340413.41707250586,1167
1,196719453522,0,1122063.0536127095,5764448.260355497,55157480,1121656.6742613665,5755354.734031057,1121.6582068218172,55163,240142.5101500422,338770.0995733221,5442
2,239486400105,0,12626.087128148523,4525780.869453152,755936,12627.021821172988,4520280.7508107405,12.627021821172988,756,100525.75756564313,294397.365143582,64
3,239116409601,0,19988.799618587054,4226240.275972317,1194889,19990.26335321827,4220607.107136818,19.99026335321827,1195,94418.16401328234,274986.96289286285,111
