SLAVE_INDEX,DURATION,FAILURES,READS_PER_SEC,READS_PER_SEC_NET,READ_COUNT,REQ_PER_SEC,REQ_PER_SEC_NET,TRANSACTIONS_PER_SEC,TRANSACTION_COUNT,WRITES_PER_SEC,WRITES_PER_SEC_NET,WRITE_COUNT
0,116198027676,0,7531604.143051741,9038480.894744616,218606560,7526062.545901762,9032373.618245097,7526.068358605228,218630,899953.1022104557,1163739.9130788138,21846
