SLAVE_INDEX,DURATION,FAILURES,READS_PER_SEC,READS_PER_SEC_NET,READ_COUNT,REQ_PER_SEC,REQ_PER_SEC_NET,TRANSACTIONS_PER_SEC,TRANSACTION_COUNT,WRITES_PER_SEC,WRITES_PER_SEC_NET,WRITE_COUNT
0,133139265328,0,5891173.7564221565,1.165705952890044E7,195006265,5864565.934598049,1.164798424924866E7,5864.565934598049,195201,1061873.40315133,6545257.657738869,194735
1,131851270749,0,5646053.342385532,1.1231115016370045E7,185155223,5622707.948043214,1.1223845246752176E7,5622.759275252062,185342,1094629.5017315845,6812353.289869554,185074
