SLAVE_INDEX,DURATION,FAILURES,READS_PER_SEC,READS_PER_SEC_NET,READ_COUNT,REQ_PER_SEC,REQ_PER_SEC_NET,TRANSACTIONS_PER_SEC,TRANSACTION_COUNT,WRITES_PER_SEC,WRITES_PER_SEC_NET,WRITE_COUNT
0,170803796098,0,2292555.9210078535,7514351.878381189,97736138,2289082.613688925,7506276.872343149,2289.0826136889245,97746,142937.33106428414,644326.6028306172,9862
1,165618123441,0,2235648.755825348,7055676.081973621,92425830,2232485.143038809,7048443.889868467,2232.485143038809,92435,146270.01842579534,622032.6368043178,9170
2,169951038817,0,2317865.6054294095,7631034.293274576,98310246,2314078.2353409226,7617414.680453173,2314.0782353409227,98320,132468.1891221337,401157.23621911893,9754
3,170386241018,0,2276768.6322387718,7160087.455226399,96821351,2273211.719947987,7149826.090822303,2273.2117199479867,96831,136314.05461299195,464861.41629167274,9649
4,167697853791,0,2343849.8728525657,7589064.343357897,98097635,2340103.055159439,7578544.230600493,2339.9818226587477,98111,139356.72340037226,515745.42743376136,9930
5,167287555789,0,2352279.7032781527,7867321.85127746,98086205,2345565.981577939,7855365.148497954,2345.565981577939,98096,79292.91299716264,484329.0622135885,9795
