SLAVE_INDEX,DURATION,FAILURES,READS_PER_SEC,READS_PER_SEC_NET,READ_COUNT,REQ_PER_SEC,REQ_PER_SEC_NET,TRANSACTIONS_PER_SEC,TRANSACTION_COUNT,WRITES_PER_SEC,WRITES_PER_SEC_NET,WRITE_COUNT
0,172909815501,0,1967236.3688851974,7446662.739168184,84302360,1952126.9571769792,7440171.345627968,1952.1389431151158,84386,222085.79343093172,3948842.68083318,83118
1,174746020734,0,1847574.0932546293,7203089.461651734,80192058,1837455.2888318019,7197482.373262543,1837.455288831802,80272,282949.3484528659,4041569.5412209113,79942
