SLAVE_INDEX,DURATION,FAILURES,READS_PER_SEC,READS_PER_SEC_NET,READ_COUNT,REQ_PER_SEC,REQ_PER_SEC_NET,TRANSACTIONS_PER_SEC,TRANSACTION_COUNT,WRITES_PER_SEC,WRITES_PER_SEC_NET,WRITE_COUNT
0,188204237682,0,1046116.4909206883,5119249.910880317,48866881,1039636.5268384892,5112758.513770696,1039.6365268384893,48916,145149.74380677933,2260753.8557120417,49119
1,188745052341,0,1021784.9852082226,5032477.752679063,47711874,1012137.7892060503,5025556.974689255,1012.1377892060503,47759,95856.45385586385,2100704.640508527,47126
2,188462029002,0,1049087.0282015584,5042162.9638989875,48951327,1040005.5705540557,5036574.602629606,1040.0394612692687,49002,107919.87392693998,2391759.046326603,49063
3,188147148497,0,1050717.2084066374,5090220.617638606,49033550,1043502.3946330524,5084391.800082222,1043.5023946330523,49083,133632.73624028845,2380937.9077754896,49450
