SLAVE_INDEX,DURATION,FAILURES,READS_PER_SEC,READS_PER_SEC_NET,READ_COUNT,REQ_PER_SEC,REQ_PER_SEC_NET,TRANSACTIONS_PER_SEC,TRANSACTION_COUNT,WRITES_PER_SEC,WRITES_PER_SEC_NET,WRITE_COUNT
0,157110144588,0,3700606.796133451,1.0206897418898303E7,144486483,3682323.006685005,1.017963414269895E7,3682.3584858281192,144634,625558.4972878413,2795289.9024562608,146092
1,141338514003,0,4946917.139010516,8819224.381473128,174056544,4930883.538121869,8814765.925492408,4930.881486389179,174232,1164356.2285769067,5858699.761306882,174394
2,159012246532,0,3563047.0876582065,9631058.691411706,140366452,3534482.634247272,9624349.713262323,3534.5196339965773,140508,391209.9536243413,5667542.240851445,140054
3,156402278773,0,3752461.9223903557,1.080005054516183E7,145824104,3733219.2636875883,1.0790544285229182E7,3733.2192636875884,145971,612948.6953698864,5758696.876081592,146896
