SLAVE_INDEX,DURATION,FAILURES,READS_PER_SEC,READS_PER_SEC_NET,READ_COUNT,REQ_PER_SEC,REQ_PER_SEC_NET,TRANSACTIONS_PER_SEC,TRANSACTION_COUNT,WRITES_PER_SEC,WRITES_PER_SEC_NET,WRITE_COUNT
0,152766738042,0,4117335.589477395,1.0590814292401984E7,156143320,4092444.6251389966,1.0543749879999887E7,4092.283739653179,156299,574121.0906040525,1915393.3607118377,154034
1,149444924394,0,4096151.6953392057,9878725.213171825,152158632,4076666.2532733027,9873482.174118614,4076.738392576855,152312,702264.2157411819,6427637.912831556,150638
2,148606007353,0,4181924.758644334,1.0085523944476685E7,154340834,4158532.2088092854,1.007892826272581E7,4158.5396985777215,154496,632558.4191156089,6102206.432053299,154883
3,146791595042,0,4194344.948345638,1.0509089426185282E7,152377965,4156358.515114118,1.0461438455313234E7,4156.4219551196875,152532,411540.3145132521,1882990.3029271,151659
4,155874124214,0,3815165.0131496456,9572925.109516626,147514825,3789334.9071144247,9567102.83800167,3789.2749186687806,147667,494778.4034234397,5986303.99977522,149990
5,149964376101,0,4266544.927658668,1.0228050371459475E7,159010521,4245511.024372905,1.0221605643966392E7,4217.3005175995195,159170,713400.7227769148,6260156.674919435,158332
