SLAVE_INDEX,DURATION,FAILURES,READS_PER_SEC,READS_PER_SEC_NET,READ_COUNT,REQ_PER_SEC,REQ_PER_SEC_NET,TRANSACTIONS_PER_SEC,TRANSACTION_COUNT,WRITES_PER_SEC,WRITES_PER_SEC_NET,WRITE_COUNT
0,174627482001,0,1979483.321440044,7238408.971780247,86330567,1977678.5878297342,7232217.082687646,1977.6952334254506,86340,196658.4969818289,761511.9372209595,8691
1,184056623587,0,1811586.783439641,7339210.623354387,83251647,1809443.1675944466,7322272.345796447,1809.4431675944465,83260,141435.93377836831,305066.13019632973,8353
2,178858121437,0,1782818.9953850356,7215677.259776605,79618962,1780785.783955522,7200929.372833133,1780.785783955522,79627,144820.57405610764,338944.4673456386,8038
3,179688253447,0,1786463.5268955939,7036038.189270392,80162939,1784668.6906252748,7027165.248875094,1784.6686906252748,80171,162373.27403992874,518963.61851615965,8061
