SLAVE_INDEX,DURATION,FAILURES,READS_PER_SEC,READS_PER_SEC_NET,READ_COUNT,REQ_PER_SEC,REQ_PER_SEC_NET,TRANSACTIONS_PER_SEC,TRANSACTION_COUNT,WRITES_PER_SEC,WRITES_PER_SEC_NET,WRITE_COUNT
0,179138417009,0,1687957.0410524888,7061818.111780444,75488291,1685756.3723186646,7049889.753255312,1685.740948659858,75498,121450.41985093046,398578.3725068557,7641
1,186284430893,0,1609240.7772017461,6948220.512896886,74840554,1607179.6154127782,6936732.230303043,1598.576649579949,74849,117789.58497994943,400441.73249919154,7581
2,176988752122,0,1808742.0700319943,6808655.858820971,79924063,1806492.605697383,6801207.799163505,1806.555046730402,79935,136973.14452544146,580258.2551253596,8155
3,183710599697,0,1610594.9797588568,6818716.183052869,73870202,1608560.9022418628,6805270.61577423,1608.594997910409,73879,115545.00717481282,321385.80133109365,7220
4,184005184195,0,1816325.4941600559,6959846.591272401,83438790,1814016.6509997172,6949605.0600133,1814.0570736117115,83449,132049.6585213195,441384.9984889839,8327
5,177161706085,0,1806346.4779399715,6840692.85125522,79892593,1804013.5143350835,6831061.770958986,1804.0239108272215,79901,128824.18541522951,450141.27330727346,7935
