SLAVE_INDEX,DURATION,FAILURES,READS_PER_SEC,READS_PER_SEC_NET,READ_COUNT,REQ_PER_SEC,REQ_PER_SEC_NET,TRANSACTIONS_PER_SEC,TRANSACTION_COUNT,WRITES_PER_SEC,WRITES_PER_SEC_NET,WRITE_COUNT
0,203223926224,0,893491.6125745404,6258375.772957178,45128308,889113.0456796641,6250619.236270013,889.1275194460948,45173,147410.30561618667,2750515.7725524395,43953
1,203853867177,0,861733.5516611483,6244731.7185934195,43515570,854729.9220412277,6236883.213830269,854.7299220412277,43560,95392.89831369102,2795613.7807651423,44430
2,203671904671,0,872643.724032403,6168822.576111748,43967201,864356.3297764276,6161032.556611563,864.3705419654868,44012,82525.0265934155,2726428.3209056365,44074
3,201492157801,0,899456.5804931644,6259281.651951054,45014919,894545.8025121485,6252605.64493807,894.565667747113,45062,141219.21459647344,3061842.5810046336,46072
4,203845593305,0,854767.5733087417,6158695.331668001,43353556,851573.414885011,6151883.338000774,851.5857323606667,43398,181284.8128961405,2937296.01040308,43816
5,202920171957,0,886995.1024329984,6475837.102626131,44754527,883094.5798625337,6468094.164829,883.1058789243772,44800,164043.14309453522,2951017.102362991,44899
