SLAVE_INDEX,DURATION,FAILURES,READS_PER_SEC,READS_PER_SEC_NET,READ_COUNT,REQ_PER_SEC,REQ_PER_SEC_NET,TRANSACTIONS_PER_SEC,TRANSACTION_COUNT,WRITES_PER_SEC,WRITES_PER_SEC_NET,WRITE_COUNT
0,208227191734,0,932882.3654200671,7313242.9892257955,48014488,923279.9923921198,7305034.91862034,923.2799923921199,48063,82526.57631089631,3460712.8357209167,48512
1,209392577684,0,920665.0805671936,6979969.261848227,47926784,916460.3737272936,6974981.086865364,916.4603737272936,47975,165436.89015181523,4078090.3210396594,48216
2,208914968287,0,925487.2904194052,6945287.021734792,47931608,918651.2655060076,6939501.286943838,918.6512655060076,47980,110466.15547136083,3802217.884480446,48392
3,209536410313,0,936953.6383229599,7204211.483062289,48319480,923352.6512694887,7198046.91267512,923.3526512694888,48369,60890.05002052747,3922758.4929612647,49520
4,209280637247,0,939230.4764178279,7460590.13708819,48346180,924958.95724713,7453599.796933932,924.95895724713,48394,56530.573043727956,3827700.795304495,47820
5,209624084971,0,933147.8532363278,7238775.007321632,48518929,926763.7353163696,7232355.712113879,926.7637353163695,48568,119358.85258000669,3853523.6936815004,49071
6,208441583468,0,931230.0284849013,7226518.716772107,47967373,921433.3954121294,7220647.452185173,921.4665716382161,48018,81381.35042152136,4017734.2952878145,48886
7,209568008328,0,924208.5106989725,7108763.434169473,47916297,915464.1566270351,7102049.3476689495,915.4641566270352,47963,85499.46129897608,3606901.211526244,46703
