SLAVE_INDEX,DURATION,FAILURES,READS_PER_SEC,READS_PER_SEC_NET,READ_COUNT,REQ_PER_SEC,REQ_PER_SEC_NET,TRANSACTIONS_PER_SEC,TRANSACTION_COUNT,WRITES_PER_SEC,WRITES_PER_SEC_NET,WRITE_COUNT
0,213893459272,0,637502.7249017706,6545673.359466038,33607955,629116.946623787,6537875.808743452,629.116946623787,33641,43754.91913263216,2956245.685174014,33045
1,214591399686,0,627488.1743708575,6315143.602042288,33360131,622448.0580090754,6308268.498142566,622.4480580090753,33393,68010.55589253652,2996892.6465714965,32869
2,214169070691,0,638641.9013872118,6075346.0547784865,33865136,633125.9670806339,6067949.430881004,633.1259670806338,33899,65695.60626717324,2736364.006227927,33864
3,213994051127,0,626488.1151121324,6432547.478788202,33238538,621923.8305882423,6426543.328937188,621.9238305882423,33272,75505.00836745072,3334708.012614628,33462
4,214482889837,0,617081.8938710717,6654059.099381613,32796862,612263.2910242813,6643900.722591644,612.2632910242813,32830,70146.86102558053,2645994.5118250716,33138
5,214170666183,0,623715.7016923275,6247438.327596928,33099348,618814.9029090514,6241681.260567955,618.8149029090514,33133,70896.83803299388,3274110.083000568,33652
6,214942853587,0,621572.2245553844,6367077.416552789,33124824,617057.0353310958,6361665.449257413,617.0570353310958,33158,74768.17346184692,3441191.1545849275,33176
7,214068083436,0,626895.2226166249,6533366.122419431,33187031,620737.0938588665,6524965.288251455,620.7370938588665,33220,57010.17118976041,2843941.216531244,32969
