SLAVE_INDEX,DURATION,FAILURES,READS_PER_SEC,READS_PER_SEC_NET,READ_COUNT,REQ_PER_SEC,REQ_PER_SEC_NET,TRANSACTIONS_PER_SEC,TRANSACTION_COUNT,WRITES_PER_SEC,WRITES_PER_SEC_NET,WRITE_COUNT
0,197429997260,0,844419.7255803292,4667736.323902998,41402272,839688.1238957882,4663714.5472672405,839.7304494047359,41447,130356.1778927165,2539154.9210129944,42634
1,196319263156,0,861720.2521201267,4570872.640022463,41911833,854822.5441669862,4567382.77949063,854.8320260742685,41955,96515.64643652663,2610817.7490850063,42700
2,198442357488,0,788534.5906131152,4264881.21012726,38927571,785457.3689461711,4261983.226571134,785.51759128839,38970,161865.38693042393,2550853.361268602,39432
3,196207667641,0,834778.3831740117,4569967.674218332,40703440,830650.5345051221,4564513.231963865,830.6708849960706,40746,142166.20239352816,2104516.1051676236,41561
4,197305950962,0,834076.6390554205,4631601.581440873,40925148,830504.8641516098,4627191.7409331305,830.547525082926,40968,156646.6667278732,2365099.422562195,40740
5,197236805104,0,853913.8715856374,4635227.785463059,41952522,851680.2120751513,4631078.986796165,851.7070455469453,41997,240366.48242900835,2476196.1520483373,43149
