SLAVE_INDEX,DURATION,FAILURES,READS_PER_SEC,READS_PER_SEC_NET,READ_COUNT,REQ_PER_SEC,REQ_PER_SEC_NET,TRANSACTIONS_PER_SEC,TRANSACTION_COUNT,WRITES_PER_SEC,WRITES_PER_SEC_NET,WRITE_COUNT
0,184345620976,0,1759412.2833934503,7393672.306458367,80874919,1755029.4836790331,7390736.521007361,1755.029483679033,80883,67681.78838082802,1485914.8383794096,8081
1,184425314795,0,1754486.3781705608,7496185.210005958,80776988,1752147.0756831304,7486018.158710828,1752.188121463888,80787,122289.9074976198,514240.4956308569,8081
2,185764340641,0,1767653.9751473696,7330721.811012764,81969811,1765204.2306316923,7321341.1777114235,1765.2042306316923,81978,118691.21247997879,530193.8313608421,8189
3,187343862909,0,1719642.648573434,6906801.433762237,80442907,1717718.3976200616,6903929.730640404,1717.7183976200618,80451,141696.9206867463,1345070.1073957789,8093
4,187041672280,0,1714396.2178985202,7239580.659061699,80050949,1712110.4409321633,7231735.205372942,1712.1104409321633,80059,120090.63882357773,614154.8855750343,8051
5,186249166720,0,1727101.5481798798,6769515.906206678,80320995,1725194.2956773299,6766813.108431865,1725.19429567733,80329,142808.5768547749,1351708.8056187858,8005
6,183469150406,0,1784270.8542871098,7365273.155824439,81714851,1781727.332778392,7355759.723917711,1781.7273327783919,81723,116494.05751647135,527209.7810515377,8149
7,185398770897,0,1743595.0684541883,7048192.574510503,80711981,1741542.807634787,7044702.7715634825,1741.5853221343411,80722,135155.90899059668,1174159.1845785435,7993
