SLAVE_INDEX,DURATION,FAILURES,READS_PER_SEC,READS_PER_SEC_NET,READ_COUNT,REQ_PER_SEC,REQ_PER_SEC_NET,TRANSACTIONS_PER_SEC,TRANSACTION_COUNT,WRITES_PER_SEC,WRITES_PER_SEC_NET,WRITE_COUNT
0,150377554722,0,4088624.276833948,9157526.625805996,152859957,4070090.520699616,9152166.380165197,4070.1277278462794,153014,734608.4739442329,5769490.448851238,152608
1,193590053596,0,1714341.578285643,8531680.19799868,81468651,1685025.288958028,8527240.320480227,1684.9809070489657,81552,94078.64459604138,5629941.780266549,82383
2,193077207904,0,1662223.511086838,8596814.331693942,79933859,1657658.112391677,8591971.763177514,1657.658112391677,80014,443287.83753174683,5501178.364267265,80141
3,187153772492,0,2044037.339381058,8599185.303026792,94205918,2015448.104398342,8594936.311107807,2013.3536244712216,94301,133889.95054237446,5743510.957754388,93761
4,200263213373,0,1395630.5816228006,8439474.40741054,68722065,1373990.8761351062,8435978.147036979,1374.0113219070518,68791,82300.05163618486,5943593.5099254055,67892
5,185728395078,0,1980396.9588095294,8289258.910269294,91525313,1973146.1085748067,8285478.110356381,1973.1220869860476,91618,425032.5385652888,5699402.278887435,92002
6,193451875225,0,1647278.2437227606,8934759.504246313,79349124,1642351.6165478928,8929919.551557273,1642.3516165478927,79429,413582.193320048,5805713.459192478,79876
7,186787235782,0,1970778.1940620986,7985548.391087363,91516429,1961761.4579813366,7983086.849442391,1961.782490000091,91609,352043.99264694354,6102970.185246816,91571
