SLAVE_INDEX,DURATION,FAILURES,READS_PER_SEC,READS_PER_SEC_NET,READ_COUNT,REQ_PER_SEC,REQ_PER_SEC_NET,TRANSACTIONS_PER_SEC,TRANSACTION_COUNT,WRITES_PER_SEC,WRITES_PER_SEC_NET,WRITE_COUNT
0,130976203629,0,6098857.055091353,1.099483556277175E7,198486178,6067836.095258702,1.0988294994623275E7,6067.877043524863,198687,1000605.5915939584,6900977.902485886,199356
1,148690762839,0,4330568.424804139,1.072958141865112E7,160109818,4311533.331052695,1.0722640714856662E7,4311.55226066159,160272,804645.3214816728,6532624.416331549,161477
