SLAVE_INDEX,DURATION,FAILURES,READS_PER_SEC,READS_PER_SEC_NET,READ_COUNT,REQ_PER_SEC,REQ_PER_SEC_NET,TRANSACTIONS_PER_SEC,TRANSACTION_COUNT,WRITES_PER_SEC,WRITES_PER_SEC_NET,WRITE_COUNT
0,151734392680,0,3435953.1030960907,9243088.571765142,128972285,3403358.743387037,9234482.976342825,3403.3941153314695,129103,325431.7935940233,4789038.234375438,129358
1,159079786740,0,2973097.990767305,8518389.319338148,117468721,2956662.877407124,8501152.221998509,2956.5540575925065,117588,453365.8082557058,2813843.796126604,117604
