SLAVE_INDEX,DURATION,FAILURES,READS_PER_SEC,READS_PER_SEC_NET,READ_COUNT,REQ_PER_SEC,REQ_PER_SEC_NET,TRANSACTIONS_PER_SEC,TRANSACTION_COUNT,WRITES_PER_SEC,WRITES_PER_SEC_NET,WRITE_COUNT
0,136261995374,0,5530570.12070722,1.0626360158155825E7,187483781,5509140.16736348,1.062144728989833E7,5509.180070762256,187673,1131766.049224487,7267578.86046815,187827
1,156832660105,0,3672107.8355886256,1.0221830043913318E7,142723493,3643820.410987092,1.021308730303004E7,3643.83269036901,142868,422030.26000978565,5527737.400712361,144019
2,157957567736,0,3802561.4671542016,1.0069044210958691E7,148910997,3774757.0600513164,1.0062426252756797E7,3774.785734882788,149064,462035.7395113517,6118920.275129403,151864
3,168940460915,0,3011728.0457685282,9475479.201447306,126432378,2996511.133319942,9468686.975557446,2996.534709608479,126559,492407.5442997986,5500299.448098162,125615
