SLAVE_INDEX,DURATION,FAILURES,READS_PER_SEC,READS_PER_SEC_NET,READ_COUNT,REQ_PER_SEC,REQ_PER_SEC_NET,TRANSACTIONS_PER_SEC,TRANSACTION_COUNT,WRITES_PER_SEC,WRITES_PER_SEC_NET,WRITE_COUNT
0,126671143938,0,5921279.00507014,9616684.418660833,186472612,5888997.610735385,9611579.593132345,5889.042578480701,186493,107508.209354932,1541253.8663579049,18904
1,127105054777,0,5886720.873042433,9896037.810954861,186438161,5867812.081183727,9891822.261928989,5867.869922371578,186459,180286.44165896843,1908247.2636296672,18983
2,128185080428,0,5764961.287751192,9321165.003504472,183668072,5731904.910826944,9316857.94129259,5731.960229898972,183688,96851.87931672082,1637815.6347648513,18101
3,127861228585,0,5786801.9550441895,9492005.509086529,184398069,5769276.802385889,9487723.555203041,5769.315846165987,184418,186310.83955609764,1736525.4925921152,18636
4,123515331191,0,6129601.057244817,1.0159489920890532E7,188138255,6093390.518754004,1.0153905250282466E7,6093.353923224727,188159,99935.46984658182,1543007.2471883122,18532
5,125403118869,0,6093382.216641653,9920556.532439165,190150034,6065840.90460003,9916012.337374527,6065.909488582561,190171,129900.12330859683,1760968.4727376418,18808
6,132099282805,0,5449661.402475988,8840890.326140054,178997092,5420624.645305772,8838450.531155111,5420.67926360996,179017,100765.8795319395,2366752.737945774,18065
7,129705845373,0,5842166.980055369,1.0026179075833146E7,188383439,5810137.868750776,1.0021557275652915E7,5810.192807523505,188404,103719.52258641923,1781285.9034805791,18772
