SLAVE_INDEX,DURATION,FAILURES,READS_PER_SEC,READS_PER_SEC_NET,READ_COUNT,REQ_PER_SEC,REQ_PER_SEC_NET,TRANSACTIONS_PER_SEC,TRANSACTION_COUNT,WRITES_PER_SEC,WRITES_PER_SEC_NET,WRITE_COUNT
0,208716129723,0,728105.2708754443,834276.5886086688,34069805,653583.526012305,737866.4731384598,653.6065859574891,34105,6228.585749544916,6234.703862900374,33551
1,207322296447,0,728920.795379717,835451.6298829695,33892962,654560.007899062,739200.0734060329,654.6031884373882,33929,6236.313180886047,6242.977440805379,33259
