SLAVE_INDEX,DURATION,FAILURES,READS_PER_SEC,READS_PER_SEC_NET,READ_COUNT,REQ_PER_SEC,REQ_PER_SEC_NET,TRANSACTIONS_PER_SEC,TRANSACTION_COUNT,WRITES_PER_SEC,WRITES_PER_SEC_NET,WRITE_COUNT
0,173116935050,0,2165747.1313685463,2971015.7801028253,93465258,2159804.965886265,2962820.333203901,2159.871421349184,93478,76730.07483493297,104714.85653195818,9446
1,179474482596,0,1947522.2356674073,2577658.975558445,87108581,1941604.1041578487,2569589.0849916087,1941.6135207567474,87118,60524.4305465735,77820.01548889678,8517
2,174731149728,0,2168107.3564579203,2949677.916681504,94440174,2162170.5379270404,2941498.6999461427,2162.19809754934,94451,76319.6606073888,102575.28272454586,9462
3,176979657029,0,2039260.8097202224,2754462.9108565818,89992501,2034164.1861189122,2747100.304290807,2034.1968773197166,90003,77588.38847096833,98215.11131161574,8919
4,175749782928,0,2080315.885752626,2797244.192415217,91186805,2075583.968996662,2790567.6790248137,2075.630164361428,91198,86803.94437679376,111438.39514751954,9053
5,175064424260,0,2163042.2214110773,2943494.0751946266,94376978,2156610.25131686,2934477.495534511,2156.666581703941,94389,70290.60701749007,92933.27193020897,9455
