SLAVE_INDEX,DURATION,FAILURES,READS_PER_SEC,READS_PER_SEC_NET,READ_COUNT,REQ_PER_SEC,REQ_PER_SEC_NET,TRANSACTIONS_PER_SEC,TRANSACTION_COUNT,WRITES_PER_SEC,WRITES_PER_SEC_NET,WRITE_COUNT
0,174636793974,0,2206729.256129438,2945985.2875891966,96100394,2201367.004350959,2939202.000858589,2201.3896388164385,96111,86272.32070427778,121298.74122883947,9525
1,172634542866,0,2324128.9610531586,3138897.4546598964,100065541,2318783.954557212,3131414.5670084623,2318.8382739889526,100078,96665.62868515984,126121.08722310963,10011
2,176266049615,0,2151292.666337739,2853443.157274859,94539121,2145585.5442727082,2845197.8195458814,2145.6182450846695,94550,77121.7294685153,94167.83744339246,9351
3,175534879248,0,2207894.115280948,2973009.903396395,96569126,2200789.5505155087,2963176.798721093,2200.812829611364,96580,66659.73513476059,87390.51284864958,9706
