SLAVE_INDEX,DURATION,FAILURES,READS_PER_SEC,READS_PER_SEC_NET,READ_COUNT,REQ_PER_SEC,REQ_PER_SEC_NET,TRANSACTIONS_PER_SEC,TRANSACTION_COUNT,WRITES_PER_SEC,WRITES_PER_SEC_NET,WRITE_COUNT
0,168344224118,0,2679976.506073973,3125427.947719299,112455571,2674694.84242231,3121249.9052712587,2674.7294849706955,112569,896768.6468114216,1331138.3233194307,111786
1,166014444781,0,2780633.695421774,3247683.1722636693,115094144,2775912.352734877,3242827.0968497437,2775.9968054545134,115214,1035341.3866501326,1307346.3710138963,116243
