SLAVE_INDEX,DURATION,FAILURES,READS_PER_SEC,READS_PER_SEC_NET,READ_COUNT,REQ_PER_SEC,REQ_PER_SEC_NET,TRANSACTIONS_PER_SEC,TRANSACTION_COUNT,WRITES_PER_SEC,WRITES_PER_SEC_NET,WRITE_COUNT
0,162499162645,0,3053104.868752934,3337715.113138455,123775086,3047088.883046841,3333991.210497529,3047.151242828413,123790,145862.8090573096,271893.06393908977,12262
