SLAVE_INDEX,DURATION,FAILURES,READS_PER_SEC,READS_PER_SEC_NET,READ_COUNT,READ_NULLS_PER_SEC,READ_NULL_COUNT,REQ_PER_SEC,REQ_PER_SEC_NET,TRANSACTIONS_PER_SEC,TRANSACTION_COUNT,WRITES_PER_SEC,WRITES_PER_SEC_NET,WRITE_COUNT
0,238984802390,0,11171.610398637766,17758.368599267127,667358,,,11170.919545098694,17756.807217435617,11.197329877018316,669,6706.6955429573045,9122.912522194336,62
1,238766891869,0,10355.792877414671,18017.027486471045,595790,74.42698259369286,160,9984.83492136763,16919.919348872532,10.022955733767638,599,6253.550875876623,8220.058387605053,62
2,239412062511,0,11146.171343584467,18058.326209624913,667032,,,11145.570411170902,18056.885568320125,11.160654293524031,668,7135.860455572843,9859.24654636563,64
3,239072190230,0,11709.737849565689,19433.66979952743,699747,,,11708.8817285982,19431.562994536416,11.728635927481037,701,6764.798116680205,9325.470407534714,70
4,239017788683,0,10641.690632571841,18921.782490651003,635789,,,10641.099200249186,18919.794300062644,10.660260077912604,637,6855.882048191548,9257.037744305791,64
5,239359444645,0,10183.203732318214,18465.18013207398,587981,66.52333142879668,139,9829.284169210017,17330.11664649023,9.84292149073222,589,6242.5001748271625,8127.962775478672,63
6,240148081431,0,11082.490926693954,18798.91203255907,639081,49.52429418060591,117,10647.730286925875,17579.168688151465,10.660071628223955,640,6883.193186740056,9369.472011513208,60
7,240980485730,0,11224.309996711192,18813.378700394605,676115,,,11223.796780916215,18812.06822568704,11.237380494619911,677,7568.113315468644,10837.242148777894,64
