SLAVE_INDEX,DURATION,FAILURES,READS_PER_SEC,READS_PER_SEC_NET,READ_COUNT,REQ_PER_SEC,REQ_PER_SEC_NET,TRANSACTIONS_PER_SEC,TRANSACTION_COUNT,WRITES_PER_SEC,WRITES_PER_SEC_NET,WRITE_COUNT
0,173314224013,0,1953831.4895717504,2810528.426431994,84412710,1948396.479995034,2801382.318016975,1948.449343869176,84424,68035.36412722475,84043.11711638114,8496
1,178071789675,0,1969765.7263892398,2803679.5892145783,87430358,1964129.3696117844,2794294.6286773398,1964.1728868313864,87441,65641.39499961952,80218.00992300028,8650
2,175850777771,0,2011954.5041554214,2890991.642417778,88187418,2006163.4783294017,2881445.52348775,2006.2045337996985,88199,68209.58623816092,85772.04462394788,8934
3,177717884432,0,1934448.1586921138,2746235.3326823977,85715476,1929440.028480656,2738611.8217273783,1929.4400284806559,85724,71371.90932980126,94713.45474293015,8524
4,179927979084,0,1875108.597850992,2638575.100480867,84122359,1870322.635274489,2630985.54056805,1870.328541709836,84132,71093.96036820923,89123.8618566905,8484
5,177671207497,0,1929960.751239635,2715583.607658837,85458773,1924168.9006125121,2705957.091869154,1924.1813787096646,85468,62289.28645598689,74527.48111181121,8580
6,177526994890,0,1980751.9121571577,2808796.9335140395,87679642,1975776.3387891254,2800824.3618426546,1975.811073204566,87690,75635.38239752938,95306.93104137504,8767
7,177154966045,0,1942386.371943645,2787842.629776888,85756233,1936495.485612623,2777835.4767792565,1936.540345828298,85767,62785.45657279638,76478.84734942514,8715
