SLAVE_INDEX,DURATION,FAILURES,READS_PER_SEC,READS_PER_SEC_NET,READ_COUNT,REQ_PER_SEC,REQ_PER_SEC_NET,TRANSACTIONS_PER_SEC,TRANSACTION_COUNT,WRITES_PER_SEC,WRITES_PER_SEC_NET,WRITE_COUNT
0,208451761047,0,1199697.39074075,1223689.0959528468,62392396,1197372.3932402926,1221284.3744150107,1197.397739479885,62400,58401.22799885331,58784.03730275721,6200
1,208379815359,0,1196960.4057625758,1220744.5951408905,62229980,1194666.631079957,1218371.0663266883,1194.7018155648261,62238,58343.88287149639,58686.05854165806,6123
2,208055763999,0,1200120.402679544,1224039.3864997835,62295839,1197794.5681966196,1221633.9294222412,1197.8310926736472,62304,58301.05749147081,58678.5527229931,6177
3,207386160960,0,1201243.7819387463,1225252.3130410896,62149904,1198850.2552393263,1222779.0095506185,1198.88262307587,62158,58335.30280600612,58768.244047686836,6334
4,208242835370,0,1200772.7373941245,1224749.3989086186,62387476,1198477.4196747914,1222375.7224164465,1198.541444753356,62397,58392.46853405488,58779.98107434735,6108
5,208055045107,0,1200363.0205070798,1224573.8778647212,62305813,1197992.597929143,1222129.3465140609,1198.027622475001,62314,58247.65838137418,58812.72196339706,6288
