SLAVE_INDEX,DURATION,FAILURES,READS_PER_SEC,READS_PER_SEC_NET,READ_COUNT,REQ_PER_SEC,REQ_PER_SEC_NET,TRANSACTIONS_PER_SEC,TRANSACTION_COUNT,WRITES_PER_SEC,WRITES_PER_SEC_NET,WRITE_COUNT
0,208227487322,0,1200657.9101971525,1224707.1933541384,61246543,1177713.94715423,1200843.6737189903,1177.748713078863,61310,58850.74026719209,58906.609307450286,61561
1,208357440843,0,1200811.4213459014,1224973.050627497,61309233,1178165.420955482,1201417.3855790822,1178.2044940312521,61372,58720.655072717884,58781.922409175684,60650
2,208428585982,0,1198018.252249266,1221935.903374801,61169745,1175105.7027328867,1198109.3514669463,1175.1347167469035,61233,58833.795129406106,58892.56298002598,61660
3,207888383899,0,1199941.9961814238,1223936.8563352092,61115175,1177099.8427641203,1200185.8489949496,1177.1300464352369,61178,58800.08585546923,58868.10667270762,61171
4,207651309972,0,1188959.9731748777,1212512.579928663,60479681,1166202.515325589,1188852.3281436814,1166.2419684249596,60543,58547.949943458574,58601.09672102395,61189
5,208005912534,0,1204382.931575599,1228400.1739444698,61343580,1180855.7411071232,1203935.9759416066,1180.8879261418476,61408,58681.83492585856,58740.48285732877,62664
6,208128276804,0,1204747.6985092098,1228928.8876831438,61436123,1181901.6607323028,1205169.038547362,1181.9425429217124,61499,58498.20367997773,58562.42810982243,60666
7,206608670388,0,1203131.9759752478,1227217.6192343747,60893957,1180106.5828559792,1203275.6491894012,1180.1424971341446,60957,58795.23008758004,58864.49729186237,61106
