SLAVE_INDEX,DURATION,FAILURES,READS_PER_SEC,READS_PER_SEC_NET,READ_COUNT,REQ_PER_SEC,REQ_PER_SEC_NET,TRANSACTIONS_PER_SEC,TRANSACTION_COUNT,WRITES_PER_SEC,WRITES_PER_SEC_NET,WRITE_COUNT
0,208255413857,0,1206515.4047936706,1230774.0234602685,61543735,1183274.0932689903,1206594.467311578,1183.2954117349127,61607,58873.41404921648,58921.53062700445,62074
1,207387583774,0,1218567.3942704222,1243198.3080417204,61899558,1195080.8022822053,1218764.2536190024,1195.1133289412005,61963,58740.60364379107,58801.62856398183,61672
2,208106592210,0,1200164.2286808689,1224048.1517487147,61170916,1176954.970041696,1199915.1470842806,1176.991428778029,61235,58709.08269992034,58764.96536175802,62106
3,207838316643,0,1205278.8260899743,1229306.833301478,61365081,1182193.0429798607,1205301.9334661723,1182.2250135877357,61428,58482.85968502949,58541.579470595236,61172
