SLAVE_INDEX,DURATION,FAILURES,READS_PER_SEC,READS_PER_SEC_NET,READ_COUNT,REQ_PER_SEC,REQ_PER_SEC_NET,TRANSACTIONS_PER_SEC,TRANSACTION_COUNT,WRITES_PER_SEC,WRITES_PER_SEC_NET,WRITE_COUNT
0,220840837527,0,439942.0671238806,440960.2703339017,21033911,381359.955627334,382278.7063092221,381.378606839191,21056,2845.029729628019,2853.626603063296,21052
1,221207218233,0,437329.906270716,438447.6373563427,20996212,380045.95271140424,381043.3282785348,380.07787254098207,21019,2882.0055337135914,2890.8703362626516,21015
