SLAVE_INDEX,DURATION,FAILURES,READS_PER_SEC,READS_PER_SEC_NET,READ_COUNT,REQ_PER_SEC,REQ_PER_SEC_NET,TRANSACTIONS_PER_SEC,TRANSACTION_COUNT,WRITES_PER_SEC,WRITES_PER_SEC_NET,WRITE_COUNT
0,226647315479,0,369263.9957603346,370116.5387642272,15083689,266471.93183100334,266999.46176812303,266.5285046939063,15102,954.7328989420868,955.8123692514613,15098
1,226250010237,0,378542.3142742967,379487.4463766869,15427580,273025.7732819234,273631.9779060124,273.06052491774045,15445,976.8290075654198,978.3023298792875,15441
2,226314911838,0,383925.78604668844,384929.7851243337,15636171,276637.92673465254,277246.7013093835,276.69396491757436,15655,987.3412947990712,988.464210066348,15651
3,223408740254,0,378941.82684516476,379865.9327318357,15099565,270619.26015635155,271174.87946204364,270.64274514765515,15116,944.1737846380466,945.2073555981684,15112
