SLAVE_INDEX,DURATION,FAILURES,READS_PER_SEC,READS_PER_SEC_NET,READ_COUNT,REQ_PER_SEC,REQ_PER_SEC_NET,TRANSACTIONS_PER_SEC,TRANSACTION_COUNT,WRITES_PER_SEC,WRITES_PER_SEC_NET,WRITE_COUNT
0,239912575348,0,5297.497835578813,2544895.1361470153,317686,5301.931331256513,2509058.9999286514,5.301931331256513,318,34591.65338105733,164562.1448107568,314
1,230186974363,0,134085.0205461609,3486644.089463063,7704292,134012.7958385402,3461651.857862234,134.01279583854017,7712,87112.39796661603,423986.03057339176,7708
2,239504882547,0,8160.610013049376,2930997.491857162,488515,8166.848121002953,2877201.592073906,8.166848121002953,489,35501.3858899266,147646.11752356973,485
3,239551770955,0,8526.051232491873,3094717.1682148203,510493,8532.602334148334,3050309.7693287255,8.532602334148333,511,37697.59660906029,197453.0119276029,507
4,211154769498,0,411255.1919051373,3540158.538409151,21681716,411137.5945065843,3518587.948744677,411.1360655964322,21704,319775.60181860364,496416.17262581876,21700
5,239675734404,0,6520.219986349496,2971366.9900443694,390613,6525.483290534972,2914554.604576516,6.5254832905349724,391,35227.98525713368,143585.0725322591,387
6,239727386763,0,5618.329587326929,2931017.8280593483,336667,5623.053828775365,2886312.791914112,5.623053828775365,337,37517.5071137503,175776.54103702618,333
7,240058464934,0,3179.70189991679,2908926.9847329087,190813,3182.5580498069453,2863899.3784097577,3.1825580498069455,191,38141.9155634874,170523.62379114595,187
