SLAVE_INDEX,DURATION,FAILURES,READS_PER_SEC,READS_PER_SEC_NET,READ_COUNT,REQ_PER_SEC,REQ_PER_SEC_NET,TRANSACTIONS_PER_SEC,TRANSACTION_COUNT,WRITES_PER_SEC,WRITES_PER_SEC_NET,WRITE_COUNT
0,238933982199,0,17049.36597134814,2616469.3464266746,1017985,17059.105458700462,2586122.704916188,17.05910545870046,1019,39944.720442348225,204720.97665419464,1015
1,241015028981,0,1227.019359187785,1415226.9915315472,73930,1228.1391797493866,1405077.6954088428,1.2281391797493866,74,33994.786899428975,163874.17272806016,70
2,237350878751,0,39027.84515683536,2754720.244061203,2312689,39013.96973429569,2723956.633918515,39.01396973429569,2315,28775.904076476316,223719.62925562522,2311
3,240869165793,0,1377.072785537105,1608608.1926016982,82921,1378.3416358294558,1596675.8440099447,1.3783416358294558,83,41950.37933896026,181730.03543160597,79
4,240198058911,0,1846.7845994718784,1687845.9037313384,110893,1848.4745547611367,1672406.7697353633,1.8484745547611368,111,35804.633855790984,159580.0806774249,107
5,240327199257,0,3109.6523820808466,2053027.021808644,186817,3112.423405725738,2032705.8567826652,3.112423405725738,187,34463.990779470005,183050.75082066504,183
