SLAVE_INDEX,DURATION,FAILURES,READS_PER_SEC,READS_PER_SEC_NET,READ_COUNT,REQ_PER_SEC,REQ_PER_SEC_NET,TRANSACTIONS_PER_SEC,TRANSACTION_COUNT,WRITES_PER_SEC,WRITES_PER_SEC_NET,WRITE_COUNT
0,238168950393,0,25850.12124785026,3599575.4841865636,1538464,25863.992723801533,3560466.1340067526,25.86399272380153,1540,55918.81599989137,299641.5274870625,1536
1,222939255930,0,244572.1746154173,3660326.182768791,13617720,244575.1053242963,3641126.173425334,244.5723808496192,13632,247539.12969388842,583375.4519736416,13628
