SLAVE_INDEX,DURATION,FAILURES,READS_PER_SEC,READS_PER_SEC_NET,READ_COUNT,REQ_PER_SEC,REQ_PER_SEC_NET,TRANSACTIONS_PER_SEC,TRANSACTION_COUNT,WRITES_PER_SEC,WRITES_PER_SEC_NET,WRITE_COUNT
0,238526726891,0,21184.19781989605,3556838.8275358556,1262740,21196.786062093786,3514935.886154703,21.196786062093786,1264,52405.0480576646,274463.5068910217,1260
1,225928358426,0,196417.25083968506,4002719.2468690625,11084908,196451.6553354121,3981447.2198794005,196.4516553354121,11096,238137.1491784322,630874.6181913196,11092
