SLAVE_INDEX,DURATION,FAILURES,READS_PER_SEC,READS_PER_SEC_NET,READ_COUNT,REQ_PER_SEC,REQ_PER_SEC_NET,TRANSACTIONS_PER_SEC,TRANSACTION_COUNT,WRITES_PER_SEC,WRITES_PER_SEC_NET,WRITE_COUNT
0,238393887923,0,23629.632079549174,3070986.7043442614,1407595,23641.54571706301,3036359.7425687364,23.64154571706301,1409,47771.63390930878,246931.94744462124,1405
1,234144357752,0,80093.55662695863,3337677.774697946,4680638,80041.56145351283,3300847.8113000924,80.03246856653244,4686,48539.70143252457,274352.8233268459,4682
2,240282333407,0,1945.914403280885,1953196.8421315288,116887,1947.708736485768,1935260.8197527474,1.947708736485768,117,42177.87117459773,184331.94758121413,113
3,240029436985,0,2380.858747202676,2071448.1111299628,142861,2383.041043568942,2052442.4301739351,2.383041043568942,143,41130.11044396329,196783.9973554496,139
