SLAVE_INDEX,DURATION,FAILURES,READS_PER_SEC,READS_PER_SEC_NET,READ_COUNT,REQ_PER_SEC,REQ_PER_SEC_NET,TRANSACTIONS_PER_SEC,TRANSACTION_COUNT,WRITES_PER_SEC,WRITES_PER_SEC_NET,WRITE_COUNT
0,237631868858,0,31950.30821793309,3792852.828126055,1897105,31965.409507169632,3768262.3020833707,31.965409507169632,1899,60675.49127916687,503066.34867741005,1895
1,211717112518,0,418629.50888016535,3983908.320856369,22100338,417962.5678225546,3961334.3504373534,417.9554127013591,22123,161262.85401018144,594660.396461772,22119
