SLAVE_INDEX,DURATION,FAILURES,READS_PER_SEC,READS_PER_SEC_NET,READ_COUNT,REQ_PER_SEC,REQ_PER_SEC_NET,TRANSACTIONS_PER_SEC,TRANSACTION_COUNT,WRITES_PER_SEC,WRITES_PER_SEC_NET,WRITE_COUNT
0,238044730421,0,24703.38633042858,3397883.476662104,1469533,24718.043493732053,3379313.493738743,24.718043493732054,1471,60934.49211879634,521934.084208034,1467
1,196093237082,0,690198.9479922343,3878892.6300048437,33755753,689254.5505966691,3864098.6028618785,689.243395608679,33790,291184.3994178803,803252.1083094387,33786
