SLAVE_INDEX,DURATION,FAILURES,READS_PER_SEC,READS_PER_SEC_NET,READ_COUNT,REQ_PER_SEC,REQ_PER_SEC_NET,TRANSACTIONS_PER_SEC,TRANSACTION_COUNT,WRITES_PER_SEC,WRITES_PER_SEC_NET,WRITE_COUNT
0,244255977177,0,96644.50799861184,3149088.964265977,5875123,96308.79977587341,3135254.8809013977,96.30879977587341,5881,21533.40245578727,581503.0096515944,5877
1,231391546763,0,115387.02806064284,2768103.6550143906,6646351,115008.54016614973,2750254.8639830383,115.02092745840282,6654,26881.455016760134,369435.30605166557,6650
2,231025041135,0,130373.81157185473,2784831.9700291906,7487509,129769.4823587592,2773463.762669638,129.7694823587592,7495,23036.55943882972,545926.7531146648,7491
3,231959201258,0,111279.28129643231,2781691.0602556644,6413294,110704.12322828417,2768732.3627831386,110.70401066393919,6420,17952.73845625871,489469.0628145543,6416
4,231549515586,0,111986.46910554258,2609404.5259541515,6457540,111665.10080819755,2598191.8980000024,111.66510080819755,6464,28864.37097883651,490653.50641806686,6460
5,245970799076,0,112375.67476074767,2685548.587299979,6878157,111965.14425068257,2671724.8963406733,111.52143278123744,6886,24072.534471002757,434811.2736163665,6882
