SLAVE_INDEX,DURATION,FAILURES,READS_PER_SEC,READS_PER_SEC_NET,READ_COUNT,REQ_PER_SEC,REQ_PER_SEC_NET,TRANSACTIONS_PER_SEC,TRANSACTION_COUNT,WRITES_PER_SEC,WRITES_PER_SEC_NET,WRITE_COUNT
0,200789701755,0,546016.4571592482,3838293.751238933,27270706,543812.7505823686,3820143.235153863,543.8127505823686,27298,108059.59023186953,667301.6349531834,27294
1,200804057851,0,596981.2969099077,3849713.9970368687,29698088,592175.5231073775,3833203.849785127,592.1671183254545,29728,65483.6367169745,725308.3670825567,29724
