SLAVE_INDEX,DURATION,FAILURES,READS_PER_SEC,READS_PER_SEC_NET,READ_COUNT,REQ_PER_SEC,REQ_PER_SEC_NET,TRANSACTIONS_PER_SEC,TRANSACTION_COUNT,WRITES_PER_SEC,WRITES_PER_SEC_NET,WRITE_COUNT
0,232983413781,0,188145.4136702189,3294661.7350359517,10895098,187240.7966388789,3273493.9315494276,187.24079663887892,10906,32254.924174833122,441123.4392721836,10902
1,225508606917,0,200277.09790413544,3536204.3074324285,11228764,199371.5477855257,3515607.0413183253,199.3715477855257,11240,36127.365102907366,515414.54041253554,11236
2,230047573265,0,184929.70661300817,3413291.3485033773,10580413,184153.21404498973,3388714.8354947697,184.1532140449897,10591,35439.704547615474,413471.75088121975,10587
3,221757538338,0,245313.57671467093,3035540.285469398,13536454,244411.08251025522,3022136.1426354526,244.4110825102552,13550,52265.36918601459,558349.581947807,13546
