SLAVE_INDEX,DURATION,FAILURES,READS_PER_SEC,READS_PER_SEC_NET,READ_COUNT,REQ_PER_SEC,REQ_PER_SEC_NET,TRANSACTIONS_PER_SEC,TRANSACTION_COUNT,WRITES_PER_SEC,WRITES_PER_SEC_NET,WRITE_COUNT
0,197585799929,0,667326.4646273225,4606985.693222521,32754217,663752.1524680741,4587889.381437325,663.7521524680741,32787,104503.79436428519,892335.8414259081,32783
1,192023107305,0,662886.384750953,4429593.401196253,31562410,658129.1271329685,4411371.221407759,658.1291271329685,31594,80551.27661782544,863257.7812892278,31590
