SLAVE_INDEX,DURATION,FAILURES,READS_PER_SEC,READS_PER_SEC_NET,READ_COUNT,REQ_PER_SEC,REQ_PER_SEC_NET,TRANSACTIONS_PER_SEC,TRANSACTION_COUNT,WRITES_PER_SEC,WRITES_PER_SEC_NET,WRITE_COUNT
0,229638776710,0,141048.06834693765,2743077.625421318,8046949,140307.3142158788,2718518.49093209,140.3073142158788,8055,22452.25078208697,273255.65900089964,8051
1,230028674329,0,139190.08607521118,2650677.1301721423,7951045,138400.1368214919,2627711.135113703,138.40013682149188,7959,20741.85463294504,272022.8344618633,7955
2,228841907255,0,140180.7827105024,2577018.616548708,7960036,139275.18950663536,2565028.6321176197,139.27518950663537,7968,18677.19418302094,453959.9325638074,7964
3,229381320598,0,142333.05474276713,2602662.1759189377,8087908,141179.76091328842,2583313.964567809,141.17976091328842,8096,15516.501048878894,306433.8972011787,8092
4,228617941564,0,141692.74917903327,2615625.0694000027,8045950,140916.32432523393,2598368.9921693513,140.91632432523392,8054,21756.820762971354,342161.40575972194,8050
5,228933678994,0,142132.14571318054,2755869.3867654745,8073922,141211.2020479401,2728759.1767988373,141.21120204794013,8082,18888.053266208837,251909.58017777838,8078
6,228844245097,0,142896.43689477228,2479955.4981539818,8121874,142105.38694654862,2455447.354814799,142.10538694654863,8130,21751.880618184055,225736.88101093288,8126
7,228596255271,0,141174.1388249382,2701284.57326224,8015980,140404.74968389273,2680916.8512110035,140.40474968389273,8024,21777.638845614016,314063.1845198256,8020
