SLAVE_INDEX,DURATION,FAILURES,READS_PER_SEC,READS_PER_SEC_NET,READ_COUNT,REQ_PER_SEC,REQ_PER_SEC_NET,TRANSACTIONS_PER_SEC,TRANSACTION_COUNT,WRITES_PER_SEC,WRITES_PER_SEC_NET,WRITE_COUNT
0,237410087303,0,22081.6297612345,22196.15080645295,1297191,21877.537129966622,22003.10355576334,21.90276923055519,1300,2134.157069658255,2267.1171298954177,1296
1,237502554509,0,20772.53859121801,20871.212094770828,1221693,20596.22478635123,20707.19603280176,20.631089755303364,1225,2169.7026012633787,2336.3792260588534,1221
2,237462684945,0,21458.01635629744,21570.990628450138,1262365,21285.483237800927,21408.860460265885,21.32514692435399,1266,2353.8538966495466,2513.280150157934,1262
3,237478218294,0,20768.457932842666,20881.451487834544,1222031,20604.028593234667,20729.65291816818,20.63318335859906,1225,2308.8467616191906,2504.888344225092,1221
4,237493835663,0,20773.42911945308,20871.020447543986,1222257,20606.513791559606,20717.350993318774,20.665553674770376,1227,2281.96596749285,2478.6437493326075,1223
5,237464502160,0,21312.1040902142,21417.90181074625,1253600,21137.52562737986,21256.944198008434,21.173483371758568,1257,2298.69661026534,2495.3284881688114,1253
6,237332283015,0,20778.38320487137,20874.600753685376,1222304,20621.315978706025,20730.71688943429,20.662679308388107,1226,2408.73805129856,2625.973987814042,1222
7,237512400472,0,20948.52022845657,21057.57011359059,1232375,20775.437367455314,20896.970557368277,20.79861526839149,1235,2240.779083828629,2419.972845830688,1231
