SLAVE_INDEX,DURATION,FAILURES,READS_PER_SEC,READS_PER_SEC_NET,READ_COUNT,REQ_PER_SEC,REQ_PER_SEC_NET,TRANSACTIONS_PER_SEC,TRANSACTION_COUNT,WRITES_PER_SEC,WRITES_PER_SEC_NET,WRITE_COUNT
0,208292704081,0,575351.1796008064,648596.6963535732,24288565,466898.27389336325,516699.7766954166,466.930238406499,24315,2466.124836194019,2530.736729587016,24311
1,207941238033,0,580433.2782835142,657913.479792044,24522517,472192.28340084065,525040.3295449482,472.22139058914,24549,2520.882693749984,2589.2570661931795,24545
2,207206191577,0,587400.2759369558,664254.1810486213,24648826,476308.1028074602,528552.550713419,476.3302704080912,24675,2507.4762534163256,2576.9461721713083,24671
3,208247069444,0,584731.4862239626,657374.8597443263,24593776,472868.9448687808,522050.0119215336,472.91345118900284,24621,2461.2522495445446,2526.102656108583,24617
4,207473099336,0,582846.7516975057,658370.6689453379,24452368,471903.9543600796,523054.79460491025,471.9588906583979,24480,2468.5992047381287,2535.003100535949,24476
5,207100918754,0,583499.3083200947,655448.8115117879,24445115,472611.77105767693,521604.74590483296,472.6509075700077,24472,2476.2078664438977,2544.274726634782,24468
