SLAVE_INDEX,DURATION,FAILURES,READS_PER_SEC,READS_PER_SEC_NET,READ_COUNT,REQ_PER_SEC,REQ_PER_SEC_NET,TRANSACTIONS_PER_SEC,TRANSACTION_COUNT,WRITES_PER_SEC,WRITES_PER_SEC_NET,WRITE_COUNT
0,183182022252,0,904789.2976152264,1646888.818561999,40927036,894585.6039003895,1630358.2254341654,894.5856039003895,40968,72924.71183206374,147832.5696905123,40964
1,183979191053,0,891352.0707930964,1614802.3937960763,40500423,881424.9430702436,1597849.1032613602,881.4471978026811,40543,72685.4973721682,139080.21240429257,40539
2,183619541106,0,889799.8883952452,1615621.3577617705,40338625,879623.1546334164,1598697.7660874594,879.6231546334164,40379,70784.36635411561,139435.05641256174,40375
3,182381241536,0,899303.5499975592,1657439.2415807988,40505458,889258.1201558863,1640279.1384916378,889.2581201558862,40546,73128.79052312384,144593.77320621817,40542
4,185839819792,0,902115.7784325771,1634469.3205164676,41396566,891907.8816666786,1616717.3158663593,891.9078816666786,41438,72481.7031128326,136417.93555021653,41434
5,183462242149,0,895061.4165870637,1633576.820186189,40503460,883974.8064797319,1615366.040498701,883.9748064797319,40544,66090.29153331161,133086.1491740881,40540
