SLAVE_INDEX,DURATION,FAILURES,READS_PER_SEC,READS_PER_SEC_NET,READ_COUNT,REQ_PER_SEC,REQ_PER_SEC_NET,TRANSACTIONS_PER_SEC,TRANSACTION_COUNT,WRITES_PER_SEC,WRITES_PER_SEC_NET,WRITE_COUNT
0,204803636780,0,1196637.1624727913,1220145.6445554907,60041663,1173841.6943164207,1196526.705596469,1173.864114832922,60103,58599.98524562378,58829.159646612745,60099
1,204614828373,0,1199538.6599226354,1223310.8558670436,60120574,1176469.0658742338,1199579.4229724319,1176.5310288474575,60184,58203.399740078974,58860.06596376585,60180
2,205045106129,0,1197345.0201922343,1221056.5110560812,60137422,1174329.2807413386,1197397.9245009017,1174.3742541338916,60200,58124.73597549479,58820.970380080165,60196
3,205991497615,0,1199857.841030245,1223795.0257071028,60534548,1176653.2444606598,1199900.7870120096,1176.6878686500406,60597,57903.88745887471,58514.985636349375,60593
4,205900697033,0,1196964.0017857798,1220636.5279693003,60369968,1173971.6838416478,1196884.057267249,1174.020645631429,60433,58145.91149839954,58555.75266599497,60429
5,205806309613,0,1195684.104493662,1219283.240382703,60273638,1172635.9626865187,1195495.6954193693,1172.6737829678675,60336,57886.60586329816,58343.68074730322,60332
6,205867259222,0,1195406.6193171414,1219024.0434229372,60280825,1172428.5683510308,1195243.8670438468,1172.4626398959547,60343,58031.18926126682,58336.60634205653,60339
7,204601595134,0,1196573.1925656006,1220189.5754500432,59975350,1173703.1270099522,1196574.0221929082,1173.7335269616094,60037,58408.84145198275,58841.87084877572,60033
