SLAVE_INDEX,DURATION,FAILURES,READS_PER_SEC,READS_PER_SEC_NET,READ_COUNT,REQ_PER_SEC,REQ_PER_SEC_NET,TRANSACTIONS_PER_SEC,TRANSACTION_COUNT,WRITES_PER_SEC,WRITES_PER_SEC_NET,WRITE_COUNT
0,234017919251,0,186479.06428768067,6145596.499787869,10898906,186385.7269545978,6117758.961179439,1863.857269545978,109044,93523.36962011136,612640.4029153276,5494
1,241521153271,0,140600.8690579593,5626907.24162352,8484702,140590.58405497076,5597189.212226194,1405.9058405497076,84889,122482.05984656379,479440.3270815461,4198
2,232135384594,0,148051.04210441202,6215192.089521809,8588630,148068.76625084935,6191579.207978891,1480.6876625084935,85930,193626.36290722364,731273.846409232,4370
3,230880751836,0,170114.1374098589,6178447.387182447,9815215,170132.6060645443,6153076.633666756,1701.328478645837,98201,217773.73456515803,663448.5123399755,4871
4,240326817066,0,163478.80181573,6222871.28675422,9818297,163499.0238696877,6197078.874932111,1634.9902386968768,98233,215913.18589551322,678459.1031585675,5003
5,242246074935,0,158138.821445373,6614749.88717927,9573945,158164.7917733268,6589636.140627335,1581.6479177332683,95787,236299.00301822904,762308.7920535841,4755
6,256386216772,0,149360.1159566866,6609458.155858407,9568405,149355.06472273803,6582419.193000149,1493.5592158450766,95732,139810.34137275734,710982.6342491584,4740
7,236046931806,0,176794.49383455067,6565165.743781755,10428648,176810.2795519545,6536472.797473175,1768.1060029638138,104339,215081.88673587682,673185.0784597337,5233
