SLAVE_INDEX,DURATION,FAILURES,READS_PER_SEC,READS_PER_SEC_NET,READ_COUNT,REQ_PER_SEC,REQ_PER_SEC_NET,TRANSACTIONS_PER_SEC,TRANSACTION_COUNT,WRITES_PER_SEC,WRITES_PER_SEC_NET,WRITE_COUNT
0,173771903933,0,1710847.1776354813,5706414.717009752,74126996,1706651.0367196393,5702110.334047584,1706.6510367196393,74142,130106.23930154697,1206378.2627425361,15004
1,173648380792,0,1759392.5268680546,6073695.606401273,76234781,1756422.9427819196,6071502.535595759,1756.4229427819196,76250,185771.8081351109,2161676.699226635,15219
2,174148840608,0,1684243.8856129167,5317863.162396559,73201358,1681689.036674221,5315890.9165691985,1681.7106807913278,73217,196496.46508497,1866563.4557406658,14691
3,174541941591,0,1762939.4000116219,6049485.981717006,76791609,1760195.8428990098,6046062.455762115,1760.19584289901,76807,200828.31141856854,1581251.6221480535,15391
