SLAVE_INDEX,DURATION,FAILURES,READS_PER_SEC,READS_PER_SEC_NET,READ_COUNT,REQ_PER_SEC,REQ_PER_SEC_NET,TRANSACTIONS_PER_SEC,TRANSACTION_COUNT,WRITES_PER_SEC,WRITES_PER_SEC_NET,WRITE_COUNT
0,168495434152,0,1838771.1474011266,2918768.6234902362,77241434,1834040.7712248499,2910672.7581720357,1834.0532874689673,77258,132232.8930246344,195661.3396842588,15440
1,169842082264,0,2029705.8955966965,3413908.8410827382,85959810,2024868.062235806,3404832.1246261466,2024.8719715874279,85978,156332.61523111133,237560.63971094598,17142
2,170574598942,0,2081949.4211383818,3553544.2105410756,88522810,2076284.8290232506,3542190.061523404,2076.271212322885,88542,141037.36926232395,206979.14930926988,17553
3,170318749717,0,2142939.31297948,3701333.278978352,91013266,2137910.6681151004,3691606.832045458,2137.9196690509484,91032,168746.46741540128,262415.53123713715,18302
4,172203443986,0,2053790.4488196496,3453102.209907236,88175580,2048581.885671695,3442916.285676528,2048.5638581552366,88194,149737.3415844745,218599.52049053463,17634
5,168601216144,0,2125857.232836067,3629398.709465009,89377766,2120878.5332520586,3620008.1936777593,2120.909326647565,89397,167156.32975596248,260196.8121771585,17909
6,168260713107,0,2091681.3989469472,3557825.128548187,87749862,2086461.8811923647,3548296.655833619,2086.4988419767456,87769,154646.95438663862,246291.67187136208,17529
7,170269614034,0,2067134.3550697898,3451104.059475401,87771590,2062354.8481755524,3442352.6503519663,2062.3986273399987,87791,163731.87769728323,250941.09002695497,17501
