SLAVE_INDEX,DURATION,FAILURES,READS_PER_SEC,READS_PER_SEC_NET,READ_COUNT,REQ_PER_SEC,REQ_PER_SEC_NET,TRANSACTIONS_PER_SEC,TRANSACTION_COUNT,WRITES_PER_SEC,WRITES_PER_SEC_NET,WRITE_COUNT
0,152988695159,0,2670977.45565519,3574547.751115298,101881917,2664309.9843186107,3567616.2502703955,2664.282946261257,101904,197931.40252300762,334056.97614243964,20410
1,159667762541,0,2650991.5533793294,3678335.986023644,105507426,2643700.226535136,3668953.1440968295,2643.6908809480096,105530,178397.06141240892,265549.81381415954,20999
2,158474813090,0,2708836.284813122,3795877.0110583073,107000661,2701304.362838293,3787045.845211818,2701.330925110864,107024,182172.468069147,301265.2433089308,21515
3,159832617899,0,2799226.0225925283,3925675.978717881,111523947,2791576.7999367267,3915823.7174474536,2791.5717663034634,111547,190422.48191494806,289085.4193186275,22310
