SLAVE_INDEX,DURATION,FAILURES,READS_PER_SEC,READS_PER_SEC_NET,READ_COUNT,REQ_PER_SEC,REQ_PER_SEC_NET,TRANSACTIONS_PER_SEC,TRANSACTION_COUNT,WRITES_PER_SEC,WRITES_PER_SEC_NET,WRITE_COUNT
0,230737935631,0,1062506.6329338807,1064241.7251871047,10191846,1061155.7537359893,1063135.030590539,1062.4967437601706,10215,467158.05830412725,521150.6062053495,10191
