SLAVE_INDEX,DURATION,FAILURES,READS_PER_SEC,READS_PER_SEC_NET,READ_COUNT,REQ_PER_SEC,REQ_PER_SEC_NET,TRANSACTIONS_PER_SEC,TRANSACTION_COUNT,WRITES_PER_SEC,WRITES_PER_SEC_NET,WRITE_COUNT
0,226558160182,0,1128459.218162647,2.235457594417504E7,10644401,1128720.2888413859,2.2262931305615023E7,1128.5968631102248,10656,1468963.5256497047,4361540.324129751,10632
