SLAVE_INDEX,DURATION,FAILURES,READS_PER_SEC,READS_PER_SEC_NET,READ_COUNT,REQ_PER_SEC,REQ_PER_SEC_NET,TRANSACTIONS_PER_SEC,TRANSACTION_COUNT,WRITES_PER_SEC,WRITES_PER_SEC_NET,WRITE_COUNT
0,225609528072,0,1241291.2084989578,2.3498762946834665E7,11659099,1241516.3951347428,2.3396097084513452E7,1241.2752024210536,11672,1516978.5970367095,4354258.36879979,11648
