SLAVE_INDEX,DURATION,FAILURES,READS_PER_SEC,READS_PER_SEC_NET,READ_COUNT,REQ_PER_SEC,REQ_PER_SEC_NET,TRANSACTIONS_PER_SEC,TRANSACTION_COUNT,WRITES_PER_SEC,WRITES_PER_SEC_NET,WRITE_COUNT
0,203354080601,0,2924553.9731685678,1.6189413894523373E7,24504269,2894904.878525979,1.6186677091459446E7,2866.6933151505586,24535,259977.70152837445,1.3846571772811659E7,24511
