SLAVE_INDEX,DURATION,FAILURES,READS_PER_SEC,READS_PER_SEC_NET,READ_COUNT,REQ_PER_SEC,REQ_PER_SEC_NET,TRANSACTIONS_PER_SEC,TRANSACTION_COUNT,WRITES_PER_SEC,WRITES_PER_SEC_NET,WRITE_COUNT
0,26944905472,0,212552.9711815378,212843.5029111827,5726059,212512.30611851078,212804.66254120573,212.54480625347773,5727,11902.945942496319,12462.547647674959,65
