SLAVE_INDEX,DURATION,FAILURES,READS_PER_SEC,READS_PER_SEC_NET,READ_COUNT,REQ_PER_SEC,REQ_PER_SEC_NET,TRANSACTIONS_PER_SEC,TRANSACTION_COUNT,WRITES_PER_SEC,WRITES_PER_SEC_NET,WRITE_COUNT
0,12396301626,0,2964320.1672296794,3145714.9320251024,36737464,2963614.802897827,3145343.3605261603,2963.625603793189,36738,129364.05086503699,264854.24055535754,399
