SLAVE_INDEX,DURATION,FAILURES,READS_PER_SEC,READS_PER_SEC_NET,READ_COUNT,REQ_PER_SEC,REQ_PER_SEC_NET,TRANSACTIONS_PER_SEC,TRANSACTION_COUNT,WRITES_PER_SEC,WRITES_PER_SEC_NET,WRITE_COUNT
0,21583214061,0,780659.6521948552,787999.9644771018,16826597,779622.7175638909,787006.6811500074,779.6336026804202,16827,5782.053157911611,6148.165939514122,167
