SLAVE_INDEX,DURATION,FAILURES,READS_PER_SEC,READS_PER_SEC_NET,READ_COUNT,REQ_PER_SEC,REQ_PER_SEC_NET,TRANSACTIONS_PER_SEC,TRANSACTION_COUNT,WRITES_PER_SEC,WRITES_PER_SEC_NET,WRITE_COUNT
0,231260865619,0,315457.45504031546,319757.9585305212,8523541,147722.42553256825,148705.18605988185,1477.2912696020787,85410,554.0727494339519,554.4093090201968,17063
1,230907953477,0,319920.01890265156,324241.7909123748,8590754,149114.17074002879,150095.07360523817,1491.190750276033,86082,555.7396270595921,556.0879802857222,17158
2,231224691456,0,331961.6520121503,336840.0599385725,8767439,151976.91811683954,153043.4833575601,1519.8360532076558,87856,565.8513093998228,566.2182597063833,17765
3,230156795655,0,334441.88366730436,339292.56849028904,8763464,152608.242133549,153662.1078861479,1526.1411534106155,87813,558.2087067830353,558.5653695469599,17492
4,231451554194,0,327537.5787961942,332257.20218466135,8723247,151062.17852697562,152109.78939641954,1510.6732690648632,87412,565.0642702825406,565.4300251934264,17647
5,229643557849,0,329246.9886547007,333971.04241699155,8620111,150452.57234134275,151483.6733435927,1504.591504190914,86380,560.5259268762961,560.8930467425374,17505
6,231225931572,0,333571.63308804383,338474.12953112985,8782416,152236.48905070568,153301.16308925164,1522.4229343607856,88006,566.7440008454129,567.1065040186011,17840
7,230593112499,0,335067.55140618037,339873.44837298855,8738128,151881.5354910129,152911.99286455242,1518.8647879353625,87560,556.8969911653868,557.2451811357446,17581
