SLAVE_INDEX,DURATION,FAILURES,READS_PER_SEC,READS_PER_SEC_NET,READ_COUNT,REQ_PER_SEC,REQ_PER_SEC_NET,TRANSACTIONS_PER_SEC,TRANSACTION_COUNT,WRITES_PER_SEC,WRITES_PER_SEC_NET,WRITE_COUNT
0,238618690124,0,19749.128658553018,4410417.166593169,1177851,19783.865201618533,4343337.718502328,197.83865201618536,11802,167594.71616454248,503496.1527503156,2349
1,240295187004,0,569.6262472480155,4050085.469124445,34219,570.9644113584187,3901376.0568513526,5.709644113584186,343,75465.54555300639,236280.938035324,81
2,240194957030,0,736.1179357737898,3961156.16884184,44202,737.7340564975641,3804779.9201064925,7.377340564975641,443,75618.93227996676,202318.09048883044,98
3,230057418659,0,145954.72840258552,4818144.07748308,8387340,146119.57395656419,4736466.517813927,1461.2003870641097,84040,339437.93746791175,496056.5768735072,16633
4,240252459664,0,623.104398329096,4443135.083237995,37425,624.3432438101959,4267014.399893495,6.243432438101959,375,79063.25851313636,205344.5716135771,75
5,240307732813,0,646.2329653543123,4464172.779803352,38823,647.503091883785,4258249.00964923,6.4750309188378505,389,71628.63992096663,175543.28652369007,77
