SLAVE_INDEX,DURATION,FAILURES,READS_PER_SEC,READS_PER_SEC_NET,READ_COUNT,REQ_PER_SEC,REQ_PER_SEC_NET,TRANSACTIONS_PER_SEC,TRANSACTION_COUNT,WRITES_PER_SEC,WRITES_PER_SEC_NET,WRITE_COUNT
0,239720456325,0,5257.6465812554825,4384453.058414439,315053,5267.802420198817,4306977.406741823,52.67802420198818,3157,88679.59712050357,448430.02706867806,647
1,227699341847,0,181769.58251801025,4800025.201108498,10338190,181976.81057788237,4726633.030717403,1819.7681057788236,103590,419658.59956194577,549871.3060690705,20810
2,240197476487,0,300.82181998356265,4382661.89452109,18064,301.4186537630775,4172940.246204627,3.014186537630775,181,67470.66080484065,166841.81194842272,36
3,240192828203,0,227.60214784498325,1804539.5319690972,13667,228.15002600196516,1776251.4404491608,2.2815002600196514,137,74439.50436824546,237077.90703313163,33
