SLAVE_INDEX,DURATION,FAILURES,READS_PER_SEC,READS_PER_SEC_NET,READ_COUNT,REQ_PER_SEC,REQ_PER_SEC_NET,TRANSACTIONS_PER_SEC,TRANSACTION_COUNT,WRITES_PER_SEC,WRITES_PER_SEC_NET,WRITE_COUNT
0,237941969338,0,30143.592664999334,4633102.880145302,1792727,30197.27885749033,4579791.353993993,301.9727885749033,17963,283839.6119508154,676145.4128960118,3573
1,240108166241,0,714.9568119629041,3722309.8400109755,42916,716.3438157591072,3625514.7624953734,7.163438157591073,430,80909.55828438024,253788.31939259995,84
2,222857081523,0,255817.8374925812,4721130.418192282,14239118,256085.19868420713,4673753.4219118375,2560.8519868420713,142676,536295.780359858,776772.9559085486,28482
3,240165415575,0,460.40579863988444,4156808.663268649,27643,461.3486905877955,3980342.282134277,4.613486905877955,277,67725.8031745579,184378.30546633154,57
4,240092757995,0,585.0037757902925,4299091.41244155,35113,586.4400125010526,4066102.5834941533,5.864400125010526,352,64221.90365533359,177769.150411602,87
5,240175668314,0,550.254655337132,3942430.5384375793,33039,551.263168868977,3812701.6642730734,5.512631688689771,331,75445.60835442615,202560.39661989792,61
