SLAVE_INDEX,DURATION,FAILURES,READS_PER_SEC,READS_PER_SEC_NET,READ_COUNT,REQ_PER_SEC,REQ_PER_SEC_NET,TRANSACTIONS_PER_SEC,TRANSACTION_COUNT,WRITES_PER_SEC,WRITES_PER_SEC_NET,WRITE_COUNT
0,202681230398,0,627521.2219578046,4878503.554189497,31744642,627750.284277214,4844196.677238771,6277.50284277214,318083,767448.9178116405,1074861.9762143183,63658
