SLAVE_INDEX,DURATION,FAILURES,READS_PER_SEC,READS_PER_SEC_NET,READ_COUNT,REQ_PER_SEC,REQ_PER_SEC_NET,TRANSACTIONS_PER_SEC,TRANSACTION_COUNT,WRITES_PER_SEC,WRITES_PER_SEC_NET,WRITE_COUNT
0,232384459859,0,164946.62802913904,4037316.746126439,9531907,164398.25633426674,3983946.087138724,1643.9825633426674,95509,61607.735901717126,521847.3467512001,18993
1,229476959478,0,164882.56618130015,4758081.548251045,9399815,164176.83102347315,4692824.805224708,1641.7683102347314,94187,52445.28713111541,599609.8059428824,18885
2,228186786851,0,165684.98145786024,4455588.7994897645,9388044,164899.99495268802,4390892.710751663,1648.9999495268803,94070,49276.4026013394,536050.0252086461,18956
3,228506580007,0,165290.19034151363,4730345.9405509895,9363829,164242.09753106587,4657238.029885545,1642.4209753106586,93826,39451.4735922203,534718.4757147802,18771
4,229089964595,0,165341.4628051373,4148038.163514631,9400114,164462.91773019164,4094447.034674159,1644.646335070802,94193,45471.39684252083,556102.126449661,19087
5,229747433490,0,164637.6810845652,5156885.774111329,9380363,163647.52993698392,5064661.588010993,1636.4752993698394,93994,41289.46177967103,516165.92455557303,19037
