SLAVE_INDEX,DURATION,FAILURES,READS_PER_SEC,READS_PER_SEC_NET,READ_COUNT,REQ_PER_SEC,REQ_PER_SEC_NET,TRANSACTIONS_PER_SEC,TRANSACTION_COUNT,WRITES_PER_SEC,WRITES_PER_SEC_NET,WRITE_COUNT
0,216382332980,0,356303.8392723404,5294986.063083007,19140081,354531.7168157653,5243555.365580029,3545.317168157653,191786,102129.49407639322,899959.6456216434,38519
1,219152017130,0,346472.89083659067,4904067.627297927,18904217,345736.2655943718,4856357.837186913,3457.362655943718,189422,167984.091252454,831290.2572778565,37983
