SLAVE_INDEX,DURATION,FAILURES,READS_PER_SEC,READS_PER_SEC_NET,READ_COUNT,REQ_PER_SEC,REQ_PER_SEC_NET,TRANSACTIONS_PER_SEC,TRANSACTION_COUNT,WRITES_PER_SEC,WRITES_PER_SEC_NET,WRITE_COUNT
0,219675737092,0,624325.5245904464,8390626.708623702,33859652,617779.6865348141,8375057.956107085,6177.831863725021,339280,99494.29364530633,4357734.4455137,68150
1,215327524760,0,657789.4661339979,9145740.329107048,34995718,651386.784649723,8959459.635087065,6513.851818608579,350654,110589.8630958483,797618.5513287127,69658
2,216255437212,0,634957.0315620773,9940241.921905955,33935169,628941.4673382959,9915915.270972457,6289.43196095665,340031,109580.79361692799,4457993.032028213,67834
3,217472932103,0,673296.8233192933,9411833.135948325,36236627,667840.8507924674,9386970.974752648,6678.421171390725,363094,132533.15163882906,4051918.395255276,72700
4,217530391851,0,650015.2712365756,8904618.000269987,34688308,639136.4388992197,8882827.825282246,6391.364388992198,347579,68413.64019453796,4001732.558368543,69592
5,213957715337,0,705079.7853396762,8914307.725620149,37052784,694098.101421998,8897520.108804176,6940.997422723191,371270,79006.80272984348,4583188.280239702,74127
6,217549739103,0,664165.3890903844,8773696.336289847,35631019,656449.4197457333,8752775.508080637,6564.494197457332,357026,96780.23272054957,4002303.4449787345,71581
7,216244729533,0,677394.6614137412,9222022.986658644,36119403,669463.7150817019,9080722.379120344,6694.637150817019,361920,98088.14800044337,1053051.9926307683,72597
