SLAVE_INDEX,DURATION,FAILURES,READS_PER_SEC,READS_PER_SEC_NET,READ_COUNT,REQ_PER_SEC,REQ_PER_SEC_NET,TRANSACTIONS_PER_SEC,TRANSACTION_COUNT,WRITES_PER_SEC,WRITES_PER_SEC_NET,WRITE_COUNT
0,222495494089,0,634893.1893070859,1.0825965613946643E7,35005660,630585.3544336404,1.0797203670005377E7,6305.8535443364035,350756,143444.40578679694,4634525.365196656,69940
1,217085292612,0,643119.1019980111,9131048.172335066,34262751,632589.6441333075,9112388.901293032,6325.900433821946,343315,69042.21399600273,4513837.098465633,68726
2,220419703227,0,632706.3028230097,9588349.07476391,34308244,623853.4849054998,9564181.423839748,6238.534849054999,343774,78556.97038539324,4249935.945379142,69156
3,208350301428,0,1075532.7581335343,9187155.3085678,55420033,1066102.878074114,9172511.069115873,10661.061690329498,555309,197788.39740694285,5101108.584673847,110681
4,218845234660,0,627189.2273171413,1.0466249823288878E7,33737335,617888.7477722884,1.0442726286580658E7,6178.922638798665,338057,74095.2948546997,4943613.528604871,68167
5,215365624950,0,680483.69958788,1.0854097603570208E7,36050743,670935.2991386009,1.0816893137578253E7,6709.35299138601,361241,84973.54120245177,4029370.9542346825,73357
