SLAVE_INDEX,DURATION,FAILURES,READS_PER_SEC,READS_PER_SEC_NET,READ_COUNT,REQ_PER_SEC,REQ_PER_SEC_NET,TRANSACTIONS_PER_SEC,TRANSACTION_COUNT,WRITES_PER_SEC,WRITES_PER_SEC_NET,WRITE_COUNT
0,233898387456,0,122321.15187735583,5346572.031400169,7124660,122088.52019286322,5315486.2499900805,1220.8891259381219,71391,62937.23338187497,1372353.012372928,14417
1,233030560522,0,124858.49452933203,5671232.722817609,7245587,124621.71457231817,5633384.660330924,1246.2227661228853,72602,64158.07973512024,1305076.4295454086,14580
2,233771143786,0,125945.34034823482,5548720.599058509,7316225,125433.78761427813,5452715.250266321,1254.3378761427814,73307,41086.19387673549,559526.7945640552,14475
3,233343457007,0,122813.30857895344,5084873.725022541,7137320,122593.53815582601,5056783.771221333,1225.9353815582601,71516,64713.72128759844,1344505.7872594518,14280
4,233190954549,0,121512.53667334403,5997246.958090626,7062215,121385.39444956093,5887236.566374867,1213.8539759396117,70766,79990.2808363583,584488.626023872,14279
5,233928062642,0,123766.62957771322,6455665.2288147025,7198232,123333.14641327692,6113968.453501002,1233.3363762571494,72128,45110.1633572695,224733.44166158128,14539
6,233534854053,0,121693.26179354865,5386965.101285287,7069527,121333.52905673481,5269830.408249502,1213.3520610758953,70840,49447.784726387836,450659.4166147233,14375
7,234969013258,0,125597.77695812956,5898494.262287447,7340893,125214.80850623728,5759903.26256801,1252.148085062373,73554,49239.94774438972,446866.3799292031,14507
