SLAVE_INDEX,DURATION,FAILURES,READS_PER_SEC,READS_PER_SEC_NET,READ_COUNT,REQ_PER_SEC,REQ_PER_SEC_NET,TRANSACTIONS_PER_SEC,TRANSACTION_COUNT,WRITES_PER_SEC,WRITES_PER_SEC_NET,WRITE_COUNT
0,226861718013,0,193358.51243906427,4529537.233128992,10928760,193079.73325622952,4464477.312462543,1930.7973325622952,109506,112160.12367502428,545279.569816364,21840
1,227274885230,0,191227.7615161032,4991170.345520847,10827739,190949.3869332797,4935917.161396018,1909.4938693327967,108495,110738.19092786696,758408.9718725365,21761
2,225785074197,0,191125.90052954192,5038766.438004956,10730789,190485.5763958708,4967869.799495511,1904.855763958708,107522,71100.74184613241,616993.533814976,21411
3,227651304429,0,191641.71561180952,4831888.20793612,10869966,191373.38180105842,4764833.5687121935,1913.7338180105842,108916,112339.939910413,597640.847699425,21634
