SLAVE_INDEX,DURATION,FAILURES,READS_PER_SEC,READS_PER_SEC_NET,READ_COUNT,REQ_PER_SEC,REQ_PER_SEC_NET,TRANSACTIONS_PER_SEC,TRANSACTION_COUNT,WRITES_PER_SEC,WRITES_PER_SEC_NET,WRITE_COUNT
0,234809048730,0,71492.05107512597,5095016.261818849,4187810,71482.76478603831,4994635.221743726,714.8276478603832,41962,67130.36801681873,461013.99313465547,8390
1,235321595339,0,64281.68994204076,4513614.047882144,3776210,64315.38923657679,4424310.441591799,643.1538923657679,37837,87421.44555030984,403121.18054118456,7490
2,247358341009,0,64247.5689375063,4370671.711780136,3962551,64208.063230106025,4344575.57385381,642.0806323010603,39706,49287.825594321876,1102847.745661853,8049
3,241829671700,0,61928.11970341527,4528204.916455458,3737718,61946.07921638261,4498572.920953094,619.4607921638261,37451,72607.65974024477,1042941.7711212575,7382
4,246237214246,0,65616.57178652016,4388134.437977433,4033489,65653.7641944291,4303378.769368791,656.537641944291,40416,91423.09618714573,405789.46650892356,8111
5,235493043181,0,64320.17738683604,3958108.8468593997,3778723,64311.029300172166,3728821.7770225545,643.1102930017216,37862,59998.416184646994,123161.58997033419,7477
