SLAVE_INDEX,DURATION,FAILURES,READS_PER_SEC,READS_PER_SEC_NET,READ_COUNT,REQ_PER_SEC,REQ_PER_SEC_NET,TRANSACTIONS_PER_SEC,TRANSACTION_COUNT,WRITES_PER_SEC,WRITES_PER_SEC_NET,WRITE_COUNT
0,217147300809,0,330212.90684835514,5272492.571501564,17843758,329350.6285068032,5216670.062950524,3293.506285068032,178794,142742.41924595533,827975.88388406,35642
1,218732962514,0,322329.1968278342,5555015.814103312,17551838,321617.735120729,5523670.50910715,3216.17735120729,175871,153248.30822795467,1450283.2709185146,35262
