SLAVE_INDEX,DURATION,FAILURES,READS_PER_SEC,READS_PER_SEC_NET,READ_COUNT,REQ_PER_SEC,REQ_PER_SEC_NET,TRANSACTIONS_PER_SEC,TRANSACTION_COUNT,WRITES_PER_SEC,WRITES_PER_SEC_NET,WRITE_COUNT
0,223523462491,0,443365.1169831509,9227978.54359637,24391638,437364.14473239594,9181962.66606896,4370.52549723661,244406,56171.651574945514,2623296.3507000334,48649
1,223019743064,0,424724.269458308,8928295.952914169,23336480,419397.84664337337,8883090.327438738,4193.978466433734,233835,58054.8327568197,2528699.794812038,47020
2,222466947037,0,424488.49649795645,6994582.274815951,23311701,419985.6798702799,6965557.1427662475,4198.668030226903,233583,66514.12598914502,2262348.7579659373,46532
3,223460552523,0,416678.5697102582,9305026.402884865,22837172,409610.5328951917,9256082.22440117,4096.149438217811,228832,43288.310138515,2554044.4127663164,45777
4,222064893681,0,404039.0534870211,6769239.773342103,22033241,397672.9438686408,6593475.289091561,3976.729438686408,220773,44785.89004346448,471474.6985977282,44059
5,222915868697,0,417214.5629564505,8090597.415099442,22682587,407832.89467639185,8050755.273834638,4078.3457626489217,227282,33414.621734781635,2330897.8875312964,45519
6,226314934956,0,416472.50471437245,7549687.719008238,23215957,411152.43241941015,7339330.006462892,4111.526303191197,232625,55756.967168563795,492470.7163328823,46527
7,226528388743,0,390760.863050163,8928161.326082319,21727506,384423.2525698877,8878474.433263505,3844.192717412643,217708,41970.95672038571,2336605.120619077,43189
