SLAVE_INDEX,DURATION,FAILURES,READS_PER_SEC,READS_PER_SEC_NET,READ_COUNT,REQ_PER_SEC,REQ_PER_SEC_NET,TRANSACTIONS_PER_SEC,TRANSACTION_COUNT,WRITES_PER_SEC,WRITES_PER_SEC_NET,WRITE_COUNT
0,201374201880,0,1243586.9546323593,1.0412170087833086E7,61888780,1231784.5964589552,1.0391896466186518E7,12317.863366349726,620125,214187.9287199465,5262476.217256498,123630
1,203182200822,0,1194763.473745595,8990747.01437368,60118722,1185930.6525136798,8978733.676231656,11859.306525136799,602400,254232.01658180627,5401189.267698241,121278
2,202525228065,0,1222251.3561733302,1.0551190793771036E7,61146785,1210112.0356291747,1.0532211424402356E7,12101.148075811941,612697,203491.7932168291,5555222.532604137,122769
3,209701315103,0,1146253.1543060823,1.112923662930609E7,59097801,1129528.4623449242,1.1105027074756611E7,11295.302795964484,592160,136066.7817147214,5317134.307728585,118100
