SLAVE_INDEX,DURATION,FAILURES,READS_PER_SEC,READS_PER_SEC_NET,READ_COUNT,REQ_PER_SEC,REQ_PER_SEC_NET,TRANSACTIONS_PER_SEC,TRANSACTION_COUNT,WRITES_PER_SEC,WRITES_PER_SEC_NET,WRITE_COUNT
0,232456250946,0,148942.94821976096,6376996.265451935,8540639,147263.83937058438,6295619.526603751,1472.638393705844,85581,22606.692428790808,869352.2969401946,17461
1,231638891133,0,155134.2716225209,5556590.060388147,8857253,153256.0781411138,5481410.661974383,1532.5750179972079,88751,21779.914033064575,707640.5722081097,17764
2,230674492348,0,156923.25076425687,5480940.052382909,8916896,154931.7379490913,5438445.630870762,1549.3173794909128,89347,21061.617832280568,1113739.4879263046,17804
3,230737790615,0,154793.19092765526,6317075.513733146,8822992,153257.94663174317,6220823.7297521345,1532.5794663174318,88406,25672.5728478965,720435.0072331952,17608
4,231448937500,0,151113.03965792383,5311633.523550104,8591613,148783.3315285796,5290215.19566801,1487.8443301549707,86090,17207.751249480243,1763461.7355500138,17323
5,231944845382,0,147888.31460624447,5355359.484882289,8408289,145298.33566465354,5298500.646005414,1452.9833566465354,84253,15046.754801938312,848042.4339276497,17011
6,231820416040,0,151321.7881546587,5691395.402507609,8631359,149234.4832735984,5627303.825727148,1492.3448327359838,86489,19163.359101539176,860280.7832689537,17541
7,231250148751,0,152474.96956709467,5851389.046816657,8685074,150529.63290190953,5827873.720207825,1505.296329019095,87025,20455.85854952476,1940722.9204015434,17426
