SLAVE_INDEX,DURATION,FAILURES,READS_PER_SEC,READS_PER_SEC_NET,READ_COUNT,REQ_PER_SEC,REQ_PER_SEC_NET,TRANSACTIONS_PER_SEC,TRANSACTION_COUNT,WRITES_PER_SEC,WRITES_PER_SEC_NET,WRITE_COUNT
0,220372795067,0,564615.9599855407,1.008002167639194E7,30452536,553856.1144214359,1.0040971279777983E7,5538.5776468836,305138,52811.82156411424,3428518.5975022214,61169
1,218339809661,0,599902.7009079149,8890160.765274068,32304150,593003.5764024353,8859036.773225287,5930.04046058201,323691,88212.836350422,3230848.0950122746,64922
2,217613572252,0,622735.5238512176,9625065.50533426,33122140,610041.067871767,9589089.817072613,6100.454434802619,331887,54444.323229856134,3339840.859086784,66164
3,219565561640,0,573262.741100473,9375308.384071551,31011996,566101.5282706154,9341662.160132976,5661.015282706154,310741,78212.79063306874,3345754.2520497926,62104
4,221023870518,0,591146.7521624593,1.0141122532252658E7,32053918,581263.6422432809,1.010161148361969E7,5812.284303896371,321184,62329.8114756188,3435668.302657253,64367
5,219130518848,0,614779.0568922738,9586270.060010487,33055963,604611.3553534774,9554660.882856868,6046.113553534774,331222,65336.69057311929,3611588.8507318175,66237
