SLAVE_INDEX,DURATION,FAILURES,READS_PER_SEC,READS_PER_SEC_NET,READ_COUNT,REQ_PER_SEC,REQ_PER_SEC_NET,TRANSACTIONS_PER_SEC,TRANSACTION_COUNT,WRITES_PER_SEC,WRITES_PER_SEC_NET,WRITE_COUNT
0,201816241588,0,573667.6290123748,1536453.476983227,28575668,567500.4504038391,1506836.6963713926,5675.040177479821,286329,88862.47593895462,141382.64329789608,57034
1,202452972855,0,574433.286253672,1595991.479718133,28687237,567931.0823573335,1560552.3990976715,5679.3407383996055,287450,85560.10779174244,129402.97035658607,57597
2,202392303580,0,566745.9693791434,1489482.660875494,28316061,560744.9788975815,1460713.3479772974,5607.396138233161,283727,88987.69595901544,136892.89141193952,56556
3,202974908060,0,575995.4033387748,1634995.533128599,28852565,569735.5259587844,1601175.1429514992,5697.372045305449,289106,88854.14990522532,141685.53993508147,57939
