SLAVE_INDEX,DURATION,FAILURES,READS_PER_SEC,READS_PER_SEC_NET,READ_COUNT,REQ_PER_SEC,REQ_PER_SEC_NET,TRANSACTIONS_PER_SEC,TRANSACTION_COUNT,WRITES_PER_SEC,WRITES_PER_SEC_NET,WRITE_COUNT
0,198320985163,0,651642.9762792701,1623945.6126088416,31888580,644466.3427571822,1595291.2999593392,6444.663427571822,319528,99630.00167983289,163425.19585232247,64220
1,198932814623,0,636451.1815637519,1569429.332308171,31255275,629716.5816378919,1543646.4654887442,6297.198353580459,313180,100152.52428202338,167620.55515608695,62548
2,198243122363,0,641897.1105539586,1567174.4688701984,31439521,635631.271834318,1544025.4682968655,6356.350408060255,315026,108061.60029340304,184081.99938973514,62861
3,197989269863,0,631375.5380994241,1542060.0168873903,30876789,625065.8537487108,1518175.0875422414,6250.660990956986,309391,104992.60712592783,174959.35687806315,62294
4,198148005406,0,631801.5853175017,1520781.1631932508,30918808,625401.198190651,1496729.538277482,6254.01198190651,309805,102910.3912564014,167675.99334414204,61692
5,198051889569,0,629905.0231054223,1521791.2101915588,30817364,623656.7612093784,1498662.912012305,6236.567612093783,308791,104788.96741299302,174535.64011035417,61736
