SLAVE_INDEX,DURATION,FAILURES,READS_PER_SEC,READS_PER_SEC_NET,READ_COUNT,REQ_PER_SEC,REQ_PER_SEC_NET,TRANSACTIONS_PER_SEC,TRANSACTION_COUNT,WRITES_PER_SEC,WRITES_PER_SEC_NET,WRITE_COUNT
0,239006520883,0,9705.269612974575,27844.381944205707,578813,9706.84812878265,27775.34507225078,97.0684812878265,5800,10543.016581271748,12573.643169969357,1187
1,240702722682,0,8615.221852188599,24370.061364562884,517332,8614.775840070155,24304.427531012523,86.14775840070155,5184,8404.02674928533,10546.162136558441,1068
2,239580715752,0,8418.628821216684,23300.604739644605,503318,8419.709381318018,23252.52480568995,84.19709381318019,5043,9012.62054371373,11300.716431473575,982
3,239551707754,0,9559.15907769131,26994.396149105167,571357,9559.522749683932,26929.224595126543,95.59522749683933,5725,9744.844504082475,12202.677733502502,1143
4,240551537082,0,9740.889740681463,27911.776063460053,584724,9742.610786981195,27845.88303364827,97.42610786981194,5859,10680.920488267018,12809.748445133726,1176
5,240099621778,0,9785.725487514848,27333.67680111211,586169,9784.271972623548,27252.405607496003,97.84271972623549,5873,9084.902054504211,10725.128193019307,1131
