SLAVE_INDEX,DURATION,FAILURES,READS_PER_SEC,READS_PER_SEC_NET,READ_COUNT,REQ_PER_SEC,REQ_PER_SEC_NET,TRANSACTIONS_PER_SEC,TRANSACTION_COUNT,WRITES_PER_SEC,WRITES_PER_SEC_NET,WRITE_COUNT
0,215198674387,0,358584.08717291546,958136.3293383095,19102304,355774.273322499,942258.0165393713,3557.233584501558,191406,72386.62986041744,101540.02778259343,38234
1,215916503840,0,346975.4107201439,894176.780249173,18541084,344177.4884196365,878944.633938256,3441.774884196365,185784,68744.62772552225,92872.02434646738,37316
2,215859970486,0,346031.537774402,898249.6306425292,18495827,343428.19482970325,884338.0331333427,3434.2819482970326,185331,72555.4715467459,101820.39412571667,37273
3,216003766446,0,352713.82137066894,920474.0961226767,18858381,349923.5279255923,905490.6586319316,3499.235279255923,188962,70766.38094585207,99319.19024501405,37819
4,216343200244,0,355649.58183681546,926629.7859933409,19038138,352704.40630415065,910809.2868553399,3527.0440630415064,190763,68736.45159320591,95699.33640796939,38162
5,214924258612,0,350130.4879746889,901384.7709027737,18634322,347502.178126997,887672.2578718215,3475.006245967583,186718,73217.59804342028,103315.92917387036,37340
