SLAVE_INDEX,DURATION,FAILURES,READS_PER_SEC,READS_PER_SEC_NET,READ_COUNT,REQ_PER_SEC,REQ_PER_SEC_NET,TRANSACTIONS_PER_SEC,TRANSACTION_COUNT,WRITES_PER_SEC,WRITES_PER_SEC_NET,WRITE_COUNT
0,207982603218,0,480066.8302429832,1165255.613173168,24694504,475885.14841434616,1147944.635456645,4758.877149424249,247441,88957.33774745133,136364.41457686125,49454
1,208130969474,0,474735.84363890754,1127867.325815642,24441383,470676.3065947165,1112005.0224950926,4706.753079543457,244907,89680.78506368931,139223.09245404322,49196
2,208147406029,0,474416.2907371559,1154566.398844935,24426942,470358.08837492607,1137016.1575177698,4703.607306900441,244761,89366.47598825108,132583.632207594,49012
3,209081408299,0,456099.74544020847,1055212.05865563,23603395,452465.461992263,1041923.6218560769,4524.602918532489,236506,90670.05948717386,142606.27731947388,47134
