SLAVE_INDEX,DURATION,FAILURES,READS_PER_SEC,READS_PER_SEC_NET,READ_COUNT,REQ_PER_SEC,REQ_PER_SEC_NET,TRANSACTIONS_PER_SEC,TRANSACTION_COUNT,WRITES_PER_SEC,WRITES_PER_SEC_NET,WRITE_COUNT
0,211863607234,0,1025407.7202502127,1230147.7458364991,52470545,992629.7335611993,1183026.1090189847,9926.316677513818,525757,58471.25417500013,58725.521962351624,104984
1,212115808042,0,1023825.350960008,1228292.744289534,52454053,991144.7050583421,1181298.8528267217,9911.478081074813,525596,58651.57746940057,58898.86683401482,105312
2,212240116073,0,1029084.09502557,1235689.2007840665,52760616,996336.2248033612,1188522.9041950677,9963.400518425417,528659,58648.796786226216,58903.72232119151,105013
3,212500947896,0,1024780.9531386138,1230052.6562065189,52591595,991940.2340885641,1182761.774774839,9919.419029297425,526972,58416.529529896325,58634.57292258731,105465
4,212513648267,0,1026570.9718420781,1231957.5634906807,52697102,993862.7552741396,1184908.7130455673,9938.642634430893,528025,58624.79795683021,58887.15284538287,105248
5,212541534211,0,1026856.482148282,1232367.6869022911,52702853,993855.2517942048,1184878.766815476,9938.584244166505,528091,58548.533161299885,58789.93854745977,106027
6,211646395463,0,1011119.5596445105,1209886.2775331975,51717695,979389.5877439473,1164485.8099935697,9793.926647404815,518213,58646.67182292532,58891.44402212121,103374
7,212125916513,0,1030712.5670718609,1238231.0239730987,52796303,997559.5602766988,1190432.9119168716,9975.609156510725,529022,58481.416716743835,58725.48440361837,105756
