SLAVE_INDEX,DURATION,FAILURES,READS_PER_SEC,READS_PER_SEC_NET,READ_COUNT,REQ_PER_SEC,REQ_PER_SEC_NET,TRANSACTIONS_PER_SEC,TRANSACTION_COUNT,WRITES_PER_SEC,WRITES_PER_SEC_NET,WRITE_COUNT
0,212201968050,0,1040270.9858937913,1251700.4322133977,53285048,1006439.6572876177,1202773.0562433666,10064.417447338597,533923,58565.85018586079,58806.88261620189,107071
