SLAVE_INDEX,DURATION,FAILURES,READS_PER_SEC,READS_PER_SEC_NET,READ_COUNT,REQ_PER_SEC,REQ_PER_SEC_NET,TRANSACTIONS_PER_SEC,TRANSACTION_COUNT,WRITES_PER_SEC,WRITES_PER_SEC_NET,WRITE_COUNT
0,212147387469,0,1034739.6839647869,1243737.2768922818,53015263,1001585.5605624611,1195881.1619136934,10015.860475283644,531210,58661.075943117845,58901.12721717995,105677
1,212386864955,0,1029170.8009524625,1235409.1918870686,52771518,995872.6969523953,1187497.665619382,9958.757230687605,528778,58239.82375464667,58503.49325328015,106052
2,212432117495,0,1030530.9957168614,1237342.5900062835,52877279,997641.5736899492,1189969.311510772,9976.428803622275,529829,58698.03198529005,58939.93465137891,105499
3,211771677832,0,1026327.0346273774,1231773.0869471151,52500550,993626.504517423,1184713.1942219108,9936.295281817156,526057,58654.14106249018,58899.967408344186,104938
