SLAVE_INDEX,DURATION,FAILURES,READS_PER_SEC,READS_PER_SEC_NET,READ_COUNT,REQ_PER_SEC,REQ_PER_SEC_NET,TRANSACTIONS_PER_SEC,TRANSACTION_COUNT,WRITES_PER_SEC,WRITES_PER_SEC_NET,WRITE_COUNT
0,225529495467,0,3.0020953064667296E7,3.088533330788721E7,423076655,3.001511295000657E7,3.0880556092221703E7,30015.677606340294,423089,1449073.9343769515,1851997.2515030012,4175
