SLAVE_INDEX,DURATION,FAILURES,READS_PER_SEC,READS_PER_SEC_NET,READ_COUNT,REQ_PER_SEC,REQ_PER_SEC_NET,TRANSACTIONS_PER_SEC,TRANSACTION_COUNT,WRITES_PER_SEC,WRITES_PER_SEC_NET,WRITE_COUNT
0,367686496472,0,3.837387299099066E7,3.950489267002377E7,587843112,3.83706664872703E7,3.950219408053882E7,38371.11118156764,587859,4105294.943961881,5049235.407623874,5885
