SLAVE_INDEX,DURATION,FAILURES,READS_PER_SEC,READS_PER_SEC_NET,READ_COUNT,REQ_PER_SEC,REQ_PER_SEC_NET,TRANSACTIONS_PER_SEC,TRANSACTION_COUNT,WRITES_PER_SEC,WRITES_PER_SEC_NET,WRITE_COUNT
0,12166635793,0,2947820.187632629,3397759.6041151253,35855511,2947067.0948027777,3397316.0266585397,2947.075725678225,35856,117682.92513420024,255707.9586920907,381
