SLAVE_INDEX,DURATION,FAILURES,READS_PER_SEC,READS_PER_SEC_NET,READ_COUNT,REQ_PER_SEC,REQ_PER_SEC_NET,TRANSACTIONS_PER_SEC,TRANSACTION_COUNT,WRITES_PER_SEC,WRITES_PER_SEC_NET,WRITE_COUNT
0,697250528456,0,978726.05706576,979414.7438123028,28432083,978667.5924234332,979362.00822496,978.9993152491872,28442,134669.68284792753,147293.2020654384,271
