SLAVE_INDEX,DURATION,FAILURES,READS_PER_SEC,READS_PER_SEC_NET,READ_COUNT,REQ_PER_SEC,REQ_PER_SEC_NET,TRANSACTIONS_PER_SEC,TRANSACTION_COUNT,WRITES_PER_SEC,WRITES_PER_SEC_NET,WRITE_COUNT
0,1178677898642,0,581771.8971628596,582044.6716995442,17141955,581741.1871300926,582015.736165778,582.347197197032,17160,97414.18071609753,102425.13021955403,182
