SLAVE_INDEX,DURATION,FAILURES,READS_PER_SEC,READS_PER_SEC_NET,READ_COUNT,REQ_PER_SEC,REQ_PER_SEC_NET,TRANSACTIONS_PER_SEC,TRANSACTION_COUNT,WRITES_PER_SEC,WRITES_PER_SEC_NET,WRITE_COUNT
0,461871510721,0,828840.904846294,829570.9561021401,23923678,828765.210918639,829502.4784672618,829.0441549707547,23932,88741.92841672142,97160.95774189034,262
