SLAVE_INDEX,DURATION,FAILURES,READS_PER_SEC,READS_PER_SEC_NET,READ_COUNT,REQ_PER_SEC,REQ_PER_SEC_NET,TRANSACTIONS_PER_SEC,TRANSACTION_COUNT,WRITES_PER_SEC,WRITES_PER_SEC_NET,WRITE_COUNT
0,163615224780,0,5662740.689470381,5988388.222202281,115781252,5661203.8228439,5987064.666543249,5661.364070175257,115786,198193.37610355084,255340.45828404662,1140
