SLAVE_INDEX,DURATION,FAILURES,READS_PER_SEC,READS_PER_SEC_NET,READ_COUNT,REQ_PER_SEC,REQ_PER_SEC_NET,TRANSACTIONS_PER_SEC,TRANSACTION_COUNT,WRITES_PER_SEC,WRITES_PER_SEC_NET,WRITE_COUNT
0,345485397452,0,8324640.834565613,8791776.264282823,179719150,8323174.5862703575,8791170.846383234,8323.602019785907,179731,448999.5441286485,1118982.9096283366,1805
