SLAVE_INDEX,DURATION,FAILURES,READS_PER_SEC,READS_PER_SEC_NET,READ_COUNT,REQ_PER_SEC,REQ_PER_SEC_NET,TRANSACTIONS_PER_SEC,TRANSACTION_COUNT,WRITES_PER_SEC,WRITES_PER_SEC_NET,WRITE_COUNT
0,208720534088,0,2423256.253929363,2471900.578233384,63209347,2422761.067613966,2471386.8194857375,2422.9078988712768,63214,116248.20956998653,116683.03993194744,651
