SLAVE_INDEX,DURATION,FAILURES,READS_PER_SEC,READS_PER_SEC_NET,READ_COUNT,REQ_PER_SEC,REQ_PER_SEC_NET,TRANSACTIONS_PER_SEC,TRANSACTION_COUNT,WRITES_PER_SEC,WRITES_PER_SEC_NET,WRITE_COUNT
0,194922239148,0,906326.6214542512,1065670.243284685,43481685,893178.3297841639,1047519.5780468519,8931.819058965879,435253,57490.09451268865,57982.342936871275,43395
1,204534151343,0,948636.8210393124,1125503.6558761408,47720637,934189.9469862754,1105207.9700247538,9341.92201896699,477686,57652.51064387466,58160.89111004899,47800
2,194244540866,0,907545.5571093996,1066455.2950584986,43392665,894455.4489171308,1048428.7187323185,8944.568298381202,434359,57635.33046961114,58196.63482606668,43107
3,195398824672,0,911185.2074896055,1071907.4055268157,43811013,897762.0223379846,1053375.3017088594,8977.629225929273,438555,57782.94347592116,58325.37385465408,44398
4,195385474659,0,911286.6162424878,1072690.515539004,43815566,897911.1692217024,1054189.5088393004,8979.122940797388,438598,57663.23512951264,58169.07947045561,44134
5,194379231419,0,901440.8811728718,1058473.592027302,43128050,888387.0089380374,1040536.1982887426,8883.899833539324,431712,57158.54881125887,57748.82490895316,42946
6,194317650775,0,899469.5235885876,1055962.5079211518,43011433,886279.6113123707,1037833.104921464,8862.801835701817,430550,57193.83048468004,57747.624309885614,43510
7,198883889422,0,911085.8803333034,1072823.8340961367,44596411,897825.8446118655,1054469.682867591,8978.277813407076,446409,57439.9897720228,57943.385859940616,44363
