SLAVE_INDEX,DURATION,FAILURES,READS_PER_SEC,READS_PER_SEC_NET,READ_COUNT,REQ_PER_SEC,REQ_PER_SEC_NET,TRANSACTIONS_PER_SEC,TRANSACTION_COUNT,WRITES_PER_SEC,WRITES_PER_SEC_NET,WRITE_COUNT
0,194456313740,0,906497.5079726913,1064723.8731390953,43380237,893242.8505882465,1046469.9065872228,8932.461843661504,434244,57870.373666685504,58378.74721847012,43941
1,205284348045,0,960976.0571612458,1139779.188285554,48510960,946193.1503780371,1119034.9482686666,9461.96864438106,485599,57966.181713555496,58498.76456269213,48701
