SLAVE_INDEX,DURATION,FAILURES,READS_PER_SEC,READS_PER_SEC_NET,READ_COUNT,REQ_PER_SEC,REQ_PER_SEC_NET,TRANSACTIONS_PER_SEC,TRANSACTION_COUNT,WRITES_PER_SEC,WRITES_PER_SEC_NET,WRITE_COUNT
0,228898027270,0,3.01245994654291E7,3.0660720103687182E7,430889822,3.0119553524450958E7,3.0656841267844334E7,30120.08716855015,430902,1703579.18956167,2254526.507750423,4327
