SLAVE_INDEX,DURATION,FAILURES,READS_PER_SEC,READS_PER_SEC_NET,READ_COUNT,REQ_PER_SEC,REQ_PER_SEC_NET,TRANSACTIONS_PER_SEC,TRANSACTION_COUNT,WRITES_PER_SEC,WRITES_PER_SEC_NET,WRITE_COUNT
0,260301279700,0,38448.34132291001,4676754.718752083,2500105,38496.929448633826,4633827.876665137,384.96929448633824,25052,101336.2295671939,841901.8256546076,5095
1,238381456433,0,31066.333898855075,4734845.002255593,1850103,31108.12439424895,4682712.947844202,311.0812439424895,18539,90287.52892271343,735719.150210473,3797
2,237432677648,0,44560.97220727618,4021474.3212625156,2642912,44613.909529774566,3985777.203619028,446.13909529774565,26482,109816.98707324994,733153.2292328768,5288
3,238075027733,0,36062.5694986322,4670730.927046825,2144080,36094.50382858815,4567307.654233712,360.94503828588154,21483,65616.1314118209,372833.9984672724,4220
4,253358404938,0,38799.72913052369,4755788.074921303,2455851,38849.31310018571,4700933.3052393645,388.49313100185714,24607,110128.22846940187,687096.8274448209,4849
5,244607911281,0,44083.8810517891,5156152.169669052,2693757,44137.57487834211,5088724.521341861,441.37574878342105,26991,114366.74493321928,670183.005555037,5343
6,238439608129,0,32465.398607455492,5008629.471421621,1933913,32509.699461535136,4942409.279776257,325.0969946153514,19379,96149.62009505356,666720.5684131474,3987
7,242054312869,0,36088.44085023729,4711251.218928459,2182199,36134.039077145295,4653997.511052093,361.340390771453,21866,96745.06706498405,662421.0359995579,4401
