SLAVE_INDEX,DURATION,FAILURES,READS_PER_SEC,READS_PER_SEC_NET,READ_COUNT,REQ_PER_SEC,REQ_PER_SEC_NET,TRANSACTIONS_PER_SEC,TRANSACTION_COUNT,WRITES_PER_SEC,WRITES_PER_SEC_NET,WRITE_COUNT
0,215324336111,0,479258.4983485285,6985606.704421966,25646841,477391.8910262401,6958193.060136578,4773.933092547424,256986,162779.1055395868,2360782.8661485403,51682
1,216911818439,0,490506.4520478062,6650602.376174311,26410547,488007.1393148568,6625487.633479927,4880.084294118654,264637,138043.72026557036,2301415.5969096725,53082
2,215216246435,0,459568.1347629465,7164809.991421603,24552502,457246.1495360249,7143962.280389075,4572.4614953602495,246017,129844.38307194618,2913383.9861323205,49198
3,213196622941,0,527499.4351513247,6854327.122534929,27859625,523741.8794898115,6827165.370297938,5237.418794898115,279150,114259.07795596153,2280529.486849875,55375
4,214775731064,0,478002.9833293721,6626646.42031817,25507563,476009.08861316094,6598811.284824873,4760.090886131609,255588,154718.22776948064,2134744.3803282287,51237
5,219401553626,0,412338.3681452967,6793870.137335751,22514975,411302.46576934966,6760525.823603366,4113.024657693497,225601,182518.3497856503,1960236.9677799162,45125
