SLAVE_INDEX,DURATION,FAILURES,READS_PER_SEC,READS_PER_SEC_NET,READ_COUNT,REQ_PER_SEC,REQ_PER_SEC_NET,TRANSACTIONS_PER_SEC,TRANSACTION_COUNT,WRITES_PER_SEC,WRITES_PER_SEC_NET,WRITE_COUNT
0,201778774218,0,936861.4942323163,1107883.289698723,45773318,909210.3602621361,1069244.9701893774,9092.103777234908,458649,57685.09326475628,57975.726351737445,91520
1,193498688514,0,888805.8629637029,1043184.4131834432,41696051,863669.3782444351,1008600.989435732,8636.721341517177,417799,57222.073122345864,57567.09613504964,83672
2,196182065202,0,906754.2103911763,1066675.7445509392,43118314,880908.128997707,1030943.9677788034,8809.111076482915,432048,57784.12055388155,58111.77068889457,86280
3,195604248545,0,907749.805654022,1067516.8231535226,43036439,881835.4268021812,1031739.2321052352,8818.40572256444,431230,57845.55712392298,58214.781353909675,86250
