SLAVE_INDEX,DURATION,FAILURES,READS_PER_SEC,READS_PER_SEC_NET,READ_COUNT,REQ_PER_SEC,REQ_PER_SEC_NET,TRANSACTIONS_PER_SEC,TRANSACTION_COUNT,WRITES_PER_SEC,WRITES_PER_SEC_NET,WRITE_COUNT
0,201927282564,0,937738.5641133857,1108072.2507062752,45850971,910088.9273927326,1069496.7407100576,9100.913715034949,459431,57971.31451282112,58267.61368015587,91975
1,197060272244,0,918077.4515495237,1081766.9828574918,43835939,891583.9707277655,1045006.0047273143,8915.882344458645,439242,57992.96180424764,58293.39001993145,88006
2,194396481106,0,897531.2370524008,1053132.5212668534,42294121,872016.1755786428,1018045.3738589244,8720.16933481916,423793,57639.180838502194,57979.61073316621,85098
3,193392129131,0,899212.8897424414,1055021.6182689515,42164613,873850.434138018,1020225.6529655117,8738.523393595557,422491,57865.31763886351,58334.22145385954,84336
4,194227469579,0,890667.8431396765,1044712.5890306489,41942705,865519.6320293095,1010151.7003974052,8655.220513779346,420271,57463.68059744007,57803.10952591956,84217
5,197064025369,0,907433.3356743484,1066976.7759535238,43337377,881424.3171718147,1031079.8383907023,8814.260391668762,434244,57619.22709418293,57983.64742277502,86879
6,203002007231,0,937272.0077028576,1107597.5054620267,46071193,909612.9369296305,1069028.3076814965,9096.157144531073,461635,57721.397481701395,58050.688557754824,92120
7,197157280137,0,905229.4626634053,1063872.6514522946,43265120,879534.1256457983,1028429.3884777586,8795.361834172532,433518,57884.78841469429,58235.53191093088,86519
