SLAVE_INDEX,DURATION,FAILURES,READS_PER_SEC,READS_PER_SEC_NET,READ_COUNT,REQ_PER_SEC,REQ_PER_SEC_NET,TRANSACTIONS_PER_SEC,TRANSACTION_COUNT,WRITES_PER_SEC,WRITES_PER_SEC_NET,WRITE_COUNT
0,206028335350,0,957453.1871182334,1136335.304098271,47732918,928583.5934896807,1095701.155319821,9285.87549809751,478289,57902.587066174965,58180.07567234715,95715
1,201732371553,0,941870.7639452451,1113753.2777424771,46010002,914124.444085819,1074988.2761177523,9141.26717062571,461023,58175.50694842454,58474.79690407838,92121
