SLAVE_INDEX,DURATION,FAILURES,READS_PER_SEC,READS_PER_SEC_NET,READ_COUNT,REQ_PER_SEC,REQ_PER_SEC_NET,TRANSACTIONS_PER_SEC,TRANSACTION_COUNT,WRITES_PER_SEC,WRITES_PER_SEC_NET,WRITE_COUNT
0,194194065236,0,898230.1039720749,1054511.6447146025,42290742,872850.8556325199,1019567.9269178452,8728.517205887933,423757,57885.169029069635,58221.238109377155,84872
1,197550941218,0,905088.872338981,1066371.4682331283,43340938,879319.7487644885,1030632.0525918106,8793.209515694976,434277,57708.95823323586,58033.68251518301,86673
2,193513380189,0,885930.917275729,1038094.706149291,41575852,861110.1094779606,1004057.2903576726,8611.137079595268,416593,57425.93805859309,57774.986387567114,83230
3,198065145569,0,918293.950031444,1082951.574778449,44057457,891537.8800884676,1045772.542118336,8915.400943814679,441458,57310.46420957416,57613.95231650337,88188
4,195182913142,0,894053.4698519277,1050378.927222185,42310961,868835.623314144,1015598.4425895918,8688.354013077598,423955,57453.38828639625,57773.81249067645,84506
5,193934437796,0,881812.5971935892,1032863.0982837472,41473536,857122.3857356008,999054.295232602,8571.24115518882,415565,57080.88466405815,57464.72033531964,82851
