SLAVE_INDEX,DURATION,FAILURES,READS_PER_SEC,READS_PER_SEC_NET,READ_COUNT,REQ_PER_SEC,REQ_PER_SEC_NET,TRANSACTIONS_PER_SEC,TRANSACTION_COUNT,WRITES_PER_SEC,WRITES_PER_SEC_NET,WRITE_COUNT
0,311495227123,0,1022028.5073313707,1022615.1012406463,9940572,1021397.6083632514,1022014.9651945236,1023.2945017618127,9961,245636.3798951348,255347.2079512203,1943
