SLAVE_INDEX,DURATION,FAILURES,READS_PER_SEC,READS_PER_SEC_NET,READ_COUNT,REQ_PER_SEC,REQ_PER_SEC_NET,TRANSACTIONS_PER_SEC,TRANSACTION_COUNT,WRITES_PER_SEC,WRITES_PER_SEC_NET,WRITE_COUNT
0,235673698939,0,1.2738237631971406E7,3.893240402444478E7,93757183,1.2732978170706743E7,3.889620974536231E7,12732.185807325759,93783,4146494.682274866,6868929.240112531,18694
