SLAVE_INDEX,DURATION,FAILURES,READS_PER_SEC,READS_PER_SEC_NET,READ_COUNT,REQ_PER_SEC,REQ_PER_SEC_NET,TRANSACTIONS_PER_SEC,TRANSACTION_COUNT,WRITES_PER_SEC,WRITES_PER_SEC_NET,WRITE_COUNT
0,182453381727,0,2.0931545442143057E7,3.866078854282651E7,118620191,2.0808643939966865E7,3.865547680528598E7,20696.39456414548,118658,687341.4364793951,2.2940871445406217E7,23792
