SLAVE_INDEX,DURATION,FAILURES,READS_PER_SEC,READS_PER_SEC_NET,READ_COUNT,REQ_PER_SEC,REQ_PER_SEC_NET,TRANSACTIONS_PER_SEC,TRANSACTION_COUNT,WRITES_PER_SEC,WRITES_PER_SEC_NET,WRITE_COUNT
0,75102296385,0,741069.0530019082,746133.8733743272,6941785,739817.910695701,744967.789404426,7398.64464496703,69457,168931.18934096803,180454.91419435173,3468
