SLAVE_INDEX,DURATION,FAILURES,READS_PER_SEC,READS_PER_SEC_NET,READ_COUNT,REQ_PER_SEC,REQ_PER_SEC_NET,TRANSACTIONS_PER_SEC,TRANSACTION_COUNT,WRITES_PER_SEC,WRITES_PER_SEC_NET,WRITE_COUNT
0,271168158450,0,5534086.8444079645,4.395895147393303E7,46880108,5534985.318996254,4.391489325117409E7,55350.09175400598,469037,8205692.697115527,1.4593371248952476E7,23385
