SLAVE_INDEX,DURATION,FAILURES,READS_PER_SEC,READS_PER_SEC_NET,READ_COUNT,REQ_PER_SEC,REQ_PER_SEC_NET,TRANSACTIONS_PER_SEC,TRANSACTION_COUNT,WRITES_PER_SEC,WRITES_PER_SEC_NET,WRITE_COUNT
0,193486797091,0,5506965.8496226445,3.315323887979122E7,44373334,5506792.732213567,3.3118742437008854E7,55068.302849299915,443958,5180583.285472695,1.0738220983180843E7,22153
