SLAVE_INDEX,DURATION,FAILURES,READS_PER_SEC,READS_PER_SEC_NET,READ_COUNT,REQ_PER_SEC,REQ_PER_SEC_NET,TRANSACTIONS_PER_SEC,TRANSACTION_COUNT,WRITES_PER_SEC,WRITES_PER_SEC_NET,WRITE_COUNT
0,5347049275,0,1709197.4951230048,3075630.387354774,9119947,1706455.1925229826,3071134.700335167,17064.551925229825,91245,404968.99536736106,781876.5380368425,4553
