SLAVE_INDEX,DURATION,FAILURES,READS_PER_SEC,READS_PER_SEC_NET,READ_COUNT,REQ_PER_SEC,REQ_PER_SEC_NET,TRANSACTIONS_PER_SEC,TRANSACTION_COUNT,WRITES_PER_SEC,WRITES_PER_SEC_NET,WRITE_COUNT
0,197931903369,0,4876822.225129431,3.400296930422461E7,40187284,4875314.3054508455,3.3871184783454955E7,48751.45794701999,402079,3019975.158790643,3892958.088050605,20226
