SLAVE_INDEX,DURATION,FAILURES,READS_PER_SEC,READS_PER_SEC_NET,READ_COUNT,REQ_PER_SEC,REQ_PER_SEC_NET,TRANSACTIONS_PER_SEC,TRANSACTION_COUNT,WRITES_PER_SEC,WRITES_PER_SEC_NET,WRITE_COUNT
0,48480072925,0,6788594.8028920535,1.5562252131742453E7,41079792,6782257.289684141,1.5546929707015114E7,67822.7198941011,411010,2381168.308542216,5271336.883400506,20749
