SLAVE_INDEX,DURATION,FAILURES,READS_PER_SEC,READS_PER_SEC_NET,READ_COUNT,REQ_PER_SEC,REQ_PER_SEC_NET,TRANSACTIONS_PER_SEC,TRANSACTION_COUNT,WRITES_PER_SEC,WRITES_PER_SEC_NET,WRITE_COUNT
0,295584846276,0,2646868.6065036375,4.323346804904673E7,24444698,2647731.512153455,4.319078389760751E7,26473.75683921149,244575,7337964.547995299,1.471234094504931E7,12468
