SLAVE_INDEX,DURATION,FAILURES,READS_PER_SEC,READS_PER_SEC_NET,READ_COUNT,REQ_PER_SEC,REQ_PER_SEC_NET,TRANSACTIONS_PER_SEC,TRANSACTION_COUNT,WRITES_PER_SEC,WRITES_PER_SEC_NET,WRITE_COUNT
0,8491991835,0,187732.64851550822,1861987.877556194,1586723,186940.8297658826,1840681.8407770114,1869.408297658826,15875,19446.202680938095,75539.45084277527,777
