SLAVE_INDEX,DURATION,FAILURES,READS_PER_SEC,READS_PER_SEC_NET,READ_COUNT,REQ_PER_SEC,REQ_PER_SEC_NET,TRANSACTIONS_PER_SEC,TRANSACTION_COUNT,WRITES_PER_SEC,WRITES_PER_SEC_NET,WRITE_COUNT
0,248733677481,0,1.1298582142041655E7,7.356579046602978E7,87033671,1.1202635671290834E7,7.348913970460032E7,112027.47772245646,870786,624093.7361296217,2.386203357782368E7,43603
