SLAVE_INDEX,DURATION,FAILURES,READS_PER_SEC,READS_PER_SEC_NET,READ_COUNT,REQ_PER_SEC,REQ_PER_SEC_NET,TRANSACTIONS_PER_SEC,TRANSACTION_COUNT,WRITES_PER_SEC,WRITES_PER_SEC_NET,WRITE_COUNT
0,154847862715,0,831213.8123088483,837127.2976762214,8015634,828655.1054060507,834805.2936061553,8287.454788270328,80206,117653.37024857906,129519.50134595462,4083
