SLAVE_INDEX,DURATION,FAILURES,READS_PER_SEC,READS_PER_SEC_NET,READ_COUNT,REQ_PER_SEC,REQ_PER_SEC_NET,TRANSACTIONS_PER_SEC,TRANSACTION_COUNT,WRITES_PER_SEC,WRITES_PER_SEC_NET,WRITE_COUNT
0,123006977237,0,6562672.02949128,8401764.942988517,50123344,6522987.2485529985,8371942.196056198,65230.62283621825,501492,496387.2455588807,1030183.361496768,24965
