SLAVE_INDEX,DURATION,FAILURES,READS_PER_SEC,READS_PER_SEC_NET,READ_COUNT,REQ_PER_SEC,REQ_PER_SEC_NET,TRANSACTIONS_PER_SEC,TRANSACTION_COUNT,WRITES_PER_SEC,WRITES_PER_SEC_NET,WRITE_COUNT
0,8042181030,0,356609.6532811724,701124.4444932115,2827098,351703.34881158476,686019.2126228361,3517.0762095667096,28285,11915.703560707496,15026.540185942418,1364
