SLAVE_INDEX,DURATION,FAILURES,READS_PER_SEC,READS_PER_SEC_NET,READ_COUNT,REQ_PER_SEC,REQ_PER_SEC_NET,TRANSACTIONS_PER_SEC,TRANSACTION_COUNT,WRITES_PER_SEC,WRITES_PER_SEC_NET,WRITE_COUNT
0,251883209366,0,8486773.65531447,9933545.292403482,53245260,8459773.421831079,9916843.07233207,84600.25097122803,532738,1148576.997607471,2272350.4197286195,26612
