SLAVE_INDEX,DURATION,FAILURES,READS_PER_SEC,READS_PER_SEC_NET,READ_COUNT,REQ_PER_SEC,REQ_PER_SEC_NET,TRANSACTIONS_PER_SEC,TRANSACTION_COUNT,WRITES_PER_SEC,WRITES_PER_SEC_NET,WRITE_COUNT
0,208755210098,0,6096814.773294642,7317727.86618433,52571503,6047024.394779855,7246026.569096899,60470.83700044801,525987,349346.9236196411,352293.9353198704,26324
