SLAVE_INDEX,DURATION,FAILURES,READS_PER_SEC,READS_PER_SEC_NET,READ_COUNT,REQ_PER_SEC,REQ_PER_SEC_NET,TRANSACTIONS_PER_SEC,TRANSACTION_COUNT,WRITES_PER_SEC,WRITES_PER_SEC_NET,WRITE_COUNT
0,218841213735,0,618889.4015070652,619105.267670166,33743567,616768.9243555547,616984.648982803,61.72511003792086,3377,255.9598869903504,256.12159663071185,48
1,219009044007,0,616638.7584179322,616894.9975653192,33711038,615701.9341890287,615958.3752639017,61.60474604593059,3373,420.4771987318864,420.9176720811411,35
2,218738509371,0,640790.221060795,641064.001453683,34963641,639369.5760392784,639643.5463724507,63.98506395163642,3499,379.197791944447,379.5729844357872,46
3,216149540886,0,652658.745949222,652983.851376954,35206519,651522.124094048,651847.0578705334,65.17708571953042,3522,350.474558084041,350.77097893329557,33
4,218943059590,0,610496.3713966961,610754.2792780778,33358563,609447.8639783039,609705.8176204014,60.98387947269396,3338,340.2109438620526,340.51349850575497,32
5,218378525189,0,621715.3349964289,621935.0721507829,33887791,620717.0411224477,620936.9164263313,62.130642952846415,3392,307.8448584139404,308.10531013254325,27
