SLAVE_INDEX,DURATION,FAILURES,READS_PER_SEC,READS_PER_SEC_NET,READ_COUNT,REQ_PER_SEC,REQ_PER_SEC_NET,TRANSACTIONS_PER_SEC,TRANSACTION_COUNT,WRITES_PER_SEC,WRITES_PER_SEC_NET,WRITE_COUNT
0,184914871891,0,1308878.1410704027,7182183.930383136,60392173,1307033.0662342107,7178162.002169664,13070.358733241801,604226,343000.96481336094,3391522.844422847,30290
1,182323530321,0,1374488.2764164277,7441363.908405366,62471071,1371232.7945813371,7426351.0549819935,13712.349120933148,625021,237081.5264098942,1463368.781624488,30930
2,187393481475,0,1271458.8540318138,7568975.252292873,59452657,1269677.2274426308,7555245.786512862,12696.812343533877,594825,333290.8748649142,1629367.049669855,29652
3,183791832413,0,1365418.2226169684,7674446.879908853,62565558,1362345.6315368316,7659496.777222053,13623.456315368316,625970,248703.27811814577,1570745.9580811607,31442
4,183490606978,0,1364070.1042709656,8123341.456856041,62342004,1359694.2541582703,8108924.222824021,13596.989144167928,623730,181340.73883730228,1764718.8341949838,30777
5,193640424612,0,995745.6054800021,7446800.736488686,48077549,993627.2365934302,7430237.237644859,9936.272365934301,481016,189165.88365012984,1364291.03366502,24051
6,187164466382,0,1282771.479150354,7662738.09381805,59805739,1278779.057940979,7657209.124873426,12787.79057940979,598355,176277.47521019893,3125444.686161183,29761
7,187001942427,0,1273081.2220695629,7930994.406785272,59412960,1271490.535948945,7916059.780732763,12714.90535948945,594428,364556.5624197588,1666787.9007229512,29840
