SLAVE_INDEX,DURATION,FAILURES,READS_PER_SEC,READS_PER_SEC_NET,READ_COUNT,REQ_PER_SEC,REQ_PER_SEC_NET,TRANSACTIONS_PER_SEC,TRANSACTION_COUNT,WRITES_PER_SEC,WRITES_PER_SEC_NET,WRITE_COUNT
0,176994788740,0,1729205.426781983,8462165.102721356,76391637,1727282.6063206499,8448997.694775365,17272.84627337169,764301,537432.0972481475,2061686.4894247488,38368
1,174688987134,0,1737785.1574758005,8422636.083800633,75664248,1733415.2826000552,8408532.226558506,17334.165854324456,757022,287880.60397346155,1935779.7457421862,37892
2,177674987177,0,1753651.1020382158,8751015.844647538,77727799,1750766.885887625,8743038.612269277,17507.696548631426,777670,409836.6867619892,3107591.2811194584,39072
3,175808421807,0,1801818.9840005653,8536407.534489207,79002417,1798371.4133278877,8525193.381734177,17983.754729775803,790424,374761.7181003847,2362789.9036793346,39793
