SLAVE_INDEX,DURATION,FAILURES,READS_PER_SEC,READS_PER_SEC_NET,READ_COUNT,REQ_PER_SEC,REQ_PER_SEC_NET,TRANSACTIONS_PER_SEC,TRANSACTION_COUNT,WRITES_PER_SEC,WRITES_PER_SEC_NET,WRITE_COUNT
0,205066018618,0,961336.4667645887,1140957.0582999424,48877551,953880.9663261788,1130419.036224889,9538.866633137988,489025,58113.661103798964,58397.99258040349,24592
1,192533686836,0,898525.2122537368,1053976.3008493746,42914036,892011.1946242936,1044990.3550171701,8920.13023365065,429357,57696.966155813774,58037.089754722125,21515
