SLAVE_INDEX,DURATION,FAILURES,READS_PER_SEC,READS_PER_SEC_NET,READ_COUNT,REQ_PER_SEC,REQ_PER_SEC_NET,TRANSACTIONS_PER_SEC,TRANSACTION_COUNT,WRITES_PER_SEC,WRITES_PER_SEC_NET,WRITE_COUNT
0,193892729173,0,897428.6056389721,1054802.2379063694,43161896,890874.9736864998,1045722.7214801124,8908.769267948692,431837,57256.2188114491,57579.20644503375,21649
1,208040072339,0,967190.8448501893,1150283.1062791776,49885620,959635.3709908522,1139561.6192859367,9596.388641183134,499109,57923.62356509302,58217.19656601588,25033
2,193029918843,0,898369.3910799981,1054445.6724334387,43016325,891841.7260487953,1045430.1335643231,8918.439262650882,430382,57920.04181982298,58267.67174906717,21709
3,195314862013,0,909822.4406079102,1070475.8002106156,44074147,903080.7905865349,1061114.9519930626,9030.841439496995,440965,57306.41138571644,57615.21167816858,22128
4,192372417289,0,887974.9867180538,1040292.7647734942,42376107,881568.274651489,1031479.5013071347,8815.721417720093,423976,57284.76538267501,57637.39878138811,21248
5,201918392764,0,927631.5445476907,1096386.141533002,46453153,920697.3443835033,1086666.8194256865,9206.994396748352,464766,57844.86468975669,58142.18940789401,23279
