SLAVE_INDEX,DURATION,FAILURES,READS_PER_SEC,READS_PER_SEC_NET,READ_COUNT,REQ_PER_SEC,REQ_PER_SEC_NET,TRANSACTIONS_PER_SEC,TRANSACTION_COUNT,WRITES_PER_SEC,WRITES_PER_SEC_NET,WRITE_COUNT
0,194707768717,0,911127.3019711056,1071462.7246756875,44004248,904458.7853911563,1062216.8368005299,9044.59811000597,440264,57930.62594114926,58271.411250555626,22040
1,195973234736,0,915163.0771004035,1077848.1677328807,44485823,908448.4635865219,1068509.0180355755,9084.5137374856,445081,57543.74657229299,57874.10424654111,22073
2,192069976077,0,886738.5056808772,1038725.8938312358,42255732,880446.7384960032,1030070.4816710845,8804.511029610949,422771,57923.648549225356,58273.82091657617,21114
3,197065224680,0,924996.589496254,1090937.0689060176,45211264,918149.5329468091,1081387.5844454574,9181.498811392777,452339,58013.21009009586,58349.22387515432,22572
