SLAVE_INDEX,DURATION,FAILURES,READS_PER_SEC,READS_PER_SEC_NET,READ_COUNT,REQ_PER_SEC,REQ_PER_SEC_NET,TRANSACTIONS_PER_SEC,TRANSACTION_COUNT,WRITES_PER_SEC,WRITES_PER_SEC_NET,WRITE_COUNT
0,190461633542,0,996466.9204417535,998293.130851751,47368791,994917.0154429736,996737.3674299181,99.52646193629505,4739,58335.022297907606,,4589
1,192002907528,0,1029232.9022133874,1031120.6339857298,49337145,1027920.6004795433,1029803.7584389984,102.83162791845105,4936,58425.86915011081,58442.05663362878,3791
2,188801305078,0,1015503.0214904995,1017339.0189812189,47858198,1014027.418512313,1015858.2964972843,101.4398281453448,4788,58104.58932610653,58118.635424213004,4227
3,196058020335,0,1061122.4768718185,1063140.9675743312,51927337,1059520.9910059301,1061533.210726183,105.9888821774536,5195,58258.48020930202,,4560
4,191749445391,0,1026740.1384845674,1028615.9516034507,49125223,1024890.9956389581,1026759.8482875555,102.52948320929964,4915,58410.233427015926,,5347
5,192286244000,0,997173.7537759804,998991.5429977124,47845125,995399.816536018,997210.9422571182,99.60136555242032,4788,58328.33373565718,58328.49138779219,5298
6,192311635262,0,1032780.4751774622,1034661.434912134,49556510,1030868.8589221986,1032743.0299959201,103.14493646935128,4959,58405.35578278727,58416.37780612612,5509
7,190441757231,0,990333.6194248514,992153.4154277889,47068865,988725.4073779861,990539.1076427895,98.90673434003453,4709,58260.87502198097,,4786
