SLAVE_INDEX,DURATION,FAILURES,READS_PER_SEC,READS_PER_SEC_NET,READ_COUNT,REQ_PER_SEC,REQ_PER_SEC_NET,TRANSACTIONS_PER_SEC,TRANSACTION_COUNT,WRITES_PER_SEC,WRITES_PER_SEC_NET,WRITE_COUNT
0,192924520312,0,1029705.3919989814,1031726.2611856135,49562920,1027730.9886755086,1029744.2417350673,102.83800062031958,4960,58221.09212342688,58231.2576391538,5707
1,190383207392,0,1016136.0328048363,1017982.7831777143,48288044,1014635.3486012185,1016476.8605252448,101.52141278225386,4832,58193.07927237219,58207.05254705054,4339
