SLAVE_INDEX,DURATION,FAILURES,READS_PER_SEC,READS_PER_SEC_NET,READ_COUNT,REQ_PER_SEC,REQ_PER_SEC_NET,TRANSACTIONS_PER_SEC,TRANSACTION_COUNT,WRITES_PER_SEC,WRITES_PER_SEC_NET,WRITE_COUNT
0,157467715058,0,2953046.0819163895,4432564.983816705,116240097,2952749.951497934,4432493.394055526,295.29861105619614,11625,144547.60124159162,1073512.3355513292,600
1,148419846354,0,3376838.276432421,4566283.986263676,125283198,3376471.2220812384,4566227.490864453,337.6353333183224,12530,150881.3740200631,1329964.9240020043,637
2,161013189710,0,3001184.5901101017,4477312.575939708,120795097,3000889.733755713,4477254.597545254,300.14929633995314,12082,146704.97029224352,1256139.7692306505,610
3,148572559117,0,3236692.879518862,4367379.388933198,120206332,3236316.496516365,4367315.731552546,323.66668753956037,12022,138297.03710233577,1146930.7425687297,624
4,149653601216,0,3327483.3208473613,4519278.07927514,124479652,3327157.836190884,4519224.170636164,332.7684395958585,12450,165160.293128358,1355212.7747981565,636
5,179165326591,0,2511505.3574755844,4541400.330197286,112483748,2511296.223220245,4541337.977619252,251.1646607403009,11250,140239.6553952208,1198972.649248018,554
