SLAVE_INDEX,DURATION,FAILURES,READS_PER_SEC,READS_PER_SEC_NET,READ_COUNT,REQ_PER_SEC,REQ_PER_SEC_NET,TRANSACTIONS_PER_SEC,TRANSACTION_COUNT,WRITES_PER_SEC,WRITES_PER_SEC_NET,WRITE_COUNT
0,223015790705,0,459493.26235322485,463622.9168451054,25513780,458071.1512716648,462337.5544353048,4580.75104985729,255395,111800.06699518704,122490.6270227454,25495
