SLAVE_INDEX,DURATION,FAILURES,READS_PER_SEC,READS_PER_SEC_NET,READ_COUNT,REQ_PER_SEC,REQ_PER_SEC_NET,TRANSACTIONS_PER_SEC,TRANSACTION_COUNT,WRITES_PER_SEC,WRITES_PER_SEC_NET,WRITE_COUNT
0,224994108316,0,405418.69334185566,409591.89405259956,17111428,304515.2093661635,306874.8704967729,3045.1815245281987,171287,1218.0842709512974,1218.2995873774184,17104
1,225275363518,0,391431.162359464,395356.0740511155,16677701,296426.6263171042,298682.32002468436,2964.3001413714665,166946,1218.1427578402104,1218.351206684399,16703
2,226400449767,0,397459.99199085485,401434.38160552597,17048256,301503.3232939699,303794.6455333377,3015.0643347755904,170653,1230.4571221309513,1230.6578945597896,16866
3,226158663501,0,406629.35864736285,410750.39888540294,17270485,305763.90455055126,308098.49083175266,3057.675988540571,172880,1230.0812282800891,1230.282475604698,17304
