SLAVE_INDEX,DURATION,FAILURES,READS_PER_SEC,READS_PER_SEC_NET,READ_COUNT,REQ_PER_SEC,REQ_PER_SEC_NET,TRANSACTIONS_PER_SEC,TRANSACTION_COUNT,WRITES_PER_SEC,WRITES_PER_SEC_NET,WRITE_COUNT
0,222786750996,0,446627.1514077051,450979.7145418752,22193415,398872.8575766855,402353.9283779501,3988.7460428776485,222160,3743.542387819952,3744.9690822012712,22482
1,220141547305,0,446499.53474551777,450904.59177094884,22061305,401251.1272014383,404815.6936760062,4012.5634092964547,220833,3858.2150250194077,3859.524769393854,21706
