SLAVE_INDEX,DURATION,FAILURES,READS_PER_SEC,READS_PER_SEC_NET,READ_COUNT,REQ_PER_SEC,REQ_PER_SEC_NET,TRANSACTIONS_PER_SEC,TRANSACTION_COUNT,WRITES_PER_SEC,WRITES_PER_SEC_NET,WRITE_COUNT
0,228383564680,0,378678.91763225704,382757.45876614895,14002119,245477.15628553522,247191.52646348477,2454.8170923984035,140160,676.8503864803536,676.9168513574062,13618
1,228462072776,0,377053.61242446164,380975.4301267112,13868991,243068.8093005591,244698.9843850459,2430.7401442708656,138833,689.0285554404728,689.0914688200203,14010
2,227932522748,0,378788.122021363,382729.01550014707,13847310,243255.62377642974,244883.66600897588,2432.6142919652584,138618,693.0785634577006,693.1605862919769,14157
3,227376722176,0,369645.8556785507,373646.425367287,13696878,241195.19128941285,242901.22356887793,2411.9791215730515,137107,690.4958848476895,690.5837225547506,13665
4,227064000191,0,381944.5709666739,386043.7507909212,14039699,247569.21375785806,249292.53465507473,2475.724310187925,140537,690.4901143751177,690.5625004379842,13815
5,225896669530,0,372402.6718727824,376382.822644091,13580150,240706.85111530073,242371.13757482113,2407.0995358762843,135939,678.1834463543802,678.2569618032721,13569
