SLAVE_INDEX,DURATION,FAILURES,READS_PER_SEC,READS_PER_SEC_NET,READ_COUNT,REQ_PER_SEC,REQ_PER_SEC_NET,TRANSACTIONS_PER_SEC,TRANSACTION_COUNT,WRITES_PER_SEC,WRITES_PER_SEC_NET,WRITE_COUNT
0,234518830935,0,82557.13387312462,4575457.807707446,4838329,82604.88048130053,4500381.387367243,826.0488048130053,48431,199773.80254243882,255122.74139037615,4771
1,240100911161,0,952.0278134291452,4829209.95536414,57145,952.932660245416,4727987.298080278,9.529326602454159,572,76288.31016885031,207568.51412079166,55
2,240007036382,0,1014.1125644516793,2647851.3204155643,60848,1014.9702428402197,2625462.483138059,10.149702428402197,609,98056.96355298093,240996.24138554302,52
3,240150422877,0,1795.4167047716876,3424217.358733006,107790,1797.2069123569956,3372774.608577433,17.97206912356996,1079,78364.4345151165,214534.20479727737,110
4,206141611300,0,546834.344153642,4909309.731696839,28159010,546947.6603436251,4887940.286591917,5469.48247600764,281872,689919.3642960762,913122.1420850547,28158
5,239996891275,0,1878.100537256175,4317902.165231626,112682,1880.0243519945986,4241630.17880765,18.800243519945987,1128,86144.33995184678,237386.336203428,118
