SLAVE_INDEX,DURATION,FAILURES,READS_PER_SEC,READS_PER_SEC_NET,READ_COUNT,REQ_PER_SEC,REQ_PER_SEC_NET,TRANSACTIONS_PER_SEC,TRANSACTION_COUNT,WRITES_PER_SEC,WRITES_PER_SEC_NET,WRITE_COUNT
0,239880716803,0,10670.72567099091,4303812.72036824,639852,10680.308255473577,4246974.539134013,106.80308255473577,6405,94293.80939677828,302482.1743240247,648
1,236731775637,0,49917.55903784417,4390851.541783639,2953252,49950.20194556359,4313752.496535283,499.5020194556359,29562,144825.75835173746,232043.1749858402,2948
2,240910742292,0,673.4165108949248,1073792.5102879743,40558,674.108586669665,1070031.8659311216,6.7410858666966496,406,88975.9817811085,244189.95071142126,42
3,241315456664,0,296.27744301501775,640706.5967857725,17874,296.70706132882975,639361.3644357277,2.967070613288297,179,94384.65741091994,261668.79272560755,26
4,240783661502,0,672.1604098698634,1267095.6903002174,40461,672.803125384213,1262147.2715196344,6.72803125384213,405,84249.22866050748,249849.84984984985,39
5,240385984083,0,1240.2048951978913,1894625.9077592285,74531,1241.3369320940485,1884402.6339452527,12.413369320940486,746,88352.90969180201,275962.745029421,69
