SLAVE_INDEX,DURATION,FAILURES,READS_PER_SEC,READS_PER_SEC_NET,READ_COUNT,REQ_PER_SEC,REQ_PER_SEC_NET,TRANSACTIONS_PER_SEC,TRANSACTION_COUNT,WRITES_PER_SEC,WRITES_PER_SEC_NET,WRITE_COUNT
0,145654874481,0,3911956.6255426253,8408672.971767472,142023964,3904206.6942578014,8378497.085836311,39041.98639473074,1421669,1313916.5824263731,1832903.7507976252,142720
