SLAVE_INDEX,DURATION,FAILURES,READS_PER_SEC,READS_PER_SEC_NET,READ_COUNT,REQ_PER_SEC,REQ_PER_SEC_NET,TRANSACTIONS_PER_SEC,TRANSACTION_COUNT,WRITES_PER_SEC,WRITES_PER_SEC_NET,WRITE_COUNT
0,237857501920,0,33296.07953199508,4986782.355120234,1959518,32984.454712043334,4909100.565789608,329.84454712043333,19614,3069.834195372041,285095.18725391227,1882
1,203695784697,0,640838.3466991372,5174119.542933118,32162467,632199.2386418618,5166820.238169783,6321.767859046846,321941,42962.15099763211,2121676.3572079362,31613
2,240144429504,0,1657.8103857891115,5853728.109845151,94111,1569.0557585626768,5759992.750480462,15.690557585626768,942,27.23499872080271,321203.9735457851,89
3,240088310022,0,2049.0071704052507,5493074.596709299,121806,2030.9193727729592,5435835.320722367,20.309193727729593,1219,163.27204437319037,374816.330029766,94
