SLAVE_INDEX,DURATION,FAILURES,READS_PER_SEC,READS_PER_SEC_NET,READ_COUNT,REQ_PER_SEC,REQ_PER_SEC_NET,TRANSACTIONS_PER_SEC,TRANSACTION_COUNT,WRITES_PER_SEC,WRITES_PER_SEC_NET,WRITE_COUNT
0,239319994640,0,13092.09952944734,4773759.659678915,777263,13003.510236080623,4703340.57893126,130.03510236080623,7780,1598.2113963039835,284066.87404447823,737
1,240318347816,0,556.4662932226795,5251838.110982007,32462,540.9491251143863,5173731.310542357,5.409491251143863,325,21.79375535423999,377511.25703797716,38
2,226822854111,0,205240.9180851834,5110116.651939303,11464631,202381.72286437958,5092250.860862874,2023.8172286437957,114762,13669.59627605672,1140578.6053027688,11569
3,240414123973,0,1094.647735976056,5448465.641351167,62555,1041.5361454725576,5391583.565798722,10.415361454725575,626,15.216618529110928,347557.4435219154,45
