SLAVE_INDEX,DURATION,FAILURES,READS_PER_SEC,READS_PER_SEC_NET,READ_COUNT,REQ_PER_SEC,REQ_PER_SEC_NET,TRANSACTIONS_PER_SEC,TRANSACTION_COUNT,WRITES_PER_SEC,WRITES_PER_SEC_NET,WRITE_COUNT
0,240229647043,0,2372.1334875672387,4421854.092704721,142463,2374.3946969955005,4357817.624186438,23.743946969955005,1426,271358.05794782005,,137
1,235980925690,0,60724.76866504748,4947422.003224225,3517782,59689.570073573515,4908275.804890676,596.8957007357352,35214,3396.242983455163,564606.3671072003,3618
2,240242357365,0,3890.3321324667613,5132694.492779265,229931,3832.7962233613507,5022892.892613103,38.327962233613505,2302,280.9665289749457,260448.24692430228,269
3,240185091422,0,4577.722982992291,5115952.005361319,273430,4558.15135534978,5049422.001915487,45.58151355349779,2737,855.2327626431098,356355.31660685065,270
4,240547008186,0,2329.0784862464484,4458679.398120932,137469,2288.1182524390824,4386451.440559985,22.881182524390827,1376,117.6113898820268,243700.41405816533,131
5,239986755145,0,2743.772897248305,5053358.06248368,161963,2701.815771492209,4977219.854255888,27.01815771492209,1621,141.618693840217,264573.89360556763,137
6,213263893391,0,432068.0079054754,5048491.58875688,22638180,425027.93397761934,5031048.711349085,4250.283096284076,226608,24535.648499956555,1127731.7805886983,22598
7,239954771223,0,5137.769771385376,5118149.310731337,303894,5070.955638007202,5038007.560423009,50.709556380072016,3042,364.4236978959509,304400.67883340927,306
