SLAVE_INDEX,DURATION,FAILURES,READS_PER_SEC,READS_PER_SEC_NET,READ_COUNT,REQ_PER_SEC,REQ_PER_SEC_NET,TRANSACTIONS_PER_SEC,TRANSACTION_COUNT,WRITES_PER_SEC,WRITES_PER_SEC_NET,WRITE_COUNT
0,148551209140,0,3098134.4500785805,7608666.313616883,114779871,3093748.658530778,7592509.353670262,30937.529886350832,1148952,1283174.3948302094,2436169.459211369,115155
