SLAVE_INDEX,DURATION,FAILURES,READS_PER_SEC,READS_PER_SEC_NET,READ_COUNT,REQ_PER_SEC,REQ_PER_SEC_NET,TRANSACTIONS_PER_SEC,TRANSACTION_COUNT,WRITES_PER_SEC,WRITES_PER_SEC_NET,WRITE_COUNT
0,240014891869,0,1671.5353702659916,4911248.053724048,100296,1673.2295103555202,4776907.136758735,16.732295103555202,1004,74122.97464762632,174470.15176386808,104
1,235903567401,0,59997.97381629291,4811480.931736928,3537743,60046.06100729935,4770808.371373057,600.4656595386656,35413,306234.8087304444,503304.0297036425,3527
2,240055407988,0,1862.8490020864572,5072375.291705591,111794,1864.5695331403442,4933574.642008317,18.64569533140344,1119,71953.39727795546,165224.8460759099,106
3,239989134916,0,1460.2952940093207,3329190.2434989056,87612,1461.7328410420978,3268313.1561269094,14.617328410420978,877,73386.58447369206,170178.2859275611,88
4,240023516820,0,3198.0812183587773,4964274.658665534,191895,3201.352976492897,4828795.507737102,32.013529764928975,1921,75571.84384792659,181901.50964943142,205
5,240215121974,0,590.4595814299266,2055242.7266061746,35459,591.1368061806265,2031877.292927021,5.911368061806265,355,73339.35550805391,187576.48888838055,41
6,240069085476,0,1556.3383762671479,4840852.84886626,93405,1557.884886587737,4693629.602596406,15.57884886587737,935,67739.10746238964,151887.29962367922,95
7,208130447433,0,519267.45437181037,4895273.923068377,26996391,519355.5740315065,4871810.602364276,5193.568276340504,270235,625316.2423968471,841994.8579172217,27036
