SLAVE_INDEX,DURATION,FAILURES,READS_PER_SEC,READS_PER_SEC_NET,READ_COUNT,REQ_PER_SEC,REQ_PER_SEC_NET,TRANSACTIONS_PER_SEC,TRANSACTION_COUNT,WRITES_PER_SEC,WRITES_PER_SEC_NET,WRITE_COUNT
0,204834737601,0,590095.9542366818,5261505.947436299,29666814,579916.206553727,5241807.588409474,5799.172348770865,296968,32042.814827264134,1112746.3303990776,29932
1,197087051850,0,734508.8830218526,5014333.84820809,35563535,722507.1290242652,4999091.046876091,7225.071290242652,355992,41779.47975495973,1240100.741104057,35665
2,201517171828,0,602674.6399243008,5522903.375673858,30005303,596182.9600434422,5501794.117590509,5961.833570892821,300353,50596.62010349085,1139972.9126644514,29973
3,204887523136,0,592173.6268724395,5185017.882637945,29946486,585236.222121773,5163357.847558135,5852.36222121773,299769,46687.90381936903,1009806.8702028135,30414
