SLAVE_INDEX,DURATION,FAILURES,READS_PER_SEC,READS_PER_SEC_NET,READ_COUNT,REQ_PER_SEC,REQ_PER_SEC_NET,TRANSACTIONS_PER_SEC,TRANSACTION_COUNT,WRITES_PER_SEC,WRITES_PER_SEC_NET,WRITE_COUNT
0,230918589645,0,149259.0489452402,5104570.02085111,8602842,149170.0951965599,5015501.23207575,1491.7117868539551,86116,93838.19454752497,274612.92999584245,8695
1,229974203060,0,151217.87805767998,5589674.066069451,8671413,150973.45501374165,5456174.783025054,1509.7345501374166,86800,57355.22672797649,217221.91335775005,8587
2,237920624568,0,147193.92783948418,5642834.881093102,8741582,147112.92921138208,5520131.470085018,1471.129292113821,87503,94803.08630697138,242070.53776644697,8718
3,233171046411,0,141160.52449994025,5099943.044536912,8215059,141070.68826212647,4992016.644073343,1410.7068826212644,82234,86716.53193007111,228543.45707872842,8341
4,234114233912,0,153206.385605224,5258168.32726546,8953989,153137.20742616648,5182002.082713409,1531.3720742616647,89629,105342.03173694396,333136.32456368126,8911
5,231546757694,0,157511.19027543333,5140079.431611398,9098562,157336.68811784885,5042085.444672359,1573.3668811784887,91077,74812.14761223488,252326.2743576192,9138
6,236425950803,0,136110.37663467968,5033257.037472759,8032773,136039.2964087083,4935032.322739229,1360.4090272210499,80409,89365.77387324955,240533.6066767781,8032
7,236269090201,0,152773.47354431837,5330363.355068272,9010292,152693.69331937822,5245271.591855483,1526.9369331937821,90192,99916.74791422037,305901.89510224643,8908
