SLAVE_INDEX,DURATION,FAILURES,READS_PER_SEC,READS_PER_SEC_NET,READ_COUNT,REQ_PER_SEC,REQ_PER_SEC_NET,TRANSACTIONS_PER_SEC,TRANSACTION_COUNT,WRITES_PER_SEC,WRITES_PER_SEC_NET,WRITE_COUNT
0,229559511274,0,153631.0935402887,4550825.926350557,8724207,152169.72629944963,4490223.762300922,1521.7316616937683,87332,14581.764306686866,316000.41703431954,8795
1,229766608328,0,145318.34537680243,4557269.5134267155,8295024,144551.95313927846,4489948.529685346,1445.5710982567632,83036,23002.836367947468,284159.3769595432,8279
2,230096881062,0,144535.23135379062,4588037.544853287,8243079,143442.22245718568,4534671.728632575,1434.456527516872,82516,16896.197087019595,362199.38318833266,8323
3,233054939395,0,115686.93762376926,4256781.6387749035,6696324,115044.1525487583,4194297.4693031805,1150.4754466564566,67031,17283.782346143445,263084.5519874652,6578
4,230049433107,0,146163.23834048933,4663923.053663016,8321367,144833.2540967525,4600227.897423405,1448.3668989196535,83299,14362.074564744751,314338.01470068574,8335
5,229572218230,0,149888.50575109478,4530524.776170984,8528864,148753.26057871146,4467951.556847483,1487.601447407576,85378,17369.490082872857,302022.0224096627,8540
