SLAVE_INDEX,DURATION,FAILURES,READS_PER_SEC,READS_PER_SEC_NET,READ_COUNT,REQ_PER_SEC,REQ_PER_SEC_NET,TRANSACTIONS_PER_SEC,TRANSACTION_COUNT,WRITES_PER_SEC,WRITES_PER_SEC_NET,WRITE_COUNT
0,256465132566,0,126565.67323503153,5408689.088522535,8037732,125487.62351434972,5340720.561441321,1254.8762351434973,80458,13229.060125854454,395041.2771741289,8068
1,250104949616,0,151779.94329501537,5419664.0940180365,9390578,150335.28947639282,5342613.901004907,1503.3528947639281,93999,14198.512114352892,348703.38972462906,9322
2,229721506415,0,187368.30805513303,5749556.4192921445,10584396,184487.73326184615,5699109.765175335,1844.8773326184614,105952,11486.42452162137,593925.4003804965,10804
3,226795527566,0,198714.15220257198,5042359.143729852,11067986,195404.206051212,4985896.860131283,1954.0420605121203,110792,11204.409342127703,413705.84136766044,11214
4,232342391109,0,147059.88153053747,5386106.080089703,8424072,145173.6802698913,5306389.053058894,1451.736802698913,84325,10504.532961170078,335983.60266072064,8428
5,257637870241,0,127051.28728146022,4964795.690827541,8084853,125649.22994324761,4920549.1452804655,1256.492299432476,80930,10513.53733138983,499848.8244134829,8147
