SLAVE_INDEX,DURATION,FAILURES,READS_PER_SEC,READS_PER_SEC_NET,READ_COUNT,REQ_PER_SEC,REQ_PER_SEC_NET,TRANSACTIONS_PER_SEC,TRANSACTION_COUNT,WRITES_PER_SEC,WRITES_PER_SEC_NET,WRITE_COUNT
0,215491204687,0,369688.5390721882,5069703.162411437,19865953,369124.94927825994,5024934.816653328,3691.250391688976,198858,146110.59838873192,510600.50931513007,19842
1,213170557781,0,372509.09765201283,4867687.316652139,19785053,371626.3860480497,4837624.53118898,3716.2914510847218,198051,110728.7506043462,677449.9565464947,19898
2,214736795494,0,369785.6481003356,4818107.130563158,19793993,369080.66834877623,4786885.128606019,3690.8066834877623,198138,127041.25763135478,640310.3179079953,19807
3,216241224447,0,372690.34246967547,4941292.469578764,20089062,371977.2869659957,4903815.526527663,3719.790064366694,201093,127913.0786435074,572624.3462764941,20144
