SLAVE_INDEX,DURATION,FAILURES,READS_PER_SEC,READS_PER_SEC_NET,READ_COUNT,REQ_PER_SEC,REQ_PER_SEC_NET,TRANSACTIONS_PER_SEC,TRANSACTION_COUNT,WRITES_PER_SEC,WRITES_PER_SEC_NET,WRITE_COUNT
0,232562822073,0,105117.66070790282,4420357.861998617,6051237,104180.05674352737,4350080.949921257,1041.8345556601123,60573,10210.929965895955,249957.16047515,5865
1,232519964314,0,94905.89139983236,4302235.483038756,5445705,93774.34778269127,4240163.0603185315,937.777494078071,54513,7196.586224318385,272536.4428174345,5397
2,235284594434,0,66447.99860638798,4072872.5715964236,3865640,65784.21352759565,4017224.8522387696,657.8925863698398,38698,5982.357765231858,273795.55250913015,3863
3,232926662169,0,99506.93399616372,4487166.540720331,5744242,98745.27795925761,4417909.420485033,987.4867264284577,57503,11612.858110434423,273900.7980620911,5860
4,233231912492,0,94343.9000076245,4266644.4157470325,5451466,93590.0913677442,4219366.2488194285,935.9610223272838,54574,10633.102801852538,356973.94852653693,5583
5,233191508068,0,95376.20531299012,4509759.531443475,5516775,94725.64495598465,4440560.902647808,947.3242923190758,55227,12135.117894053072,272255.5493303518,5529
6,233797906428,0,101706.47214376823,4138294.9822376827,5881308,100722.93785595574,4085166.426826387,1007.2801239220546,58875,9459.452913976887,295845.33777859143,5895
7,233079731520,0,97231.6349234588,4503431.9091559565,5622605,96590.1575962138,4444189.090121268,965.9355173337285,56285,12859.380428516302,317822.29524516896,5697
