SLAVE_INDEX,DURATION,FAILURES,READS_PER_SEC,READS_PER_SEC_NET,READ_COUNT,REQ_PER_SEC,REQ_PER_SEC_NET,TRANSACTIONS_PER_SEC,TRANSACTION_COUNT,WRITES_PER_SEC,WRITES_PER_SEC_NET,WRITE_COUNT
0,205078228601,0,602362.1735746986,5458944.39333513,30805541,601456.4141763732,5428824.308177709,6014.582823037224,308365,240497.9475600627,834267.6202153914,30863
1,202206212146,0,625615.1778095816,5848210.036891014,31540675,624546.0545436471,5820641.446549348,6245.46583629703,315718,228500.15293227645,1006835.3787732469,31098
