SLAVE_INDEX,DURATION,FAILURES,READS_PER_SEC,READS_PER_SEC_NET,READ_COUNT,REQ_PER_SEC,REQ_PER_SEC_NET,TRANSACTIONS_PER_SEC,TRANSACTION_COUNT,WRITES_PER_SEC,WRITES_PER_SEC_NET,WRITE_COUNT
0,219127493257,0,326260.3165706173,5256636.152484815,17622424,321998.8462024995,5228901.054819657,3219.9884620249954,176397,22480.489991661718,819319.2695144595,17276
1,218945460561,0,323061.66273363656,5362476.407211115,17309791,316557.3737971608,5269416.859023213,3165.573737971608,173272,15060.864058303458,288656.9783083583,17409
2,218610169740,0,331740.370994466,5315837.70987559,17819317,326370.909847682,5282201.796832699,3263.70909847682,178370,18853.918764531354,716107.5563338889,17683
3,214009754558,0,394605.33926128753,5344702.670264438,20817196,389477.4804641454,5331963.454240599,3894.8124387268467,208382,27807.359678052944,1574891.3599255797,20799
4,220497461882,0,321855.53350625955,5405814.849035632,17472162,317275.3074021255,5369669.982456456,3172.753074021255,174896,20793.255755311427,697414.7461665085,17438
5,218792678322,0,328845.3491013749,5112905.76281427,17713581,324164.3575276275,5086273.675346145,3241.644062580028,177312,21168.563083201214,815415.0285905589,17616
