SLAVE_INDEX,DURATION,FAILURES,READS_PER_SEC,READS_PER_SEC_NET,READ_COUNT,REQ_PER_SEC,REQ_PER_SEC_NET,TRANSACTIONS_PER_SEC,TRANSACTION_COUNT,WRITES_PER_SEC,WRITES_PER_SEC_NET,WRITE_COUNT
0,214011496160,0,405236.02460617176,5179259.8512018565,21578246,403712.8731411977,5154956.955280482,4037.0100531878857,215998,84758.78395015761,904720.3689754666,21553
1,214797393497,0,398394.0224817667,5347211.528374684,21338848,397777.2849519859,5309921.257727746,3977.776257236306,213604,156969.7746417793,671215.8348708674,21533
2,214088556964,0,406138.411347773,5232094.802011525,21660478,405105.2575153925,5193016.311498808,4051.0525751539253,216821,114166.46112092372,612218.9048409811,21622
3,214939959083,0,404044.8270093849,5314648.817930144,21633944,403007.2973380924,5274960.832127084,4030.074106141158,216556,113011.54293969469,623336.1563511585,21649
