SLAVE_INDEX,DURATION,FAILURES,READS_PER_SEC,READS_PER_SEC_NET,READ_COUNT,REQ_PER_SEC,REQ_PER_SEC_NET,TRANSACTIONS_PER_SEC,TRANSACTION_COUNT,WRITES_PER_SEC,WRITES_PER_SEC_NET,WRITE_COUNT
0,214613475784,0,432165.4487359289,5173039.720323919,22765945,424744.1576862803,5147196.023683592,4247.44981801499,227890,23609.75214736147,866115.003604625,23010
1,214816520753,0,422124.3718974408,5577693.908370141,22178580,413399.9735621349,5551327.187107165,4134.002135774499,222013,19511.262509147542,988243.3382743325,22706
2,213485901243,0,454606.9663556834,4590597.228220636,23897024,448196.52933936956,4580952.142571735,4481.981949162444,239210,29667.033850859716,1476763.1905491608,23886
3,212004781736,0,446436.5247362408,5468123.325994233,23279946,439671.2151335964,5447307.739022774,4396.712151335963,233031,27079.26389298073,1128409.3701936663,23154
4,212759770799,0,457105.93971545843,5626075.35046748,24023029,452107.63124422444,5597205.6297270395,4521.079993150897,240476,38641.78513569693,929572.7477290074,24550
5,213048199730,0,464037.8162466363,6101463.876588657,24256039,455856.99444107665,6081844.4963783175,4558.573834772517,242799,24070.94808906328,1423728.5817544067,23839
