SLAVE_INDEX,DURATION,FAILURES,READS_PER_SEC,READS_PER_SEC_NET,READ_COUNT,REQ_PER_SEC,REQ_PER_SEC_NET,TRANSACTIONS_PER_SEC,TRANSACTION_COUNT,WRITES_PER_SEC,WRITES_PER_SEC_NET,WRITE_COUNT
0,195337192749,0,1557665.0004039605,9887083.09559601,75142637,1540267.942657532,9872896.863098709,15402.717228362419,752181,126768.69318200702,4058821.4453442297,75267
1,196916164754,0,1475694.1124530525,1.052854018281938E7,71423199,1452291.3157346104,1.0509062996540686E7,14522.83930128827,714950,86469.51990135055,3697063.8463876415,71710
2,202154745255,0,1406611.226042616,9978459.63666628,70735615,1401041.5617141929,9963617.992108036,14010.415617141927,708068,283919.92738526,4020865.118346936,71185
3,195592271512,0,1498003.5513435407,1.2919479416463573E7,72404423,1482210.7323510146,1.2889280993956242E7,14822.13863135283,724774,129082.07189667637,3877457.734809458,72818
