SLAVE_INDEX,DURATION,FAILURES,READS_PER_SEC,READS_PER_SEC_NET,READ_COUNT,REQ_PER_SEC,REQ_PER_SEC_NET,TRANSACTIONS_PER_SEC,TRANSACTION_COUNT,WRITES_PER_SEC,WRITES_PER_SEC_NET,WRITE_COUNT
0,203068871981,0,1219089.8033627463,1.0263357323608963E7,60893634,1200664.6494929693,1.0249862669824718E7,12006.682997038293,609546,74369.3829464451,4422785.145417075,60770
1,199985297055,0,1302352.2358061962,1.029184025269788E7,64229937,1285980.5785085843,1.0278251695886979E7,12859.84421129929,642945,94945.14748959026,4434959.066978045,64365
2,200239607071,0,1374960.0720655727,1.0669231125039214E7,68132371,1362381.398917103,1.0654818057861028E7,13623.677952072954,682008,134557.91727887944,4538934.932419486,68308
3,184856287191,0,1943205.5433562174,1.0749896167807467E7,88779929,1922982.0602894097,1.0736711887671024E7,19229.83409816665,888689,168786.4371597856,4825982.003156278,88902
4,201224647339,0,1247195.6631197021,1.0186525160581242E7,62009798,1233879.7025282632,1.0171926122316554E7,12338.826152647876,620719,105583.0993268904,4178304.9872977105,61954
5,200441851634,0,1305836.382873853,1.0233471459879417E7,64594012,1290319.0720481707,1.0221541186407495E7,12903.192987410304,646585,99984.71842272783,4714778.531589341,64474
