SLAVE_INDEX,DURATION,FAILURES,READS_PER_SEC,READS_PER_SEC_NET,READ_COUNT,REQ_PER_SEC,REQ_PER_SEC_NET,TRANSACTIONS_PER_SEC,TRANSACTION_COUNT,WRITES_PER_SEC,WRITES_PER_SEC_NET,WRITE_COUNT
0,203479505189,0,620867.1013023163,5481397.91112687,31466920,619199.4613067852,5452397.440528949,6191.994613067852,314986,168814.90044185874,871669.2811356783,31680
1,203843488955,0,604542.8947259004,5634371.040524895,30730976,603634.1932273516,5603894.126736305,6036.356581841248,307618,241237.47568051028,874797.0822619713,30749
