SLAVE_INDEX,DURATION,FAILURES,READS_PER_SEC,READS_PER_SEC_NET,READ_COUNT,REQ_PER_SEC,REQ_PER_SEC_NET,TRANSACTIONS_PER_SEC,TRANSACTION_COUNT,WRITES_PER_SEC,WRITES_PER_SEC_NET,WRITE_COUNT
0,187221323040,0,999080.2560455956,5141349.606659738,46031208,984441.2004321876,5129427.184812007,9844.314459588115,460772,62710.21103620117,1542144.3547835364,45888
1,199267793729,0,704145.0916908418,5190837.205942403,34520289,693633.4738968138,5173160.897562068,6936.35393372878,345548,43421.82495552148,1171509.5176212373,34414
