SLAVE_INDEX,DURATION,FAILURES,READS_PER_SEC,READS_PER_SEC_NET,READ_COUNT,REQ_PER_SEC,REQ_PER_SEC_NET,TRANSACTIONS_PER_SEC,TRANSACTION_COUNT,WRITES_PER_SEC,WRITES_PER_SEC_NET,WRITE_COUNT
0,207590887536,0,1141347.3319403445,1.1119811590344992E7,58588189,1130053.4757784975,1.1094309258408042E7,11300.552890161887,586473,104401.30756198001,3385566.495628014,59012
1,202285542454,0,1173881.348591325,9105903.06011315,58894552,1165748.007194456,9091245.670679478,11657.500504909869,589536,147130.09577256226,3485350.094591272,58940
2,204676616348,0,1198756.5882606064,1.046945751069948E7,60722237,1187879.2230306272,1.0449592219561422E7,11878.796642307012,607828,117594.48023770763,3599303.2733917665,60538
3,202287188001,0,1166045.5348041027,9005552.950388005,58088207,1149779.5302728228,8875321.018577805,11497.807714650211,581465,77060.23707785145,575160.4604187646,58210
4,199112950143,0,1304495.190671653,1.0073343419231284E7,64346093,1293942.9796754362,1.0055574415882746E7,12938.717048942475,644103,141892.82876674584,3629497.6854295027,64108
5,203401946364,0,1232800.3811172443,9332225.37036669,61811781,1216776.989720114,9316188.989955869,12167.80638495256,618739,87070.42707615605,3430926.479666001,61921
