SLAVE_INDEX,DURATION,FAILURES,READS_PER_SEC,READS_PER_SEC_NET,READ_COUNT,REQ_PER_SEC,REQ_PER_SEC_NET,TRANSACTIONS_PER_SEC,TRANSACTION_COUNT,WRITES_PER_SEC,WRITES_PER_SEC_NET,WRITE_COUNT
0,223445814776,0,243364.13755841507,4756612.825071944,13567822,243128.29512810853,4713251.623939542,2431.2829512810854,135815,123963.6737586333,469328.05376444856,13678
1,222689000287,0,244557.31249674095,4815334.608951252,13587659,244306.83118557243,4768590.127254928,2443.0841818208187,136012,120078.91359111738,441318.8369893719,13452
2,224633161230,0,218660.36490818183,4813741.546020851,12252466,218394.70063713889,4766317.6511350935,2183.9517324066023,122647,98398.67105448806,437739.970086155,12207
3,231569919156,0,211827.06702578694,5117529.781105389,12239603,211628.52316317454,5051672.752199987,2116.2852316317453,122517,108619.84147339543,360303.2921540555,12097
4,228675713833,0,198104.21717920367,5462182.495644173,11300967,197874.9699368824,5383258.222966493,1978.7496993688242,113123,91866.75818215926,349372.1497619342,11333
5,224530712906,0,226486.29894485234,5448427.174034647,12690063,226297.77166062797,5386085.716386814,2262.9777166062795,127027,123262.87210607438,431226.75831477967,12637
