SLAVE_INDEX,DURATION,FAILURES,READS_PER_SEC,READS_PER_SEC_NET,READ_COUNT,REQ_PER_SEC,REQ_PER_SEC_NET,TRANSACTIONS_PER_SEC,TRANSACTION_COUNT,WRITES_PER_SEC,WRITES_PER_SEC_NET,WRITE_COUNT
0,223384869083,0,323267.7050042904,6179634.438037991,17807026,319172.91575155273,6141540.492370501,3191.7291575155277,178246,23070.250543009508,847556.5351171214,17574
1,225160708642,0,308030.20207412797,6664518.959081118,17038734,302999.5793292419,6619861.474039587,3029.995793292419,170559,17605.49738229876,865216.6282478763,17166
2,224470948453,0,314084.51270254015,6202432.695752855,17216096,307091.855204743,6188601.597694231,3070.91855204743,172333,13191.643971581176,1915077.3828626398,17204
3,225045439100,0,301149.80805789615,6887193.828425706,16616938,295648.73772196344,6835976.524265511,2956.4873772196347,166336,15384.359695969153,812212.503639071,16662
4,223313835899,0,315518.0605282871,5631973.646284232,17352913,311133.9864827029,5603822.449767242,3111.351191957168,173702,20737.126333213335,928149.9641944239,17218
5,223988588948,0,318896.9199713489,6484132.1216077395,17572139,314116.001759063,6465799.835610505,3141.1600175906296,175896,19525.502910471703,1681503.5285958159,17461
6,223891448152,0,302734.00051570276,6949371.5725631965,16685074,298399.963694206,6896246.011784068,2983.9996369420596,167023,20071.616462021364,820532.186525362,17226
7,224523038263,0,314441.22805573436,6781481.299075817,17309053,308677.4548223324,6764012.909182056,3086.7745482233245,173263,15914.360172727214,1886667.7882897735,17247
