SLAVE_INDEX,DURATION,FAILURES,READS_PER_SEC,READS_PER_SEC_NET,READ_COUNT,REQ_PER_SEC,REQ_PER_SEC_NET,TRANSACTIONS_PER_SEC,TRANSACTION_COUNT,WRITES_PER_SEC,WRITES_PER_SEC_NET,WRITE_COUNT
0,176043120461,0,2512295.5790953385,9994059.367940856,109621888,2493276.413475287,9984966.088071382,24932.798138017166,1097312,289813.9879994979,5217390.680878518,109152
1,211217306443,0,1011485.4161110421,9931757.632498026,52882219,1002476.603673294,9917095.621968525,10024.80206641913,529353,101194.98871252165,4004878.6621086495,52883
2,211615995226,0,990694.6117165232,1.1070079977045747E7,51699334,978213.3896774852,1.1051372752790146E7,9782.133896774852,517514,72408.04720724313,4126741.843550149,52066
3,216524949558,0,714873.1139646784,9757129.281727184,38316878,708568.6906436757,9740153.387082648,7085.686906436757,383557,73016.74044616109,3584618.669245637,38822
