SLAVE_INDEX,DURATION,FAILURES,READS_PER_SEC,READS_PER_SEC_NET,READ_COUNT,REQ_PER_SEC,REQ_PER_SEC_NET,TRANSACTIONS_PER_SEC,TRANSACTION_COUNT,WRITES_PER_SEC,WRITES_PER_SEC_NET,WRITE_COUNT
0,210744428906,0,458516.02915482427,4976714.610087149,23903838,454155.834613738,4958178.213535694,4541.6144482688305,239280,43150.867230294956,1048088.4868632549,23865
1,211060755911,0,467209.30372532096,4923181.191998962,24311863,461222.7772037774,4897837.028626855,4612.245362242748,243366,33812.29872005594,805758.3209100406,24644
