SLAVE_INDEX,DURATION,FAILURES,READS_PER_SEC,READS_PER_SEC_NET,READ_COUNT,REQ_PER_SEC,REQ_PER_SEC_NET,TRANSACTIONS_PER_SEC,TRANSACTION_COUNT,WRITES_PER_SEC,WRITES_PER_SEC_NET,WRITE_COUNT
0,254557078029,0,79785.88825126701,5806384.632971173,5030641,79127.91958471997,5787230.538943743,791.2881464977444,50357,8513.963369709189,1340354.2493041486,5002
1,244993609128,0,111628.65827541758,5847951.852232486,6724932,109904.90770692786,5767393.085954666,1099.0490770692786,67315,6537.761247575138,381827.782212072,6568
2,231505273507,0,152801.72333177732,5650887.124676663,8681684,150151.22322450654,5596042.504653202,1501.5122322450654,86902,8036.574074908552,513666.3151898672,8516
3,258028955180,0,85863.19160568269,6023800.052438764,5476842,84986.012460123,5927312.081564443,849.8736064565496,54823,7443.599231212432,341958.1903745741,5371
4,251536387971,0,94666.0028203059,5957833.92928602,5900001,93915.63658266237,5894289.2944177985,939.1563658266236,59058,10360.801744173707,497345.7419337783,5799
5,232494692595,0,115459.34394668572,5486908.4231754355,6631385,114204.75755226347,5427241.427556117,1142.0475755226346,66380,9602.719929265451,456018.4272806837,6615
6,242233227622,0,106851.99160825562,5736776.402005957,6378827,105439.96895362476,5446023.043673698,1054.405269999107,63853,7482.6502649064605,106349.50916414744,6439
7,246571370245,0,110226.93391657594,5689292.9297193065,6697272,108753.90753336567,5552905.714444918,1087.5390753336567,67039,7498.58992738558,220151.06870630698,6628
