SLAVE_INDEX,DURATION,FAILURES,READS_PER_SEC,READS_PER_SEC_NET,READ_COUNT,REQ_PER_SEC,REQ_PER_SEC_NET,TRANSACTIONS_PER_SEC,TRANSACTION_COUNT,WRITES_PER_SEC,WRITES_PER_SEC_NET,WRITE_COUNT
0,192596309448,0,1710394.7153747387,9845050.402828084,81223609,1688593.1040532573,9834593.969229473,16885.931040532574,813042,121950.07349600569,4750007.297468433,80591
1,189442826937,0,1693196.6827547706,1.0058296123582441E7,78878779,1667154.1757821778,1.0051072345510473E7,16671.54175782178,789576,101705.67048839231,5848007.234461494,78821
2,187375957796,0,1875664.4292873105,1.1867608129242022E7,86963098,1858304.5770423447,1.1855808935720637E7,18583.045770423447,870504,181841.23401699687,5956568.637245587,87302
3,185306385717,0,2073179.3674073853,1.1392749974220295E7,94613993,2044378.614013654,1.137970307918746E7,20443.84384771293,947094,137950.79464783188,5319555.920272548,95110
