SLAVE_INDEX,DURATION,FAILURES,READS_PER_SEC,READS_PER_SEC_NET,READ_COUNT,REQ_PER_SEC,REQ_PER_SEC_NET,TRANSACTIONS_PER_SEC,TRANSACTION_COUNT,WRITES_PER_SEC,WRITES_PER_SEC_NET,WRITE_COUNT
0,188529488928,0,1949437.6953806854,9637946.82613358,90987191,1932394.3541751837,9629644.1845933,19323.979296734582,910785,198639.78692935588,5177176.744740559,91139
1,178177044436,0,2460547.2198311556,1.2841079736985957E7,108455229,2437206.3493060195,1.2820799869038543E7,24372.095425966563,1085637,232175.09128928714,4967058.225181926,108327
