SLAVE_INDEX,DURATION,FAILURES,READS_PER_SEC,READS_PER_SEC_NET,READ_COUNT,REQ_PER_SEC,REQ_PER_SEC_NET,TRANSACTIONS_PER_SEC,TRANSACTION_COUNT,WRITES_PER_SEC,WRITES_PER_SEC_NET,WRITE_COUNT
0,203875749038,0,611669.2369288697,5444969.462171574,30910126,607046.2847296871,5422158.6796934195,6070.539758695901,309409,69853.16378290954,1030296.7810441197,30378
1,206493833412,0,563080.6181163352,4786494.982167392,28755905,557589.5129530242,4769622.084784954,5575.913822061365,287848,51921.93686279675,1055123.1295786037,28794
