SLAVE_INDEX,DURATION,FAILURES,READS_PER_SEC,READS_PER_SEC_NET,READ_COUNT,REQ_PER_SEC,REQ_PER_SEC_NET,TRANSACTIONS_PER_SEC,TRANSACTION_COUNT,WRITES_PER_SEC,WRITES_PER_SEC_NET,WRITE_COUNT
0,225784085923,0,216402.18707644372,4878335.156583718,12026301,213274.55300114528,4849747.038029409,2132.7455300114525,120385,13986.803524254276,715591.3040962265,12199
1,226486090611,0,218048.22246126065,5378055.391071161,12209369,215843.71856178666,5328341.34939924,2158.437185617867,122214,19168.97050248873,513282.3377312029,12031
2,223038105493,0,260068.93655007775,5136918.441270908,14292140,256576.98209688228,5105552.106792938,2565.7857275053316,143067,17991.416537732584,726191.1116862585,14471
3,225146677744,0,224707.021242492,5270744.207426003,12480633,221951.3097005124,5226987.627391029,2219.5130970051237,124929,16468.71384833409,553333.4171580609,12267
4,225357255521,0,215478.8857791823,5326629.289395131,11990486,213044.83802397948,5286292.748098886,2130.448380239795,120028,17754.885999829814,631299.2303752849,12314
5,225639915879,0,224541.04782911777,5272393.761701379,12508816,221971.38216829745,5222767.823672882,2219.7313071861427,125215,17937.367827650873,504350.51916243427,12585
6,225509446343,0,222928.28260399282,5436919.307876839,12392573,220032.71616626106,5386246.580256726,2200.333507053683,124049,15609.453039422013,518050.826914555,12291
7,226192797567,0,212132.5498989554,5399891.38964853,11833107,209470.84305796894,5357884.412130304,2094.743652143797,118454,15774.911693549166,622093.2385392266,12092
