SLAVE_INDEX,DURATION,FAILURES,READS_PER_SEC,READS_PER_SEC_NET,READ_COUNT,REQ_PER_SEC,REQ_PER_SEC_NET,TRANSACTIONS_PER_SEC,TRANSACTION_COUNT,WRITES_PER_SEC,WRITES_PER_SEC_NET,WRITE_COUNT
0,216899988110,0,356095.5828649706,5279604.5303475885,19059305,351837.73251890566,5192924.514896691,3518.3773251890566,190784,27201.0915673401,298663.49493699096,19095
1,217490203537,0,348788.6118530627,4960145.133104066,18667602,343673.41050046,4933867.642607534,3436.7341050046,186864,22081.462842150137,788034.7995463203,18798
2,211774147163,0,436672.9957647484,5256390.869276042,22756694,430262.1506007873,5149469.437261836,4302.621506007873,227796,27606.713141162956,242800.58078691794,22906
3,217672425670,0,348266.53667553904,5061563.053719985,18740189,344719.8227751527,5044309.089092097,3447.198227751527,187590,30928.861678816393,1147479.793137655,18811
4,217726619258,0,345440.3014126202,4635839.039038105,18560697,341336.3062967291,4583281.4597973935,3413.3630629672907,185795,26819.05695178575,375951.9852351221,18803
5,217736546940,0,355671.0024418515,4926130.472817802,19035848,350056.07038033614,4821934.847553766,3500.5607038033613,190550,20972.58422741478,218946.59542202528,19152
