SLAVE_INDEX,DURATION,FAILURES,READS_PER_SEC,READS_PER_SEC_NET,READ_COUNT,REQ_PER_SEC,REQ_PER_SEC_NET,TRANSACTIONS_PER_SEC,TRANSACTION_COUNT,WRITES_PER_SEC,WRITES_PER_SEC_NET,WRITE_COUNT
0,221456770136,0,275323.1966833914,690696.3671709084,13725113,248151.98002865902,541854.7594376155,2481.5339199968175,137390,2470.580783354697,2483.952691911193,13621
1,221679195180,0,270132.18537798,671163.3512686882,13492330,243700.70432696163,528660.5417721869,2436.998536057805,135060,2469.366309954899,2482.188416244885,13514
2,221023296831,0,273055.0724778936,678960.3935259678,13562607,245700.59708015033,531822.090082534,2457.0079016171267,135765,2467.254976774327,2482.1181757738527,13782
3,221187083736,0,277207.6445381497,671064.4800939584,13795535,249733.49739503616,529889.5026511897,2497.344610030226,138097,2517.040747480233,2529.5632712223933,13921
4,221697396750,0,270339.0201297572,674419.1853122464,13519182,244164.56301938964,532126.3397992168,2441.647955471581,135328,2488.8773167828226,2502.9575259692842,13480
5,221393021288,0,272730.2253792511,677694.4426602186,13591435,245806.0316599043,532768.5775639251,2458.077080734808,136052,2448.520675544957,2463.1030914276676,13500
