SLAVE_INDEX,DURATION,FAILURES,READS_PER_SEC,READS_PER_SEC_NET,READ_COUNT,REQ_PER_SEC,REQ_PER_SEC_NET,TRANSACTIONS_PER_SEC,TRANSACTION_COUNT,WRITES_PER_SEC,WRITES_PER_SEC_NET,WRITE_COUNT
0,181485904666,0,1692016.6880991338,2867179.6210065484,76054085,1677933.1075899787,2843530.494564809,16779.369354805465,761305,180311.32846807392,308055.1630533074,76217
1,183416796677,0,1648526.2029164003,2770803.2480131807,74944539,1636046.585899344,2751833.300948742,16360.485159657623,750197,191175.7059967935,351214.07808556117,75067
