SLAVE_INDEX,DURATION,FAILURES,READS_PER_SEC,READS_PER_SEC_NET,READ_COUNT,REQ_PER_SEC,REQ_PER_SEC_NET,TRANSACTIONS_PER_SEC,TRANSACTION_COUNT,WRITES_PER_SEC,WRITES_PER_SEC_NET,WRITE_COUNT
0,187508317108,0,1197797.1928181623,2149498.8940357217,55666331,1188681.1392564652,2131034.458256081,11886.811392564652,557219,137833.88581616944,221863.55852892098,55569
1,184221824364,0,1213950.8540541397,2201834.843207727,55447249,1205135.0417707884,2185623.0806147275,12051.366246642661,555033,146666.81916475913,262791.3485805216,55795
2,188180703261,0,1166143.5705881391,2057632.1748004383,54420382,1157919.277715649,2041954.7671348709,11579.224758177445,544747,143132.07553318434,235806.3318380031,54134
3,185967778892,0,1210459.120778889,2196119.8720053034,55801292,1201428.340603854,2177685.408384096,12014.291474909813,558568,141208.95193091343,230501.6819242927,55448
