SLAVE_INDEX,DURATION,FAILURES,READS_PER_SEC,READS_PER_SEC_NET,READ_COUNT,REQ_PER_SEC,REQ_PER_SEC_NET,TRANSACTIONS_PER_SEC,TRANSACTION_COUNT,WRITES_PER_SEC,WRITES_PER_SEC_NET,WRITE_COUNT
0,191597310539,0,957687.0580861164,1920316.7468869297,45509348,951055.3748765113,1903202.8184391726,9510.535636549024,455550,120139.94559503498,192220.39553083002,45565
1,192562332766,0,926232.6597160595,1823052.0174704667,44231955,919720.4534035978,1806239.4468870426,9197.204515126903,442759,113824.70925713558,175586.90346720323,43924
2,192069426679,0,947961.3097690112,1907990.7356356534,45147730,941178.7764750211,1889634.537451171,9411.822361973316,451931,115501.2611273341,178060.20857286474,45187
3,191488574413,0,948172.3397714024,1895677.8478116498,45026789,941501.6042218782,1878328.302165344,9415.016042218782,450717,116905.88684414065,184588.58817088912,44911
4,191659134077,0,970625.0588175814,1955385.828469384,46124143,963587.6155310383,1937366.5602219643,9635.914042809152,461703,116402.5835881363,189005.40185183976,45949
5,191408346910,0,975415.3745829095,1981754.643922851,46240826,967295.7056938411,1960708.0848632797,9672.98974491965,462873,103841.49884135705,168903.9043936109,46292
