SLAVE_INDEX,DURATION,FAILURES,READS_PER_SEC,READS_PER_SEC_NET,READ_COUNT,REQ_PER_SEC,REQ_PER_SEC_NET,TRANSACTIONS_PER_SEC,TRANSACTION_COUNT,WRITES_PER_SEC,WRITES_PER_SEC_NET,WRITE_COUNT
0,212590286517,0,1033804.6995638808,1242490.4389104806,53991910,1016903.9401652655,1218010.2811282482,10169.071835850167,540462,58692.31434426894,58909.786673080744,54065
1,212348517831,0,1022845.2913450653,1226323.5285878887,53355738,1006073.13948867,1202154.2749691017,10060.73712049137,534096,58279.00236225606,58507.386795758284,53797
