SLAVE_INDEX,DURATION,FAILURES,READS_PER_SEC,READS_PER_SEC_NET,READ_COUNT,REQ_PER_SEC,REQ_PER_SEC_NET,TRANSACTIONS_PER_SEC,TRANSACTION_COUNT,WRITES_PER_SEC,WRITES_PER_SEC_NET,WRITE_COUNT
0,211685901718,0,1025389.9217462305,1230172.6185043403,53330287,1008730.2095557688,1206278.997035422,10087.327763517262,533837,58356.13176159192,58931.74754953806,53204
1,211669858554,0,1021607.090598014,1224817.344000163,53118929,1004815.5814576687,1200753.2417492557,10048.200138026294,531726,57878.13453515379,58411.29733466554,53364
2,211764636023,0,1020614.2271406102,1224033.5435069944,53107949,1004147.6612596667,1200447.2957515125,10041.493076991355,531609,58277.21939252201,58889.89797060243,52792
3,211401877945,0,1023364.8265129371,1227566.0275798335,53150444,1006683.8860124394,1203637.140110829,10066.86347569812,532039,58314.88300193055,58861.952830856644,53272
4,211738244781,0,1028720.5567855397,1234866.8643003604,53509209,1011869.7650563765,1210652.2875136933,10118.713303372413,535630,58387.143519336554,58914.75981234755,53673
5,211874348097,0,1025662.9671475582,1231196.025710287,53384917,1008866.6887703646,1207062.1377537919,10088.689880618304,534384,58000.464132600566,58528.07356406583,53326
6,211436384278,0,1016535.3769039238,1217622.670793042,52819380,1000234.6602840823,1194305.848906118,10002.371130657815,528717,57982.13689341392,58525.97365909477,52120
7,211445449396,0,1013202.7961162607,1213123.2441718827,52642937,996866.2867993009,1189776.0226758306,9968.669807290347,526958,58351.23210035521,58905.29761687729,52773
