SLAVE_INDEX,DURATION,FAILURES,READS_PER_SEC,READS_PER_SEC_NET,READ_COUNT,REQ_PER_SEC,REQ_PER_SEC_NET,TRANSACTIONS_PER_SEC,TRANSACTION_COUNT,WRITES_PER_SEC,WRITES_PER_SEC_NET,WRITE_COUNT
0,211663050529,0,1026599.0332013929,1231945.4651195984,53388983,1009946.8162522374,1208039.2845760917,10099.47936743019,534422,58371.7595495602,58921.88518279564,53123
1,211597208284,0,1037974.5884512303,1248209.0068082337,53951902,1020914.9626873155,1223616.578809292,10209.177836184052,540059,58385.09591074805,58933.757985973716,53787
2,211216499074,0,1036023.1907766236,1244885.4963106846,53745748,1018857.0918629068,1220189.4116568414,10188.582147902198,538000,58360.51097746055,58932.51875462414,54109
3,211327323420,0,1032883.8291072296,1241031.7117749697,53613641,1015819.916354856,1216480.6253766322,10158.217383081967,536678,58356.95751015979,58918.8350066011,53985
4,212457567658,0,1030603.28565812,1238521.1750497762,53789818,1013729.011275773,1214238.3928423522,10137.313979075538,538438,58342.16576883703,58917.523454912225,53782
5,210917970407,0,1015220.1215652223,1215515.471372207,52621771,998949.248342508,1192273.4264776015,9989.504181369683,526742,58347.74736699725,58927.46099077564,52316
