SLAVE_INDEX,DURATION,FAILURES,READS_PER_SEC,READS_PER_SEC_NET,READ_COUNT,REQ_PER_SEC,REQ_PER_SEC_NET,TRANSACTIONS_PER_SEC,TRANSACTION_COUNT,WRITES_PER_SEC,WRITES_PER_SEC_NET,WRITE_COUNT
0,243949319606,0,4607.066548511391,3920616.9123614575,280972,4607.514387887454,3917547.9264500733,4.607514387887454,281,187640.83533679016,442411.458456774,28
1,243532170520,0,2972.6092285404334,3836417.222439845,180981,2972.9131820822076,3832835.0091954423,2.9729131820822077,181,114242.42242037604,387383.5300833894,19
2,239263198345,0,57924.26189038682,5085927.390618856,3464669,57927.838864775586,5081825.314626329,57.92783886477558,3465,163814.61382251378,538190.5983305522,331
3,242562222717,0,4303.552799772582,4896367.240695394,260969,4304.050269270686,4891173.200036433,4.304050269270686,261,160122.9330905663,492558.00466341205,31
4,242132592606,0,13974.615035737761,5278390.769863088,845921,13975.813679517612,5273442.000636431,13.975813679517612,846,171366.03676994544,477702.1919879063,79
5,240054137152,0,14728.58386851302,6010617.051338596,883908,14730.010663224015,6004786.942789141,14.730010663224014,884,212620.16216909542,581906.5028051689,92
6,240697198611,0,13808.631946781381,4958605.677450372,830918,13809.882371635094,4954522.824026676,13.809882371635094,831,167586.43346946326,530263.8385928608,82
7,234005969160,0,214656.67119128737,7291415.691312922,12556737,214661.19082481271,7284085.053189878,214.6611908248127,12558,271492.906280509,662462.1562592445,1263
