SLAVE_INDEX,DURATION,FAILURES,READS_PER_SEC,READS_PER_SEC_NET,READ_COUNT,REQ_PER_SEC,REQ_PER_SEC_NET,TRANSACTIONS_PER_SEC,TRANSACTION_COUNT,WRITES_PER_SEC,WRITES_PER_SEC_NET,WRITE_COUNT
0,239107846086,0,28035.182696135493,6663182.062328974,1675826,28037.55756968665,6657982.263675516,28.03755756968665,1676,152263.9416671589,781823.9413362449,174
1,237743502302,0,66689.0108577629,8005475.82724977,3963587,66693.72599659314,7996770.148111909,66.69372599659314,3964,207474.42959288668,699233.805668873,413
2,213504641115,0,673236.4210783924,7803059.7544034235,35929499,673203.1643404962,7793909.552408324,673.2031643404962,35933,446730.1848255224,597948.7846020588,3501
3,204445624621,0,948819.6582106823,8226029.792080002,48486217,948731.4798718203,8217586.6485648,948.7314798718204,48491,488508.50886224705,720540.4610848834,4783
4,238007930868,0,56910.59779195481,8238381.127339254,3386202,56914.80931159708,8229672.104785735,56.93926164580391,3388,212933.23469087092,717695.0656365714,342
5,236777066479,0,99462.26703004078,1.007547669515546E7,5887409,99469.09280628685,1.0068750791601665E7,99.46909280628684,5888,314422.0360369683,1316176.2740853578,591
6,238209801355,0,67733.18561877758,9907784.997630624,4033578,67738.60650659289,9899623.808589615,67.73860650659287,4034,288218.0458304257,1115668.6675558528,422
7,238237963827,0,55956.9723138594,8930625.178424595,3332678,55960.854373659895,8920991.736533934,55.96085437365989,3333,198467.24119440297,733366.1677916739,322
