SLAVE_INDEX,DURATION,FAILURES,READS_PER_SEC,READS_PER_SEC_NET,READ_COUNT,REQ_PER_SEC,REQ_PER_SEC_NET,TRANSACTIONS_PER_SEC,TRANSACTION_COUNT,WRITES_PER_SEC,WRITES_PER_SEC_NET,WRITE_COUNT
0,147575436169,0,2770893.0467735026,6929435.592225076,102174923,2769705.1935656816,6924061.500841759,2769.344543286546,102188,522737.52408860053,788943.013984131,10190
1,143094597246,0,3121149.3627088354,7302459.00974825,111603405,3120023.8205532953,7298436.536845546,3120.0616544700815,111616,680803.9292562716,1127563.3169012035,11233
2,230746471284,0,232962.79085346134,7980394.37195643,13437917,232971.12064537793,7973404.423885937,232.96027931828775,13440,354840.67742357263,847040.4744879764,1399
3,227678629561,0,329796.17417291185,8868113.446540598,18770200,329798.19030350546,8857105.284949582,329.79819030350546,18772,352253.815312444,635175.6013525006,1800
4,231912357229,0,205448.34343749736,8123962.028780348,11910852,205456.9259237461,8117265.795474063,205.45692592374613,11912,362628.0806803257,849804.6208126256,1148
5,226933167645,0,372811.1438339586,9490157.613838334,21148939,372814.6082742263,9479722.0071499,372.8146082742263,21151,412112.63212199014,771726.3576659602,2061
