SLAVE_INDEX,DURATION,FAILURES,READS_PER_SEC,READS_PER_SEC_NET,READ_COUNT,REQ_PER_SEC,REQ_PER_SEC_NET,TRANSACTIONS_PER_SEC,TRANSACTION_COUNT,WRITES_PER_SEC,WRITES_PER_SEC_NET,WRITE_COUNT
0,236105397187,0,109029.7509614613,8156878.595791629,6435373,109036.05045339247,8151192.38950371,109.03605045339246,6436,267912.6241646291,999542.8725379581,627
1,234745016232,0,138099.61854622656,8330090.595027764,8104164,138107.29838012453,8324016.5263504125,138.10729838012452,8105,299640.5030806341,1031658.7184108507,836
2,165270709150,0,2078798.908458183,6845707.525184877,85855803,2078153.5322649155,6839836.329934849,2078.1659001078083,85865,510237.260031796,720814.6019387785,8674
3,234915495264,0,141321.86992668922,8344549.37321676,8299270,141328.3187756062,8335894.6231258735,141.34444106896711,8301,273718.1065314017,695043.4657370424,783
4,235337771267,0,119957.2428087963,8102287.168401468,7057316,119963.74338044394,8095226.075806147,119.96374338044393,7058,272103.45819029916,810185.1166388214,684
5,230971480672,0,260239.75077418025,9644847.34193869,15025886,260246.39849523595,9631440.130401352,260.2572303701144,15028,350712.97201372945,640507.8607489422,1488
6,232235409693,0,211093.35452203665,8832056.066114722,12254807,211096.1462113229,8816857.852356657,211.0961462113229,12256,244281.73669981415,472082.4842460278,1193
7,165329847825,0,2251035.6912771743,7664201.944092381,92995596,2250168.405125368,7655787.508366859,2250.168405125368,93005,467806.3693026097,645679.3527428387,9404
