SLAVE_INDEX,DURATION,FAILURES,READS_PER_SEC,READS_PER_SEC_NET,READ_COUNT,REQ_PER_SEC,REQ_PER_SEC_NET,TRANSACTIONS_PER_SEC,TRANSACTION_COUNT,WRITES_PER_SEC,WRITES_PER_SEC_NET,WRITE_COUNT
0,217345934906,0,574820.6178006983,8080339.5244195955,31227782,574767.9985550601,8065440.712441461,574.7703195191784,31231,298563.2008294066,410790.74160092464,3090
1,194628467321,0,1395060.2203628747,8133749.501731794,67865268,1394903.8582944593,8127192.207384701,1394.9038582944593,67872,654913.6643912827,890443.0933188859,6732
