SLAVE_INDEX,DURATION,FAILURES,READS_PER_SEC,READS_PER_SEC_NET,READ_COUNT,REQ_PER_SEC,REQ_PER_SEC_NET,TRANSACTIONS_PER_SEC,TRANSACTION_COUNT,WRITES_PER_SEC,WRITES_PER_SEC_NET,WRITE_COUNT
0,206947279373,0,884924.2328359514,8311657.387726787,45776466,884882.1233834099,8304261.16480878,884.7845339878287,45782,597160.5747746482,829587.3683625269,4521
1,237274533257,0,76379.29683490319,8306575.2350368975,4530582,76384.09293748051,8299845.155590215,76.38409293748052,4531,239147.02321313764,848512.16031602,418
2,238554895309,0,46292.01497116643,7258063.415224655,2760743,46295.423892663006,7253063.701430162,46.295423892663,2761,221561.89497492017,863485.3224294513,257
3,237727212103,0,64455.6081157114,8429813.740558391,3830599,64460.43708854237,8421867.463946166,64.46043708854238,3831,226714.61407490686,841793.2505395034,401
4,236832844705,0,83986.38787549737,8182790.451643649,4972508,83991.72853232227,8177391.783399325,83.99172853232228,4973,235061.58541872853,1066430.8380585758,492
5,196348264253,0,1302868.1288715075,9258920.32001244,63937637,1302664.9406506887,9249963.075514125,1302.6649406506888,63944,507448.9648136818,862793.1732354588,6363
