SLAVE_INDEX,DURATION,FAILURES,READS_PER_SEC,READS_PER_SEC_NET,READ_COUNT,REQ_PER_SEC,REQ_PER_SEC_NET,TRANSACTIONS_PER_SEC,TRANSACTION_COUNT,TRANSACTION_ERRORS,WRITES_PER_SEC,WRITES_PER_SEC_NET,WRITE_COUNT
0,34400977421,0,3238029.5187130063,3307414.6475237235,24818388,3206702.026223803,3274398.6638579373,287.32045413878274,2759,2755,2950056.0858945823,3004690.1910090316,2760033
1,24604685030,0,2975795.3404391618,3035295.9861419797,16289611,2942302.244947697,3000608.240908593,279.9809942523156,1813,1809,2671540.345282546,2720633.6168262516,1808994
2,34277216519,0,3173980.0606602086,3244412.888525742,24313243,3152381.989363248,3222122.109669309,299.4930611587255,2703,2700,2970400.1136219343,3034420.784917326,2700477
3,26096780759,0,3315209.3174723536,3404835.4513412802,19361337,3296991.793530973,3385298.879350279,314.5256978355983,2153,2150,3141455.3158348333,3218888.232265734,2148881
4,28381447583,0,3035232.3663221076,3108229.4041998624,19245677,3013863.6075502955,3085861.290518591,280.69645578127904,2140,2137,2834306.7121534753,2898184.6425034865,2138776
5,35733914989,0,3356388.5162232923,3421779.735237867,27083525,3368661.957052713,3435432.895373263,319.18538540216997,3012,3008,3483257.739744861,3563349.973379322,3010345
