SLAVE_INDEX,DURATION,FAILURES,READS_PER_SEC,READS_PER_SEC_NET,READ_COUNT,REQ_PER_SEC,REQ_PER_SEC_NET,TRANSACTIONS_PER_SEC,TRANSACTION_COUNT,WRITES_PER_SEC,WRITES_PER_SEC_NET,WRITE_COUNT
0,248666214736,0,9371.718086556868,3128777.488987255,468084,8364.626462055818,3112415.15786344,0.8364626462055818,52,4248.407313829465,2972269.0038562035,51916
1,246481177222,0,8193.880742521931,3060160.196078876,467945,8438.778260648241,3036283.256470723,0.8438778260648241,52,11539.0246131589,2837276.2006759592,52055
2,249108115441,0,8672.015652592383,3151640.0406914093,468201,8349.788188625422,3135319.4640537365,0.8349788188625422,52,6250.513899375147,2995126.869200516,51799
3,249211552035,0,8521.573217274734,3168466.9116202043,467981,8346.322564163795,3150409.3626022255,0.8346322564163794,52,7043.223185296478,2996760.993289246,52019
4,249986505216,0,7793.461476316564,2413276.1666546655,467822,8320.449130655204,2454251.7213755795,0.8320449130655204,52,21132.161662409268,2894962.8600533074,52178
5,243839504432,0,9920.179788732165,3164254.0404711654,468201,8530.201063380417,3146003.734306433,0.8530201063380416,52,3763.6279625298052,2990120.8224070473,51799
6,249899446438,0,8247.688547258056,3130212.493600451,468041,8323.347769063776,3112237.3533333647,0.8323347769063777,52,9073.082428727601,2959167.00920899,51959
7,248903909546,0,8242.497080088431,3201458.042068207,467763,8356.638526867311,2869088.088641889,0.8356638526867312,52,9539.574422833171,1486840.2984954931,52237
