SLAVE_INDEX,DURATION,FAILURES,READS_PER_SEC,READS_PER_SEC_NET,READ_COUNT,REQ_PER_SEC,REQ_PER_SEC_NET,TRANSACTIONS_PER_SEC,TRANSACTION_COUNT,WRITES_PER_SEC,WRITES_PER_SEC_NET,WRITE_COUNT
0,240225517230,0,23731.01083618833,2626840.8195592724,1313842,24310.489856947992,2670075.2920998363,2.431048985694799,146,31147.4798221419,3133709.776371875,146158
1,249307696762,0,19718.574716038675,2714980.8913346003,1035206,18451.09501128383,2735055.9803974493,1.845109501128383,115,11680.4241863515,2930460.288901687,114794
2,248477441359,0,22611.802871105778,2801034.602789671,1197213,21410.39432353808,2817790.244769389,2.141039432353808,133,14475.876584290772,2978427.1955455146,132787
3,246149769780,0,20077.989104871325,2845511.7453674497,1026215,18525.30678405902,2863811.833343975,1.8525306784059021,114,10913.582236785913,3040147.7717281193,113785
4,249083271837,0,14648.123714581507,3183935.6042253505,908901,16219.475399551418,3171494.387383617,1.6219475399551417,101,455714.5577354879,3063863.309068594,101099
5,249036736514,0,20544.837417187748,2581747.3479135237,1152214,20559.21576739812,2421076.267485335,2.055921576739812,128,20689.77633102006,1550835.300043535,127786
