SLAVE_INDEX,DURATION,FAILURES,READS_PER_SEC,READS_PER_SEC_NET,READ_COUNT,REQ_PER_SEC,REQ_PER_SEC_NET,TRANSACTIONS_PER_SEC,TRANSACTION_COUNT,WRITES_PER_SEC,WRITES_PER_SEC_NET,WRITE_COUNT
0,233667080311,0,24762.347133637217,2417408.7203811263,1260095,23965.7207705367,2469242.2705779904,2.39657207705367,140,18581.58814252248,3060241.009974684,139905
1,231633091353,0,22912.249661319314,2281006.799139646,1223577,23485.41811631589,2329439.8018816244,2.348541811631589,136,30279.019570076067,2877415.1955914083,136423
2,237395432641,0,24550.16707196219,3308965.687426564,1295978,24263.3143187322,3276435.3710119715,2.4263314318732196,144,21954.942968445448,3010146.8201086614,144022
3,235205267838,0,23725.42847420403,2973574.0630138144,1259709,23808.990553124248,2982816.3645798266,2.3808990553124247,140,24586.549229804343,3068453.3399381125,140291
