SLAVE_INDEX,DURATION,FAILURES,READS_PER_SEC,READS_PER_SEC_NET,READ_COUNT,REQ_PER_SEC,REQ_PER_SEC_NET,TRANSACTIONS_PER_SEC,TRANSACTION_COUNT,WRITES_PER_SEC,WRITES_PER_SEC_NET,WRITE_COUNT
0,232216924017,0,36522.629734997565,2960053.7874318617,1980567,37895.601439263635,2828159.0894405516,3.789560143926364,220,57356.96781264779,2016979.762959907,219433
1,231601581862,0,38056.008172745605,3344086.2348321346,1988815,38166.45779762839,3370140.3305518776,3.801154180686425,221,39189.84989274093,3624201.514871406,221038
