SLAVE_INDEX,DURATION,FAILURES,READS_PER_SEC,READS_PER_SEC_NET,READ_COUNT,REQ_PER_SEC,REQ_PER_SEC_NET,TRANSACTIONS_PER_SEC,TRANSACTION_COUNT,WRITES_PER_SEC,WRITES_PER_SEC_NET,WRITE_COUNT
0,730379635730,0,55213.34309065372,4740249.828154916,9978732,60735.14351979891,4725660.70968353,6.073425309015282,1109,595986.4712477329,4598563.875581616,1111196
1,1237945668360,0,873.4079218836191,3940331.5144186933,270181,969.3478725845299,3914988.3891721223,0.09693478725845299,30,205252.41437754582,3699402.3162049833,29819
