SLAVE_INDEX,DURATION,FAILURES,READS_PER_SEC,READS_PER_SEC_NET,READ_COUNT,REQ_PER_SEC,REQ_PER_SEC_NET,TRANSACTIONS_PER_SEC,TRANSACTION_COUNT,WRITES_PER_SEC,WRITES_PER_SEC_NET,WRITE_COUNT
0,237888469520,0,13266.459168979756,13275.83604776169,405685,7579.114715555466,7582.075498624274,0.8070790050766214,48,1559.6160344451544,1559.7037512387865,45061
1,237907822568,0,13987.10268669305,14006.268431923088,420758,7854.386542779196,7860.135052548718,0.8070136596613157,48,1578.3923022265592,1578.5177127084803,46397
2,237777954717,0,14023.50083889919,14032.52769288686,416731,7787.483924671898,7790.623658330319,0.8074576396519605,48,1553.8280075506038,1554.0810727447133,46192
3,237753019855,0,13658.188827133536,13667.043666417789,409227,7645.19416455174,7648.114457201231,0.8075442682562932,48,1533.099741939215,1533.2705194847206,45190
4,237847892439,0,13340.729214046649,13349.768310872305,402574,7521.899738753565,7524.732572228714,0.8072215639273097,48,1526.105182453427,1526.2069786410777,44693
5,237864833946,0,13533.760130455785,13544.00461950242,407375,7611.230167848209,7614.366987370301,0.8071628081184296,48,1540.4441449126548,1540.5349038725622,45236
6,237768838258,0,14344.882047226027,14364.508388894908,421856,7888.687238168353,7894.087477692497,0.8074843004066766,48,1567.0526159661101,1567.0778211035,47065
7,237768763280,0,14616.49005708773,14626.39055878989,423279,7905.10903985554,7907.946828103243,0.8074907971249885,48,1529.3020673984734,1529.3888061870484,46618
