SLAVE_INDEX,DURATION,FAILURES,READS_PER_SEC,READS_PER_SEC_NET,READ_COUNT,REQ_PER_SEC,REQ_PER_SEC_NET,TRANSACTIONS_PER_SEC,TRANSACTION_COUNT,WRITES_PER_SEC,WRITES_PER_SEC_NET,WRITE_COUNT
0,230900478542,0,452971.2098690935,461567.2280879053,1632281,31405.87687730129,31445.928807581346,3.187454010955279,184,3337.4277350807947,3337.8232537303174,180627
1,230720698981,0,456122.4500066692,464693.423820116,1621069,31238.4282460653,31278.255337441595,3.155263256078023,182,3339.7717961809135,3340.258917930576,180769
2,231107419604,0,465462.03089854395,474605.6991181742,1632063,31384.176295283527,31424.26762652829,3.1845952673892857,184,3339.1237115739564,3339.5027551702174,181216
3,231088386745,0,457720.7211368763,468292.29091086803,1627838,31313.421249441333,31361.495204550345,3.1675562020645387,183,3342.279289489561,3342.7894379213644,181204
