SLAVE_INDEX,DURATION,FAILURES,READS_PER_SEC,READS_PER_SEC_NET,READ_COUNT,REQ_PER_SEC,REQ_PER_SEC_NET,TRANSACTIONS_PER_SEC,TRANSACTION_COUNT,WRITES_PER_SEC,WRITES_PER_SEC_NET,WRITE_COUNT
0,219355530868,0,534087.3405362513,545045.3362523956,2187022,44312.84664460681,44387.92906550994,4.449293062085635,244,4789.629767378234,4790.614798210026,243045
1,216733983297,0,519281.67241960653,530086.3976770845,2173849,44567.33481783289,44642.31062506898,4.503116772280053,244,4819.566610761796,4820.113401366651,240965
