SLAVE_INDEX,DURATION,FAILURES,READS_PER_SEC,READS_PER_SEC_NET,READ_COUNT,REQ_PER_SEC,REQ_PER_SEC_NET,TRANSACTIONS_PER_SEC,TRANSACTION_COUNT,WRITES_PER_SEC,WRITES_PER_SEC_NET,WRITE_COUNT
0,185657396414,0,341078.1482060975,1136988.3512847202,14099395,337485.913355592,1113847.5372882497,33.71779785431041,1567,308235.2060315351,941237.8032849208,1564794
1,179395172245,0,329379.30457828694,1181033.686802737,13139437,325504.16641230165,1163081.2348667802,32.544947285583504,1462,294320.74931520416,1023037.132410129,1459032
