SLAVE_INDEX,DURATION,FAILURES,READS_PER_SEC,READS_PER_SEC_NET,READ_COUNT,REQ_PER_SEC,REQ_PER_SEC_NET,TRANSACTIONS_PER_SEC,TRANSACTION_COUNT,WRITES_PER_SEC,WRITES_PER_SEC_NET,WRITE_COUNT
0,236313790081,0,39371.460317403355,1212403.7861909552,2078811,39100.55353448843,1189783.417865664,3.9100553534488425,231,36822.32443127161,1018855.5607045392,231189
1,232510613086,0,57183.44946477213,1086259.3429854845,2978648,56943.637214112234,1057819.7848404336,5.694363721411223,331,54874.90450931511,856289.7978171989,331352
2,234120710400,0,55492.57545384615,1090964.2778091247,2817349,53476.68721237572,1057346.1374489148,5.347668721237572,313,40288.308012593894,827551.863264084,312651
3,250336070324,0,47095.42827790903,1115647.4498610764,2672636,47456.20551055303,1080653.2247142906,4.745620551055303,297,50965.224668395706,842997.9972844269,297364
4,255920279629,0,32450.484211057475,1189897.8013239384,1899188,32979.019920716,1163074.4367850383,3.2979019920716,211,38650.26259803988,966743.9731590376,210812
5,234499792078,0,53857.83053650605,1137143.7171695053,2691549,51002.1774178027,1127194.5453332362,5.10021774178027,299,34503.50336873153,1044758.571844952,298451
