SLAVE_INDEX,DURATION,FAILURES,READS_PER_SEC,READS_PER_SEC_NET,READ_COUNT,REQ_PER_SEC,REQ_PER_SEC_NET,TRANSACTIONS_PER_SEC,TRANSACTION_COUNT,WRITES_PER_SEC,WRITES_PER_SEC_NET,WRITE_COUNT
0,197027923432,0,150081.36013264564,2088761.938189905,7242641,163373.35053480064,2033943.8553488138,16.362827595798148,806,805536.9783350594,1645281.7941396201,804637
1,193950054182,0,126231.63624682778,2076854.9232146111,5918851,135642.61227435927,2032905.8621051346,13.61146931900048,660,411659.3871600691,1707871.2769792674,658122
2,157105144094,0,395282.87361085427,2199095.5867384723,14437595,408474.11057147454,2143640.345044699,40.91422654033775,1607,583576.4424312932,1747438.0868468608,1605751
3,79692738087,0,1931454.271940655,2244459.2970617237,34127534,1903060.776183066,2183512.711350083,190.42173364614504,3794,1680465.1820415065,1754282.8918992034,3787497
4,76568991438,0,2134994.7536060363,2258500.8194559487,35791129,2077531.9226818727,2194517.4225098654,207.85389072510804,3979,1672475.9214330318,1748724.2891534937,3977502
5,142091813545,0,539181.4483401169,2235037.197197727,18466546,577544.743448647,2164786.2907705144,57.84828004062918,2055,1609092.4985621483,1687020.6257877967,2049549
