SLAVE_INDEX,DURATION,FAILURES,READS_PER_SEC,READS_PER_SEC_NET,READ_COUNT,REQ_PER_SEC,REQ_PER_SEC_NET,TRANSACTIONS_PER_SEC,TRANSACTION_COUNT,WRITES_PER_SEC,WRITES_PER_SEC_NET,WRITE_COUNT
0,61325348388,0,2108406.3774586017,2232160.097171146,28555474,2069403.1968162914,2188123.1452461886,207.1438207956969,3176,1773916.116015865,1858050.7545210875,3171244
1,35698044125,0,2213773.1608963753,2344786.804503409,17321099,2156630.3109050235,2280744.720098242,215.89786563074256,1927,1750275.2243969555,1830954.3195360159,1925772
2,62333212337,0,2104367.9304030924,2225763.8817270566,28994362,2067369.2108678208,2185167.5383220348,206.8105763345182,3223,1784964.4786893744,1877083.7479062118,3222079
3,45226470610,0,2187845.349783678,2315167.587735584,21755921,2137943.348128973,2260812.838186523,213.92643982622786,2419,1773774.4169413752,1866391.0729673447,2416987
