SLAVE_INDEX,DURATION,FAILURES,READS_PER_SEC,READS_PER_SEC_NET,READ_COUNT,REQ_PER_SEC,REQ_PER_SEC_NET,TRANSACTIONS_PER_SEC,TRANSACTION_COUNT,WRITES_PER_SEC,WRITES_PER_SEC_NET,WRITE_COUNT
0,52813088145,0,2194552.0073064133,2331977.2447227463,25535455,2148697.226120141,2278903.0555878505,214.93030382580275,2838,1808294.1312997716,1891138.5254446175,2834379
1,53575047922,0,2225487.191905262,2356599.20731813,26114141,2166270.241493187,2291572.928305623,216.80102952776718,2904,1747589.3673874498,1835545.3694278756,2900367
