SLAVE_INDEX,DURATION,FAILURES,READS_PER_SEC,READS_PER_SEC_NET,READ_COUNT,REQ_PER_SEC,REQ_PER_SEC_NET,TRANSACTIONS_PER_SEC,TRANSACTION_COUNT,WRITES_PER_SEC,WRITES_PER_SEC_NET,WRITE_COUNT
0,193889558745,0,159808.3195922053,2172581.259307078,7391854,169417.64276848707,2123652.276382329,16.999015387223764,824,369821.90480857174,1765355.2661007543,820224
1,55021706299,0,2127428.9871153827,2248299.5029501365,25685179,2074809.5920477626,2192211.8373571495,207.61193591406806,2856,1697128.1029975992,1790354.0268201453,2854712
2,257433148988,0,4361.524477609643,1669336.6392144912,269907,4661.404347953406,1516492.4985352673,0.46614043479534056,30,12160.509105498359,832684.6417076043,30093
3,253483885509,0,4528.374765324468,1648392.127254954,252092,4418.426827216336,1509329.3852654637,0.4418426827216337,28,3623.6858330325326,856578.2388060206,27908
4,251339570285,0,4905.072572703767,1537526.5312459439,269960,4774.417329667951,1420326.1427929646,0.4774417329667951,30,3852.274623052202,842911.413496851,30040
5,167042343568,0,212836.41574866098,2181648.168293832,8761691,233138.9464979971,2122807.8809675956,23.37089713056962,976,1639535.9761731366,1708450.3915022153,974328
6,191318849804,0,166307.27388752057,2128278.214548622,6088067,141412.4955680888,2063376.8946313018,14.174990335610367,678,60205.81049412601,1618617.0280828176,675652
7,58781356350,0,2146135.977881929,2268962.521500253,27703892,2094731.793306093,2212081.638720741,209.57590973854892,3080,1723322.5345493166,1804939.1014351656,3078902
