SLAVE_INDEX,DURATION,FAILURES,READS_PER_SEC,READS_PER_SEC_NET,READ_COUNT,REQ_PER_SEC,REQ_PER_SEC_NET,TRANSACTIONS_PER_SEC,TRANSACTION_COUNT,WRITES_PER_SEC,WRITES_PER_SEC_NET,WRITE_COUNT
0,311325219082,0,1036718.6977057819,1038153.3274807725,10066584,1035742.1122221041,1037511.4842352608,1037.4130416310463,10093,533195.2427786237,640993.9604926747,10061
