SLAVE_INDEX,DURATION,FAILURES,READS_PER_SEC,READS_PER_SEC_NET,READ_COUNT,REQ_PER_SEC,REQ_PER_SEC_NET,TRANSACTIONS_PER_SEC,TRANSACTION_COUNT,WRITES_PER_SEC,WRITES_PER_SEC_NET,WRITE_COUNT
0,69562698175,0,954856.022162565,7180799.856673893,8285845,953859.7228226333,7154006.403623539,953.7683948491168,8295,466832.904416167,1512237.384590279,8287
