SLAVE_INDEX,DURATION,FAILURES,READS_PER_SEC,READS_PER_SEC_NET,READ_COUNT,REQ_PER_SEC,REQ_PER_SEC_NET,TRANSACTIONS_PER_SEC,TRANSACTION_COUNT,WRITES_PER_SEC,WRITES_PER_SEC_NET,WRITE_COUNT
0,466658046677,0,1118151.3375008982,3.821511052159248E7,10866909,1118873.9243178554,3.812613775704885E7,1118.6680526015705,10879,3182017.940972774,1.1428945273280106E7,10831
