SLAVE_INDEX,DURATION,FAILURES,READS_PER_SEC,READS_PER_SEC_NET,READ_COUNT,REQ_PER_SEC,REQ_PER_SEC_NET,TRANSACTIONS_PER_SEC,TRANSACTION_COUNT,WRITES_PER_SEC,WRITES_PER_SEC_NET,WRITE_COUNT
0,6731950194,0,403092.22128091234,1072216.7636574435,2660338,395576.4560429248,1060919.3244472886,395.65973614507885,2664,20155.08135485439,92045.8077731665,2663
