SLAVE_INDEX,DURATION,FAILURES,READS_PER_SEC,READS_PER_SEC_NET,READ_COUNT,REQ_PER_SEC,REQ_PER_SEC_NET,TRANSACTIONS_PER_SEC,TRANSACTION_COUNT,WRITES_PER_SEC,WRITES_PER_SEC_NET,WRITE_COUNT
0,284153040597,0,3471836.789053529,2.2746529102751363E7,26791727,3020177.1207408314,2.273317642169464E7,3020.2518348933986,26821,23036.20554886743,1.432389759033467E7,26789
