SLAVE_INDEX,DURATION,FAILURES,READS_PER_SEC,READS_PER_SEC_NET,READ_COUNT,REQ_PER_SEC,REQ_PER_SEC_NET,TRANSACTIONS_PER_SEC,TRANSACTION_COUNT,WRITES_PER_SEC,WRITES_PER_SEC_NET,WRITE_COUNT
0,185065195195,0,4059941.870823959,2.013954865566616E7,29989219,3893013.3742374545,2.013163778767027E7,3831.0451957090972,30025,92470.98620418904,1.4455649988179889E7,30001
