SLAVE_INDEX,DURATION,FAILURES,READS_PER_SEC,READS_PER_SEC_NET,READ_COUNT,REQ_PER_SEC,REQ_PER_SEC_NET,TRANSACTIONS_PER_SEC,TRANSACTION_COUNT,WRITES_PER_SEC,WRITES_PER_SEC_NET,WRITE_COUNT
0,446678361536,0,2704700.7717976253,2.1787696912159048E7,20726301,2229472.241671906,2.1779726279748473E7,2231.517396857685,20768,12613.126851091884,1.5944827459719617E7,20720
