SLAVE_INDEX,DURATION,FAILURES,READS_PER_SEC,READS_PER_SEC_NET,READ_COUNT,REQ_PER_SEC,REQ_PER_SEC_NET,TRANSACTIONS_PER_SEC,TRANSACTION_COUNT,WRITES_PER_SEC,WRITES_PER_SEC_NET,WRITE_COUNT
0,470283958069,0,532257.7667294849,532279.9904934393,5176190,528839.1316199438,529097.7022742307,531.0488990410117,5203,70991.83094126568,75551.13213542491,5155
