SLAVE_INDEX,DURATION,FAILURES,READS_PER_SEC,READS_PER_SEC_NET,READ_COUNT,REQ_PER_SEC,REQ_PER_SEC_NET,TRANSACTIONS_PER_SEC,TRANSACTION_COUNT,WRITES_PER_SEC,WRITES_PER_SEC_NET,WRITE_COUNT
0,7859618613,0,232602.4260471802,455756.48192101537,1723276,219476.29839783933,431725.6412051542,219.47629839783932,1725,3823.1024590882466,8038.801148218711,1724
