SLAVE_INDEX,DURATION,FAILURES,READS_PER_SEC,READS_PER_SEC_NET,READ_COUNT,REQ_PER_SEC,REQ_PER_SEC_NET,TRANSACTIONS_PER_SEC,TRANSACTION_COUNT,WRITES_PER_SEC,WRITES_PER_SEC_NET,WRITE_COUNT
0,216872508348,0,8216509.925224202,9187787.17872179,55318685,8170557.70460609,9161502.887615485,8172.385868211608,55389,1240068.0029686352,2374180.909134357,55357
