SLAVE_INDEX,DURATION,FAILURES,READS_PER_SEC,READS_PER_SEC_NET,READ_COUNT,REQ_PER_SEC,REQ_PER_SEC_NET,TRANSACTIONS_PER_SEC,TRANSACTION_COUNT,WRITES_PER_SEC,WRITES_PER_SEC_NET,WRITE_COUNT
0,402550121848,0,1.1527247476626758E7,1.1748986544208381E7,94696068,1.1302840786912074E7,1.1518851289715156E7,11305.271628829176,94812,552610.3672651816,559884.3244170722,94764
