SLAVE_INDEX,DURATION,FAILURES,READS_PER_SEC,READS_PER_SEC_NET,READ_COUNT,REQ_PER_SEC,REQ_PER_SEC_NET,TRANSACTIONS_PER_SEC,TRANSACTION_COUNT,WRITES_PER_SEC,WRITES_PER_SEC_NET,WRITE_COUNT
0,240029990625,0,1295.7878802313267,5469462.522221934,77756,1298.1711126540606,5379195.288957389,12.981711126540606,779,188824.228246531,542715.7837013782,144
1,240228050531,0,1204.804961820773,5437426.581336583,72356,1207.1862522256836,5345989.687401549,12.071862522256835,725,175810.49094163915,565732.520485705,144
2,236720026383,0,60225.227530339565,6772865.516967517,3563562,60337.94528600874,6714526.405475171,603.3794528600874,35708,768309.8817303808,1281189.8958227818,7238
3,240122754394,0,1080.6302824891745,6123264.899924925,64870,1082.7795169023627,5931453.43217051,10.827795169023627,650,143352.10143153614,356646.34468360327,130
4,240265630243,0,629.806841945374,2589775.8142732996,37830,630.9683155542251,2573933.8735334603,6.309683155542252,379,188039.85907755705,597774.5706697637,70
5,240191605974,0,2756.960134606022,9472843.953226881,165546,2762.7943004462554,9273941.887741616,27.627943004462555,1659,265887.88056376495,857177.6216105617,354
6,234911220915,0,129725.72443627958,8939359.900555007,7616844,129957.18076424437,8862625.37276438,1299.571807642444,76321,1190019.8473797205,1676726.7800583926,15256
7,240007710791,0,3475.5764500410633,7906330.448101851,208535,3483.2214233649906,7798002.774783102,34.83221423364991,2090,257066.67300580183,1091460.9028142088,465
