SLAVE_INDEX,DURATION,FAILURES,READS_PER_SEC,READS_PER_SEC_NET,READ_COUNT,REQ_PER_SEC,REQ_PER_SEC_NET,TRANSACTIONS_PER_SEC,TRANSACTION_COUNT,WRITES_PER_SEC,WRITES_PER_SEC_NET,WRITE_COUNT
0,242701694605,0,282.9653870591646,1057518.1725711483,17169,283.4755649810062,1055804.3874381008,2.834755649810062,172,196071.30037965096,556408.1163790396,31
1,242623310203,0,396.65037724614876,1148019.1355450265,24059,397.3237357916817,1142411.162333557,3.9732373579168168,241,103662.96893271388,295464.6181119811,41
2,240588392975,0,2064.135917243636,3056309.466437031,124146,2068.2627031458937,3003486.6762168207,20.682627031458935,1244,90616.727098629,317916.76901437977,254
3,241944917201,0,176.50348360256947,820373.3371058007,10676,176.89976915052588,817648.7730091236,1.768997691505259,107,140353.74993055413,330050.02320664225,24
4,239571149825,0,10865.963155399919,4435746.248683791,650668,10886.118808149775,4360329.978671332,108.86118808149774,6520,115953.03031753894,468587.3235519834,1332
5,242604059706,0,980.653784925005,3283609.96138403,59477,982.671107354532,3257173.5387494965,9.826711073545319,596,186330.32276047615,665667.2637828301,123
6,242073938823,0,468.32191138247,2353670.998449959,28342,469.27810797122703,2339089.9173549702,4.692781079712271,284,205107.53115954713,580817.5006321397,58
7,243462215545,0,258.9654438917436,1102852.8533518817,15762,259.58853557018796,1098269.9450557441,2.5958853557018795,158,130895.23730789832,403233.2943364292,38
