SLAVE_INDEX,DURATION,FAILURES,READS_PER_SEC,READS_PER_SEC_NET,READ_COUNT,REQ_PER_SEC,REQ_PER_SEC_NET,TRANSACTIONS_PER_SEC,TRANSACTION_COUNT,WRITES_PER_SEC,WRITES_PER_SEC_NET,WRITE_COUNT
0,235565713823,0,82939.7012308476,6503912.5952811185,4883524,83091.88838366888,6465937.872790974,830.9188838366888,48934,896693.3411598791,1663405.5289117137,9876
1,240012397204,0,2441.999382959743,5682369.766608133,146524,2446.5402905871806,5598791.141663594,24.46540290587181,1468,190853.12209949497,635615.1764638148,276
2,240138390769,0,1492.6975743000423,5566672.137860798,89612,1495.8041438094367,5481891.20118614,14.958041438094368,898,187290.86994367576,663701.7790208457,188
3,234137263525,0,118464.61296825843,7129247.506553778,6932270,118665.39986717392,7052343.602013163,1186.6543040886872,69460,823402.2458374229,1093862.3628239785,13728
