SLAVE_INDEX,DURATION,FAILURES,READS_PER_SEC,READS_PER_SEC_NET,READ_COUNT,REQ_PER_SEC,REQ_PER_SEC_NET,TRANSACTIONS_PER_SEC,TRANSACTION_COUNT,WRITES_PER_SEC,WRITES_PER_SEC_NET,WRITE_COUNT
0,240710411046,0,986.7890325153178,6311578.633092353,59382,988.7399509052309,6208260.048258006,9.88739950905231,595,194584.77176278137,672046.8382474385,118
1,240095612219,0,1374.8401859100818,6504189.226491767,82522,1377.7844457160058,6386903.434402863,13.77784445716006,827,192083.87806558586,682367.508572721,178
2,238881209299,0,23536.581371382705,6983522.663961868,1405468,23581.595289686862,6911929.997064528,235.81595289686862,14083,463674.3787733406,1135392.2139637005,2832
3,240433946932,0,629.1336236752077,6591640.333775873,37816,630.526603811382,6488061.517436901,6.305266038113819,379,195678.30486679898,803560.5384812227,84
4,240379150824,0,381.8487987522612,5355536.861238103,22947,382.72870040779975,5253666.431013078,3.827287004077997,230,165212.35632564602,568849.5822175473,53
5,240017123276,0,6571.486559693573,9310089.054052338,394297,6584.53021363259,9140130.960078627,65.8453021363259,3951,259627.20217336743,917326.6496814631,803
6,240446455526,0,3072.8404330744434,8089812.121156179,184708,3079.2718419587554,7908065.808437167,30.792718419587555,1851,223163.2970384608,682560.8743744099,392
7,237349357885,0,65054.60774279949,8521764.991158042,3859559,65174.82978612104,8451404.722240016,651.7649585753879,38674,827908.1174909839,1651933.8823172075,7742
