SLAVE_INDEX,DURATION,FAILURES,READS_PER_SEC,READS_PER_SEC_NET,READ_COUNT,REQ_PER_SEC,REQ_PER_SEC_NET,TRANSACTIONS_PER_SEC,TRANSACTION_COUNT,WRITES_PER_SEC,WRITES_PER_SEC_NET,WRITE_COUNT
0,193443032717,0,1030305.8299942352,1032196.7366063743,49377595,1021547.8181067293,1023406.1139193196,102.19014393785051,4942,57927.94444878181,57930.3259294344,25232
1,196597963088,0,1056601.8354938957,1058590.1546761326,51429017,1046934.305763228,1048886.11538828,104.72118011661426,5147,57351.00620225286,57355.400458585464,27271
