SLAVE_INDEX,DURATION,FAILURES,READS_PER_SEC,READS_PER_SEC_NET,READ_COUNT,REQ_PER_SEC,REQ_PER_SEC_NET,TRANSACTIONS_PER_SEC,TRANSACTION_COUNT,WRITES_PER_SEC,WRITES_PER_SEC_NET,WRITE_COUNT
0,190769236886,0,1007160.1501067907,1008979.6227005091,47605973,998709.4937841203,1000498.0156202462,99.91113999031698,4765,58357.427445197616,58360.133158806035,24789
1,194978785142,0,1046811.1038447227,1048761.9308409544,50605718,1038649.7579852687,1040570.8620127428,103.9085919448301,5065,57093.40580828167,57103.21888604177,22949
2,190906467889,0,1006030.8762816155,1007837.0413705392,47585437,997557.2127327234,999332.5035776254,99.81836854694899,4764,57672.62619970924,57675.00945797516,24594
3,194340569297,0,1046750.277180828,1048709.5489838717,50391603,1037715.5975693293,1039640.5662547508,103.8175990478793,5044,58442.7146045857,58445.15050826085,25957
