SLAVE_INDEX,DURATION,FAILURES,READS_PER_SEC,READS_PER_SEC_NET,READ_COUNT,REQ_PER_SEC,REQ_PER_SEC_NET,TRANSACTIONS_PER_SEC,TRANSACTION_COUNT,WRITES_PER_SEC,WRITES_PER_SEC_NET,WRITE_COUNT
0,158179741280,0,3.8861929017083734E7,4.852828860270061E7,190410020,3.852217948197165E7,4.840051433410292E7,38520.981772444815,190432,221270.93780491137,910960.3618692235,9617
