SLAVE_INDEX,DURATION,FAILURES,READS_PER_SEC,READS_PER_SEC_NET,READ_COUNT,REQ_PER_SEC,REQ_PER_SEC_NET,TRANSACTIONS_PER_SEC,TRANSACTION_COUNT,WRITES_PER_SEC,WRITES_PER_SEC_NET,WRITE_COUNT
0,228181898590,0,231064.48547836457,6343371.933804736,13133339,230686.1338487735,6291287.16663792,2306.861338487735,131596,126827.87732186359,1232055.156061219,26261
1,229152571937,0,226670.6499743413,6557844.210709931,12961480,226701.3612846649,6530312.3604759835,2267.013612846649,129873,243245.58438078273,2101451.5194442663,25820
2,229133550796,0,231312.94132171225,7266951.691880674,13218057,231213.1410522568,7237288.592649656,2312.1362522858635,132447,190412.39160203157,2390720.9128412907,26615
3,227857237281,0,235710.45073546263,6741405.2184454305,13399413,235695.33555684084,6690752.79657303,2356.967001607934,134263,228375.69939019732,1406983.247956459,26809
