SLAVE_INDEX,DURATION,FAILURES,READS_PER_SEC,READS_PER_SEC_NET,READ_COUNT,REQ_PER_SEC,REQ_PER_SEC_NET,TRANSACTIONS_PER_SEC,TRANSACTION_COUNT,WRITES_PER_SEC,WRITES_PER_SEC_NET,WRITE_COUNT
0,198046584247,0,1046962.2460791487,3444131.32021314,51332513,1038853.5241961214,3384289.0672439327,10388.543912285762,514354,213487.96027449417,349862.0883011017,102835
1,200601610466,0,1002126.9595250724,3369309.110029011,49807132,995146.5471102735,3314508.2009539693,9951.465471102734,499070,222431.32504528938,363763.81845861214,99868
