SLAVE_INDEX,DURATION,FAILURES,READS_PER_SEC,READS_PER_SEC_NET,READ_COUNT,REQ_PER_SEC,REQ_PER_SEC_NET,TRANSACTIONS_PER_SEC,TRANSACTION_COUNT,WRITES_PER_SEC,WRITES_PER_SEC_NET,WRITE_COUNT
0,218304401706,0,645196.9478953789,645328.3999112158,35198156,644937.6508203058,645069.3849312396,64.53373192601286,3522,1183.2277556651977,1184.9969360992682,26
1,217553631200,0,604312.1700119297,604473.332400929,32856593,604110.7899466768,604272.2713343296,60.435664112843405,3287,1705.5825587787765,1709.1919834871103,31
