SLAVE_INDEX,DURATION,FAILURES,READS_PER_SEC,READS_PER_SEC_NET,READ_COUNT,REQ_PER_SEC,REQ_PER_SEC_NET,TRANSACTIONS_PER_SEC,TRANSACTION_COUNT
0,3290595076,0,1.2155856030947274E7,1.217402437440186E7,10000000,1.2155856030947274E7,1.217402437440186E7,1218.0088179589977,1002
1,3363078596,0,1.189386416587928E7,1.197310307647282E7,10000000,1.189386416587928E7,1.197310307647282E7,1190.5710918092116,1001
