SLAVE_INDEX,DURATION,FAILURES,READS_PER_SEC,READS_PER_SEC_NET,READ_COUNT,REQ_PER_SEC,REQ_PER_SEC_NET,TRANSACTIONS_PER_SEC,TRANSACTION_COUNT
0,25808457167,0,1549879.5507678012,1551702.9782805154,10000000,1549879.5507678012,1551702.9782805154,155.29737899540345,1002
1,27082789618,0,1476952.7276988798,1478809.6788453867,10000000,1476952.7276988798,1478809.6788453867,147.99014680760695,1002
2,30142022480,0,1327050.964365149,1328556.5518720176,10000000,1327050.964365149,1328556.5518720176,132.97009218227416,1002
3,29603338079,0,1351198.9726717738,1352553.9187840002,10000000,1351198.9726717738,1352553.9187840002,135.38970659385976,1002
