SLAVE_INDEX,DURATION,FAILURES,READS_PER_SEC,READS_PER_SEC_NET,READ_COUNT,REQ_PER_SEC,REQ_PER_SEC_NET,TRANSACTIONS_PER_SEC,TRANSACTION_COUNT,WRITES_PER_SEC,WRITES_PER_SEC_NET,WRITE_COUNT
0,228828688172,0,304133.699761001,304985.19870329334,11795127,206598.64100809352,206993.28769766682,20.69662645391328,1184,1291.5976116480379,1291.653032766925,23797
1,229038289969,0,323896.59081821906,324770.1322529089,12314965,215498.238336832,215886.3977003376,21.585741542521188,1236,1266.848809351246,1266.8939087336425,24372
2,228438919267,0,325442.9774761206,326418.94744222454,12700195,222803.19029399517,223262.9926092887,22.32539989179012,1275,1328.9727469561778,1329.0414901082556,24035
3,229147509997,0,311353.60920769593,312584.4092039492,11789616,206247.3731467505,206788.6749814504,20.667878561305592,1184,1320.8248068296516,1320.8833941886085,25652
