SLAVE_INDEX,DURATION,FAILURES,READS_PER_SEC,READS_PER_SEC_NET,READ_COUNT,REQ_PER_SEC,REQ_PER_SEC_NET,TRANSACTIONS_PER_SEC,TRANSACTION_COUNT,WRITES_PER_SEC,WRITES_PER_SEC_NET,WRITE_COUNT
0,224934530655,0,360999.16751893645,361143.17380196793,19669739,349793.26549323223,349939.9593312311,35.01462267921956,1969,233.01143668322243,233.2579889396902,407
1,224492332459,0,370244.5375670783,370357.57994511025,20137552,358817.6893066561,358929.983352801,35.921029473050986,2016,232.5160300351849,232.64453904338743,403
2,221143907645,0,373908.9559902187,374019.9242098307,20008288,361912.154181877,362022.10001903586,36.21169883799734,2002,213.53865837464355,213.64868850853432,379
3,221509076043,0,369678.10176210373,369787.34693745483,19844539,358359.0226550833,358468.06551092974,35.88114003661135,1987,238.70175061618338,238.84063169458403,405
4,225079311032,0,353469.979885593,353606.2690483109,19294518,342899.2013798515,343037.59854555206,34.3345435579126,1932,214.3945199924492,214.6064679300825,361
5,224462215316,0,348767.96460203733,348913.15262262325,19028916,339109.33246756677,339257.6912347291,33.947794425319614,1905,252.063397522877,252.36135684424931,392
6,224534303267,0,361635.3046562925,361781.4959859593,19649819,350061.7716596003,350209.90115611727,35.04137623619759,1967,222.5229641407702,222.74433943969237,400
7,223448368227,0,384264.225443236,384377.2145318442,20724300,370998.0818288341,371110.0225362769,37.109227247436785,2073,222.31768933045163,222.43255216218728,429
