SLAVE_INDEX,DURATION,FAILURES,READS_PER_SEC,READS_PER_SEC_NET,READ_COUNT,REQ_PER_SEC,REQ_PER_SEC_NET,TRANSACTIONS_PER_SEC,TRANSACTION_COUNT,WRITES_PER_SEC,WRITES_PER_SEC_NET,WRITE_COUNT
0,221610953961,0,424999.0333566467,425193.3495563849,23541757,424928.7064418856,425152.0477984451,42.524958791252985,2356,44615.43992471218,70813.17307862904,457
