SLAVE_INDEX,DURATION,FAILURES,READS_PER_SEC,READS_PER_SEC_NET,READ_COUNT,REQ_PER_SEC,REQ_PER_SEC_NET,TRANSACTIONS_PER_SEC,TRANSACTION_COUNT,WRITES_PER_SEC,WRITES_PER_SEC_NET,WRITE_COUNT
0,223861514820,0,403958.11225612817,404057.2673419054,22309840,398644.3139713227,398746.54422528576,39.899653345116974,2233,596.7912074192598,597.4357838230036,440
1,223337531720,0,400426.15288692794,400527.77222856536,22083224,395520.69605007453,395625.8660923554,39.599250317276976,2211,627.6657376696777,628.4458767563904,430
2,223364919096,0,417225.49230936,417342.7785966792,22958553,411148.0189981391,411268.65568772773,41.15236655478826,2298,562.3058146735216,562.9386165460915,458
3,224201512469,0,399006.43719119916,399112.4340698885,22083555,394002.51598308946,394112.85102858883,39.446646130482215,2211,617.8842125915106,618.7567651317516,435
