SLAVE_INDEX,DURATION,FAILURES,READS_PER_SEC,READS_PER_SEC_NET,READ_COUNT,REQ_PER_SEC,REQ_PER_SEC_NET,TRANSACTIONS_PER_SEC,TRANSACTION_COUNT,WRITES_PER_SEC,WRITES_PER_SEC_NET,WRITE_COUNT
0,226198294422,0,330402.8613475981,331164.1751882793,16418579,290967.1276177347,291564.84136153746,29.124709326645934,1647,5175.465125231925,5176.740515005937,35488
1,226180552589,0,346088.8994214419,346949.5138273321,17211915,305035.06694215845,305714.76513059833,30.52404939473645,1726,5333.580239957754,5335.42430572186,36335
