SLAVE_INDEX,DURATION,FAILURES,READS_PER_SEC,READS_PER_SEC_NET,READ_COUNT,REQ_PER_SEC,REQ_PER_SEC_NET,TRANSACTIONS_PER_SEC,TRANSACTION_COUNT,WRITES_PER_SEC,WRITES_PER_SEC_NET,WRITE_COUNT
0,198084451840,0,1448608.9452739614,4484413.76253895,71415941,1444984.9513236787,4477827.928770506,144.52419565093857,7157,638183.0158869907,2570291.4614159963,141322
1,192965193942,0,1424253.2355904751,4774292.786843218,68230506,1417238.821225966,4774340.076930966,141.7664865666042,6839,414562.2399427866,4797677.832074646,138935
