SLAVE_INDEX,DURATION,FAILURES,READS_PER_SEC,READS_PER_SEC_NET,READ_COUNT,REQ_PER_SEC,REQ_PER_SEC_NET,TRANSACTIONS_PER_SEC,TRANSACTION_COUNT,WRITES_PER_SEC,WRITES_PER_SEC_NET,WRITE_COUNT
0,240393229084,0,86702.72815057369,5303511.749751358,5208881,86857.68762939639,5204443.7199522015,8.68576876293964,522,533744.270178575,,11119
1,244964961686,0,54498.83015628239,5824296.958655354,3154719,51617.74938330965,5802265.2285664985,5.176249707876388,317,1912.2296122910166,2028799.0812221617,6416
2,240990453260,0,97073.27411379226,5573658.961081795,5739058,95439.46529361368,5567367.633713462,9.543946529361367,575,9711.313999964455,3497018.0905648423,10942
3,241776876093,0,58784.28779013093,5671241.155916032,3553096,58897.278474731196,5670845.142626084,5.88972784747312,356,5457400.1266727075,5474123.388993,6904
