SLAVE_INDEX,DURATION,FAILURES,READS_PER_SEC,READS_PER_SEC_NET,READ_COUNT,REQ_PER_SEC,REQ_PER_SEC_NET,TRANSACTIONS_PER_SEC,TRANSACTION_COUNT,WRITES_PER_SEC,WRITES_PER_SEC_NET,WRITE_COUNT
0,171240021800,0,2432376.4842535583,4862964.077795378,103364434,2419322.4436975634,4858598.343535828,241.97021079254364,10359,656921.2545386968,3353579.007097869,206773
1,162813253064,0,2409129.2674030247,4926387.268335072,97350309,2396569.3741566576,4919177.693913853,239.69723595133442,9757,672584.0264310084,2860787.0796710057,198005
2,178971755687,0,2065874.8073198665,4906122.074401029,91706062,2053722.4691633196,4902684.862933795,205.37317660240225,9189,521311.8195783473,3631354.7737713535,183517
3,197310807732,0,1302134.4706384218,4912142.092698838,63955851,1299154.4809252082,4912824.7802918395,129.92698267629467,6409,607240.3498576413,5278046.819439963,128454
