SLAVE_INDEX,DURATION,FAILURES,READS_PER_SEC,READS_PER_SEC_NET,READ_COUNT,REQ_PER_SEC,REQ_PER_SEC_NET,TRANSACTIONS_PER_SEC,TRANSACTION_COUNT,WRITES_PER_SEC,WRITES_PER_SEC_NET,WRITE_COUNT
0,222634491713,0,522538.5194482019,4350023.154059791,28989831,521934.11320019135,4350351.193409503,52.211131698480976,2906,335421.47519850475,4513996.031960721,60303
1,222361525544,0,514426.2427857223,4105327.1912764465,28258762,509430.1261104861,4105696.4117139205,50.94406093723066,2832,92205.98780125332,4285259.008927258,60653
