SLAVE_INDEX,DURATION,FAILURES,READS_PER_SEC,READS_PER_SEC_NET,READ_COUNT,REQ_PER_SEC,REQ_PER_SEC_NET,TRANSACTIONS_PER_SEC,TRANSACTION_COUNT,WRITES_PER_SEC,WRITES_PER_SEC_NET,WRITE_COUNT
0,151660888272,0,3355013.4123549163,5337753.363900068,126702232,3348527.2688710657,5338722.85129241,334.90496855235523,12698,1717457.6050035288,5861724.766542232,257923
1,181370365701,0,2022881.9781323476,5287792.524059792,91168137,2014601.8153945059,5288602.201304754,201.37783861724859,9136,653400.3131211171,5735584.097821726,179130
