SLAVE_INDEX,DURATION,FAILURES,READS_PER_SEC,READS_PER_SEC_NET,READ_COUNT,REQ_PER_SEC,REQ_PER_SEC_NET,TRANSACTIONS_PER_SEC,TRANSACTION_COUNT,WRITES_PER_SEC,WRITES_PER_SEC_NET,WRITE_COUNT
0,211888033484,0,809167.2254715653,4605761.202147585,42381254,801672.266276551,4594454.943290783,80.06696793355283,4247,142600.14147443042,2065019.3350308791,84936
1,196185423709,0,1360476.348035629,4292369.162072802,66109535,1350684.1588447932,4293601.340201476,135.09660639504662,6626,301265.6928200197,4986338.363344424,136601
2,223415826310,0,493480.5289051806,4862877.516576169,27275033,489311.79946184,4861488.469249824,48.931179946184,2733,94247.67671662499,4257971.224319525,54967
3,208298726586,0,945393.7285306484,4455372.2171719195,48940290,941701.9451581411,4455554.844008332,94.17243934477516,4904,320365.1140789029,4548146.845015927,98539
4,194249104002,0,1430620.4066631151,4280861.517384202,68772223,1419002.1283040873,4281370.781697835,141.83692682852302,6891,280739.57162507187,4551709.372150509,137750
5,213799670074,0,766342.0429829209,4719699.706891308,40773723,764347.6154263394,4719936.02735874,76.46407728353863,4087,329935.3321693111,4842607.592229776,80594
6,214266616064,0,710386.0851604693,4783135.276533451,37765445,706409.6254490237,4782702.764439768,70.64096254490237,3784,184179.70654707015,4573230.505830547,74555
7,193138581768,0,1465838.4243804554,4362285.1115369,70203974,1456826.2924182788,4361817.6755364,145.72347894575933,7037,353650.3979402752,4136905.5411675684,138367
