SLAVE_INDEX,DURATION,FAILURES,READS_PER_SEC,READS_PER_SEC_NET,READ_COUNT,REQ_PER_SEC,REQ_PER_SEC_NET,TRANSACTIONS_PER_SEC,TRANSACTION_COUNT,WRITES_PER_SEC,WRITES_PER_SEC_NET,WRITE_COUNT
0,168182150337,0,2030391.8793276756,4674709.6516943425,84786310,2020603.6807060475,4675992.131400378,202.0665969472806,8496,596137.9359009914,5411908.866577976,171058
1,183262065255,0,1721778.5734994956,4730552.224385872,78394006,1714474.097859855,4731711.890819421,171.41647446803347,7856,546248.6527450175,5398904.851366988,155510
2,205494601105,0,968429.9236971461,4815112.432036459,49533193,966059.4435693411,4815682.740536151,96.6059443569341,4963,428894.22757135157,5126354.372729523,96807
3,174091318072,0,2105792.699678271,4624654.29593331,91232429,2100397.7685364606,4625201.892339735,210.05130325458495,9143,921853.5540116196,4915655.240744871,182825
