SLAVE_INDEX,DURATION,FAILURES,READS_PER_SEC,READS_PER_SEC_NET,READ_COUNT,REQ_PER_SEC,REQ_PER_SEC_NET,TRANSACTIONS_PER_SEC,TRANSACTION_COUNT,WRITES_PER_SEC,WRITES_PER_SEC_NET,WRITE_COUNT
0,210278849526,0,918048.931846283,3453571.550065697,48251574,917877.6678447406,3452961.5831504483,91.80189680987026,4826,91030.54290579045,359700.414199927,991
1,233912034089,0,179216.6288309074,3685130.9241843093,10479815,179212.66925518707,3684500.6335556847,17.921266925518708,1048,79594.8321872036,344706.79426407896,185
2,233086121887,0,182884.437552057,3662519.939560946,10656514,182880.21463871395,3661944.3354917583,18.293664865168495,1066,81084.20335959572,383657.74597159366,196
3,232795066769,0,201042.2844692224,3432164.758041592,11699740,201035.18794253113,3431527.8532230686,20.103518794253112,1170,77667.58854609187,366991.1244608053,260
4,203513479390,0,1126554.4840671984,3608927.4457670646,57299177,1126221.6570961059,3608515.348797404,112.6261550592149,5732,71349.45165220171,537436.1222552181,1145
5,236006319281,0,118241.72898180554,3538136.91640493,6976220,118240.4101933154,3537563.448256577,11.83018938830195,698,78031.79020300538,416762.11715155514,151
