SLAVE_INDEX,DURATION,FAILURES,READS_PER_SEC,READS_PER_SEC_NET,READ_COUNT,REQ_PER_SEC,REQ_PER_SEC_NET,TRANSACTIONS_PER_SEC,TRANSACTION_COUNT,WRITES_PER_SEC,WRITES_PER_SEC_NET,WRITE_COUNT
0,165487921913,0,3098434.579938854,3416845.3220628183,128126358,3096996.9172096965,3416446.4829245093,309.75049833623837,12815,126801.24402112525,495656.7055878263,2538
1,163655416166,0,3161971.281686406,3435153.1117433063,129328864,3161067.883480634,3434366.275480118,316.12319344673955,12934,208254.16501837078,277696.1629417934,2606
2,167900774329,0,2904517.597251789,3367354.258553207,121865560,2903334.746061402,3366931.9164812127,290.3618350110592,12188,138070.48640413152,469706.9577333398,2478
3,159815406878,0,3457868.536583594,4156197.9965504664,138100966,3456581.43223765,4155493.1131807566,345.69872981811017,13812,177101.57922326698,440331.19694978645,2776
