SLAVE_INDEX,DURATION,FAILURES,READS_PER_SEC,READS_PER_SEC_NET,READ_COUNT,REQ_PER_SEC,REQ_PER_SEC_NET,TRANSACTIONS_PER_SEC,TRANSACTION_COUNT,WRITES_PER_SEC,WRITES_PER_SEC_NET,WRITE_COUNT
0,168541619197,0,2850906.8309026994,3406304.6587081817,120059948,2849439.4102068073,3406120.4907924794,284.9858376665623,12008,103745.49333298026,901094.7239649711,2335
1,166512468294,0,2822729.669597919,3600561.340127896,117440997,2821250.2812134908,3599937.62042938,282.1409397596036,11745,103328.50934914366,371354.62470211287,2340
2,169573967388,0,2737258.891673894,3452632.757864975,115983151,2735925.7977284966,3452290.9415783277,273.6503853444643,11601,106909.0720888292,575485.3151969024,2297
3,160236366808,0,3434239.6045059217,4113886.0137247858,137515758,3432890.666193867,4113164.874288701,343.3237703579459,13754,164810.84801458515,417606.8986084101,2724
