SLAVE_INDEX,DURATION,FAILURES,READS_PER_SEC,READS_PER_SEC_NET,READ_COUNT,REQ_PER_SEC,REQ_PER_SEC_NET,TRANSACTIONS_PER_SEC,TRANSACTION_COUNT,WRITES_PER_SEC,WRITES_PER_SEC_NET,WRITE_COUNT
0,139511806972,0,5163054.118424712,5402870.093767051,180041420,5162145.625026132,5402162.884881629,516.281799977659,18007,532782.9760203457,723794.7730146042,3646
