SLAVE_INDEX,DURATION,FAILURES,READS_PER_SEC,READS_PER_SEC_NET,READ_COUNT,REQ_PER_SEC,REQ_PER_SEC_NET,TRANSACTIONS_PER_SEC,TRANSACTION_COUNT,WRITES_PER_SEC,WRITES_PER_SEC_NET,WRITE_COUNT
0,177831157161,0,2135994.6643449874,3915447.765379869,94388848,2127425.0139275906,3916546.362446,212.7659043387082,9461,715158.58036899,4544109.003072093,191765
1,178874086457,0,2096948.9406206587,3775946.7269050437,92979563,2083418.673892638,3776789.6850283877,208.36997579483761,9318,496776.52361305576,4245990.285319347,187840
