SLAVE_INDEX,DURATION,FAILURES,READS_PER_SEC,READS_PER_SEC_NET,READ_COUNT,REQ_PER_SEC,REQ_PER_SEC_NET,TRANSACTIONS_PER_SEC,TRANSACTION_COUNT,WRITES_PER_SEC,WRITES_PER_SEC_NET,WRITE_COUNT
0,186639816180,0,1830638.8828544824,3106561.4042894323,85354727,1829329.6628127873,3106403.9615047956,182.9834077949074,8538,49876.841950534326,880437.0590417696,1711
1,187608695511,0,1798318.6404574239,3186586.7678856873,84288283,1797144.8449212813,3186394.630667762,179.71448449212815,8429,54389.33452075461,804657.6414884666,1717
2,186582708628,0,1819756.6085963515,3271315.176885441,84718272,1816245.4736126878,3271118.038668488,181.62454736126878,8472,18999.40371503928,827191.9239644035,1728
3,187238785206,0,1814813.1428623656,3173636.076062323,84898275,1813726.7854326884,3173450.414957574,181.37267854326885,8490,59542.17657997021,818065.8339072638,1725
4,188112697897,0,1846286.8567727993,3261750.308587483,86758255,1844851.5378266475,3261537.6650313353,184.48515378266475,8676,46526.833224552975,768997.9681046525,1745
5,186603866506,0,1861772.9374553147,3305346.149768132,86793576,1860526.1428965987,3305125.1367798266,186.05379297399665,8680,54892.1822558691,771438.104480093,1767
6,186668921979,0,1869928.749738577,3243409.9416993135,87208239,1868763.1358327768,3243204.0206739474,186.8763135832777,8721,58638.21291505141,782606.6668222103,1761
7,186763759225,0,1840064.6972328385,3199980.6270557977,85858372,1838900.6594488567,3199809.789710821,183.89006594488566,8586,53514.31559303366,838622.8041527283,1628
