SLAVE_INDEX,DURATION,FAILURES,READS_PER_SEC,READS_PER_SEC_NET,READ_COUNT,REQ_PER_SEC,REQ_PER_SEC_NET,TRANSACTIONS_PER_SEC,TRANSACTION_COUNT,WRITES_PER_SEC,WRITES_PER_SEC_NET,WRITE_COUNT
0,144925966292,0,4428365.372995768,5628299.662160278,160114225,4419289.657931743,5627849.429554834,441.9635592013655,16013,43089.04381577635,1133693.0612879347,3231
1,144775540872,0,4408551.553747098,5590376.223405977,159496774,4406820.628382754,5590004.161786654,440.7373411140572,15952,213346.45108206445,1290455.198350275,3186
