SLAVE_INDEX,DURATION,FAILURES,READS_PER_SEC,READS_PER_SEC_NET,READ_COUNT,REQ_PER_SEC,REQ_PER_SEC_NET,TRANSACTIONS_PER_SEC,TRANSACTION_COUNT,WRITES_PER_SEC,WRITES_PER_SEC_NET,WRITE_COUNT
0,177985305824,0,2390819.307641707,3826782.872322152,106335192,2389800.697483448,3826492.205833213,239.02314907291563,10636,108755.05644928687,807404.723672742,2160
1,175184060268,0,2483767.6288927365,3929000.4311642153,108731764,2482735.628656094,3928750.4462874527,248.31018674346942,10875,113436.0831920725,935775.2322403337,2163
2,176270799046,0,2420835.6955601596,3877107.3907910283,106633490,2419814.412304834,3876835.943447053,242.0321569875981,10666,111109.64989233846,871518.8933924075,2165
3,178094756726,0,2338516.450397339,3716726.3418603595,104075209,2337571.5919615454,3716449.954223526,233.78999497942993,10410,111285.86515581193,793790.0842514521,2102
