SLAVE_INDEX,DURATION,FAILURES,READS_PER_SEC,READS_PER_SEC_NET,READ_COUNT,REQ_PER_SEC,REQ_PER_SEC_NET,TRANSACTIONS_PER_SEC,TRANSACTION_COUNT,WRITES_PER_SEC,WRITES_PER_SEC_NET,WRITE_COUNT
0,157118258672,0,3647511.318984857,5361007.274453639,143217810,3646186.71847649,5360593.2974814605,364.667952118512,14324,187340.96156422852,1088245.003083747,2817
1,158043019950,0,3624700.892276308,5283807.809163046,143160615,3623406.109179452,5283389.115523563,362.34675390355653,14317,194197.68043075138,1074473.8171674833,2896
