SLAVE_INDEX,DURATION,FAILURES,READS_PER_SEC,READS_PER_SEC_NET,READ_COUNT,REQ_PER_SEC,REQ_PER_SEC_NET,TRANSACTIONS_PER_SEC,TRANSACTION_COUNT,WRITES_PER_SEC,WRITES_PER_SEC_NET,WRITE_COUNT
0,193633681195,0,1508678.570195005,3198117.9340665042,72992960,1507887.234276985,3197914.859686356,150.82084977813986,7301,56082.98302087689,773598.783896435,1479
1,191998416363,0,1521511.0445281845,3016623.9270586013,72994559,1520763.1684209467,3016402.001179717,152.0963155134803,7301,59893.4222812407,648604.5082202133,1471
2,193597937139,0,1492195.5354862611,3190932.197640977,72179852,1491365.7462822043,3190730.1814316274,149.17509489807702,7220,53069.54461027353,780983.4485297103,1481
3,192333246481,0,1553559.85684751,3283878.851898302,74661677,1552787.0166196304,3283678.4108862244,155.30129073283976,7468,58923.57053831126,798810.454002422,1465
4,193443634023,0,1483717.7770199166,3083511.0510505023,71714030,1482922.782384727,3083316.1967286486,148.3222253438096,7173,54389.81326012308,752470.119465561,1463
5,196289148264,0,1379264.4042677,3122613.908089446,67647764,1378560.834326205,3122416.063849949,137.8782015760165,6766,52604.101388852985,755886.7997401053,1369
6,198515350285,0,1401901.970488471,3291237.931906141,69539618,1401221.2939737502,3291024.81579444,140.13504016663035,6955,54485.1070135266,765997.6663987638,1366
7,190872065859,0,1575227.4386727249,3435931.349355865,75124766,1574380.3612519584,3435704.863498254,157.46670661024973,7514,57884.54456476936,815809.2403093885,1542
