SLAVE_INDEX,DURATION,FAILURES,READS_PER_SEC,READS_PER_SEC_NET,READ_COUNT,REQ_PER_SEC,REQ_PER_SEC_NET,TRANSACTIONS_PER_SEC,TRANSACTION_COUNT,WRITES_PER_SEC,WRITES_PER_SEC_NET,WRITE_COUNT
0,236444207135,0,155839.6555133584,4371055.48022039,9079293,153947.52293177173,4369873.838084326,15.394752293177174,910,24344.77557428954,3906794.822190319,20707
1,230712228802,0,265519.1540289908,4369712.185269735,15278431,265438.8990041655,4368895.899785091,26.54388990041655,1531,231564.8612019099,4006661.396625274,31569
2,236802411178,0,238069.5406812021,4187723.949105105,13953962,236207.64552923,4187724.038906635,23.631514981110303,1399,50495.51500045698,4187766.269210159,29673
3,235221799555,0,168988.26352808933,3777845.7150107687,9720570,165630.90697250745,3778365.0098581584,16.563090697250747,974,15140.776992461166,4057384.7430222067,19430
4,232604384865,0,208447.15310159128,4988958.673719323,12093115,208422.55414977256,4986296.324729339,20.842255414977256,1212,197916.7034555121,4021077.7161325533,26885
5,225814080503,0,390836.27877453616,4633703.826732238,21644875,384209.9120070033,4632416.860350124,38.45641162457705,2171,42072.76114235224,4087848.5696096807,45127
