SLAVE_INDEX,DURATION,FAILURES,READS_PER_SEC,READS_PER_SEC_NET,READ_COUNT,REQ_PER_SEC,REQ_PER_SEC_NET,TRANSACTIONS_PER_SEC,TRANSACTION_COUNT,WRITES_PER_SEC,WRITES_PER_SEC_NET,WRITE_COUNT
0,208277757605,0,1317637.1375894984,3712744.4702710896,68584976,1317209.245743358,3712511.0296803406,131.74710840937888,6860,76380.43854071133,895578.4000991603,1371
1,193280282269,0,1559216.901192328,3579584.1401659725,75307149,1558537.438292611,3578791.907447102,155.86299522995316,7532,67689.93096149481,293683.5131446778,1490
2,191784568755,0,1587876.8896997964,3621029.396509949,76098586,1587199.7104671332,3620763.1678713923,158.7540824004182,7612,70878.32577825435,772315.1738294614,1517
3,204248248019,0,1565926.5071756225,3573710.975631964,79921137,1565208.2360591951,3573297.381053436,156.4886630364825,7993,66358.70110018167,533407.6970927884,1623
4,188560154846,0,1769464.5270686897,3808789.2423385307,83374809,1768696.2140669604,3808526.4390329584,176.87720264453364,8338,74816.90737645811,828346.7618065316,1599
5,196504291007,0,1542865.209562989,3516994.6840329804,75759988,1542186.0074760641,3516748.6644766666,154.22619900679288,7577,68659.10848732287,797402.6430510965,1554
