SLAVE_INDEX,DURATION,FAILURES,READS_PER_SEC,READS_PER_SEC_NET,READ_COUNT,REQ_PER_SEC,REQ_PER_SEC_NET,TRANSACTIONS_PER_SEC,TRANSACTION_COUNT,WRITES_PER_SEC,WRITES_PER_SEC_NET,WRITE_COUNT
0,182752252123,0,2105792.2676148135,3483291.9254496996,96155218,2104643.655724302,3483020.547759354,210.51446377747118,9618,72605.70765323436,696953.783856557,1874
1,185863975838,0,1986669.6302828346,3245370.551837256,92248115,1985322.8595605977,3244309.39248733,198.53228595605978,9225,58092.42236279047,190824.1619630451,1885
2,178382822746,0,2200793.048452091,3593353.373977316,98090100,2199584.2534608524,3593073.2770665972,219.99865968042138,9811,75384.92911948796,718765.9855650964,1912
3,186764979278,0,1940284.5264906476,3214213.4767853585,90548099,1939335.7437791624,3214001.0909583475,193.93357437791624,9055,79835.78689963822,774948.8904696777,1901
4,181817329395,0,2123532.3068000106,3536599.887596879,96467987,2122349.9502716367,3536296.2917010076,212.23499502716365,9647,76667.14185314118,691512.2708646351,2013
5,181913073989,0,2121146.259345002,3493670.4218018916,96408048,2119913.6023797775,3493422.914511492,211.99136023797774,9641,71373.87813870126,776494.8794399212,1952
