SLAVE_INDEX,DURATION,FAILURES,READS_PER_SEC,READS_PER_SEC_NET,READ_COUNT,REQ_PER_SEC,REQ_PER_SEC_NET,TRANSACTIONS_PER_SEC,TRANSACTION_COUNT,WRITES_PER_SEC,WRITES_PER_SEC_NET,WRITE_COUNT
0,151842792237,0,3704997.1724932245,5446621.2855791785,140593122,3703721.0638369853,5446184.731415935,370.4093756737,14061,196631.39281746803,1057399.5623767888,2715
1,152671566917,0,3753749.0704794964,5626310.593236419,143203374,3752008.59968521,5625088.743147171,375.2015169768263,14323,156184.84823384532,477377.5156928134,2884
