SLAVE_INDEX,DURATION,FAILURES,READS_PER_SEC,READS_PER_SEC_NET,READ_COUNT,REQ_PER_SEC,REQ_PER_SEC_NET,TRANSACTIONS_PER_SEC,TRANSACTION_COUNT,WRITES_PER_SEC,WRITES_PER_SEC_NET,WRITE_COUNT
0,168460938970,0,2830304.3086053543,3239954.636681285,119122263,2828540.401789261,3239826.3697309294,282.88354097209105,11915,87861.70759191788,1086646.845254184,2380
1,163615150730,0,2927270.0270531843,3360753.6052246443,119443450,2920165.9984926754,3360609.3148224363,291.99583818761994,11947,23979.13808991393,1071369.7417507877,2400
2,160497391049,0,2998066.1522438666,3457782.730819682,120212009,2996047.205858902,3457624.708523851,299.64346922188474,12023,87347.87813239134,1060663.193732794,2431
3,169060846596,0,2771019.101579707,3207305.153504861,117037966,2769189.516238213,3207152.349590223,276.9416264843209,11705,83919.9294412353,969252.3261804987,2415
4,166673784810,0,2860955.387189309,3286122.407111727,119135809,2859195.743009299,3285959.611382472,285.97036845941847,11916,91957.96531540039,959731.3855712959,2435
5,167556838996,0,2882564.5631214357,3306258.594026855,120676031,2880896.625243232,3306138.353150714,288.13891792661684,12070,97732.1585425664,1185060.886611132,2452
