SLAVE_INDEX,DURATION,FAILURES,READS_PER_SEC,READS_PER_SEC_NET,READ_COUNT,REQ_PER_SEC,REQ_PER_SEC_NET,TRANSACTIONS_PER_SEC,TRANSACTION_COUNT,WRITES_PER_SEC,WRITES_PER_SEC_NET,WRITE_COUNT
0,221474764030,0,442916.93068122707,1153202.9477091976,24361230,440862.8695356646,1153053.9206308282,44.086286953566464,2441,132929.03835340258,1083135.9415059509,48770
1,220966258167,0,517768.6706814603,1128083.841242049,28554752,517907.1273113088,1127824.4684381962,51.79071273113088,2861,600966.8187491368,1008034.5405093413,55248
2,219520072235,0,483016.7514703114,1227184.9990577942,26444553,482769.3746681588,1226523.8329142167,48.30419007606385,2651,379611.3760623136,953847.9979225447,49839
3,217996886518,0,531118.2101734236,1136375.7864972414,28483134,523658.9101036273,1136139.6068317788,52.368087165800645,2855,64172.49369661161,1027289.1835508476,55869
4,229305558774,0,492572.4615965889,1099779.4107947294,28193908,492720.17915341846,1099679.4602702798,49.29641929728729,2826,588476.8789734998,1047999.9338457731,51961
5,221029560023,0,526646.6175070318,1151343.9573854015,28804170,522283.08280570025,1151190.3019101468,52.228308280570026,2886,99016.41473346498,1077032.0763562305,55830
6,222205110413,0,412163.5313839222,1101776.28215386,22792485,411151.6599694506,1101545.6469989216,41.11516599694506,2284,188805.09635399777,1001028.6430446835,47515
7,216914021623,0,554624.5158249323,1177868.944544907,29949169,553366.1637080292,1177871.6235030496,55.357898198469805,3002,257296.3067836443,1179231.8953001995,59051
