SLAVE_INDEX,DURATION,FAILURES,READS_PER_SEC,READS_PER_SEC_NET,READ_COUNT,REQ_PER_SEC,REQ_PER_SEC_NET,TRANSACTIONS_PER_SEC,TRANSACTION_COUNT,WRITES_PER_SEC,WRITES_PER_SEC_NET,WRITE_COUNT
0,215540817983,0,591365.5348429012,2049350.1382807833,31832430,591828.8387031226,2047224.4008834555,59.19955126598359,3190,1033087.4393960953,1307705.1595870124,58388
1,230762017301,0,312692.4415860335,2132258.633584782,17794050,309062.9941363879,2129273.8884683284,30.906299413638788,1783,45820.24227423788,1257799.4169426195,35950
2,218854842413,0,457008.26322586654,2053828.1595805674,24962916,457068.3056271188,2051252.5557681038,45.72788713651191,2502,493009.9521418318,1209563.2365478403,44987
3,221384737799,0,446148.5951354733,2132982.2096079993,24664594,446541.6585751944,2127170.621600183,44.69887650350409,2474,792431.430627599,905218.8307609499,49783
4,223742990491,0,382082.1789443477,2085452.004081838,20755956,371829.19481603365,2081901.6056223663,37.20250285735669,2081,26411.64210262683,1137824.252560435,42588
5,221041891021,0,477744.4295595787,1980162.563795229,26168587,474576.1607243665,1977519.2210791586,47.45515584585924,2623,116894.80894166845,1223769.7487445306,56716
6,228915395917,0,251319.3607881517,2076445.8841506797,14260648,249666.51007048177,2073576.8677786791,25.00478458711777,1431,56574.2540514931,1207637.672133909,27479
7,219338905945,0,516157.98162349925,2014694.045688154,28265112,516473.6074155765,2012220.147746648,51.68230837202023,2834,749587.2099627163,1238675.0077737572,55577
