SLAVE_INDEX,DURATION,FAILURES,READS_PER_SEC,READS_PER_SEC_NET,READ_COUNT,REQ_PER_SEC,REQ_PER_SEC_NET,TRANSACTIONS_PER_SEC,TRANSACTION_COUNT,WRITES_PER_SEC,WRITES_PER_SEC_NET,WRITE_COUNT
0,215986410605,0,569831.1708039987,2260195.815676968,30512579,566288.0532964816,2253919.147823398,56.66853493171697,3060,144591.41842996777,978870.716991539,65052
1,221105898912,0,483091.68151998,2006545.1086580511,26448968,479408.2859009923,2003610.4208816919,47.94082859009923,2650,96816.73364093351,1139698.9213461687,51032
2,222332312651,0,546099.2913506407,2065429.9492311368,30307228,546416.3555510679,2058427.3986499265,54.181533832039285,3038,752397.2412077744,792118.0367159435,64275
3,207736678024,0,770670.9903300056,2218325.777907729,39583436,763719.1925331103,2212675.4059462966,76.38458397605606,3967,139343.41855412858,976782.2412368795,79686
4,209848716797,0,668446.6843809702,1882277.1647653382,34202204,653192.0046601857,1879908.126829337,65.32861258016506,3428,50692.80292651052,1135563.852942458,65672
5,219508962130,0,511908.5789516702,2107453.940410816,27845789,508407.48786332936,2103759.475113605,50.84074878633294,2790,112652.99499416968,1106972.3951222093,54211
