SLAVE_INDEX,DURATION,FAILURES,READS_PER_SEC,READS_PER_SEC_NET,READ_COUNT,REQ_PER_SEC,REQ_PER_SEC_NET,TRANSACTIONS_PER_SEC,TRANSACTION_COUNT,WRITES_PER_SEC,WRITES_PER_SEC_NET,WRITE_COUNT
0,238126129438,0,502445.5883085969,1173505.0587506862,29853432,502422.8138355149,1173117.7596993346,50.24228138355149,2991,490685.0446986986,999099.899617995,56568
1,222967069539,0,475792.609497846,1183771.1797648359,26367735,473971.3367471743,1183490.8997988505,47.39713367471743,2642,161700.71968886326,1057207.4651165784,52265
2,220221000018,0,496701.11209862924,1156986.7986450694,27007779,491568.4698151029,1156856.4267229312,49.18499240257188,2708,81719.08617174435,1096868.330138602,55646
3,230068373206,0,504930.8883437063,1105943.7834198144,28778062,501369.35552075173,1104776.3509458513,50.15888425277249,2885,113274.13860665905,730312.4643900485,59246
4,218550545830,0,546250.2253001546,1079461.5908094894,29610087,543020.9453346026,1078440.8187666205,54.321304526812355,2968,137397.78723069667,732523.6281229168,59294
5,220359283688,0,497380.229280537,1078313.7537488143,27253959,495735.8645014911,1078115.4014651906,49.57358645014911,2731,190096.98506252925,989589.4059069196,56041
6,222648768232,0,497502.5046384652,1142533.8998711782,27657548,497824.4473578436,1142425.3203744562,49.78244473578436,2771,755676.7547299545,1087909.43197535,52452
7,220173707104,0,512097.3353076203,1129654.205460554,27636908,503110.8276142913,1129351.6824463704,50.33987681029713,2771,52109.51652112235,997590.4885525664,56036
