SLAVE_INDEX,DURATION,FAILURES,READS_PER_SEC,READS_PER_SEC_NET,READ_COUNT,REQ_PER_SEC,REQ_PER_SEC_NET,TRANSACTIONS_PER_SEC,TRANSACTION_COUNT,WRITES_PER_SEC,WRITES_PER_SEC_NET,WRITE_COUNT
0,205139175185,0,983849.8407817616,1207694.940634183,50319153,983147.0942501245,1206566.216848137,98.35191927439644,5044,725753.1230580813,824125.9662426235,101343
1,205745057615,0,974837.9915872805,1160363.5369101707,50000159,974005.5499898916,1159704.0272067082,97.45847647786516,5013,680613.868246945,901150.6607075735,99048
2,202496269870,0,1058882.2322910333,1194553.838789778,53430823,1057623.8472811924,1193791.5369686072,105.77593701059749,5355,671434.5587558364,912089.819209452,110398
3,199621340702,0,1055776.8069966056,1200288.2424421983,52499029,1054105.7547255107,1200129.4186364682,105.45763031210242,5263,592051.3275226157,1126623.1184096644,106472
