SLAVE_INDEX,DURATION,FAILURES,READS_PER_SEC,READS_PER_SEC_NET,READ_COUNT,REQ_PER_SEC,REQ_PER_SEC_NET,TRANSACTIONS_PER_SEC,TRANSACTION_COUNT,WRITES_PER_SEC,WRITES_PER_SEC_NET,WRITE_COUNT
0,214842408411,0,683058.79193374,1147997.5540301595,36590190,682581.7913912922,1147749.8283638533,68.30849544723996,3669,503219.72900572745,1033879.1372660848,71689
1,208487515843,0,857051.4434508225,1192892.632719977,43999040,845863.2128976035,1190909.7240950565,84.62476367956437,4411,113416.31933838077,653508.4928605134,88940
2,212769248443,0,715603.3742623789,1156790.8564657618,37990634,715716.6607222182,1156625.8037868242,71.60575608734874,3809,773904.733478636,1083220.815785459,79990
3,227497659469,0,754747.7931092328,1116288.9736101911,42789845,753765.99653926,1116213.6924119429,75.376599653926,4287,444848.7613692525,1077424.8368899538,80155
4,213863056332,0,646144.4983541286,1129177.634165898,34342714,643589.4182038076,1128348.8707033219,64.35894182038075,3441,213229.41747281345,820850.7684647436,67286
5,216866675594,0,596431.7117372276,1135710.7177163307,32285374,596630.4949601016,1134770.5196042361,59.704371347103645,3237,722059.7046823717,792726.7195506489,61944
