SLAVE_INDEX,DURATION,FAILURES,READS_PER_SEC,READS_PER_SEC_NET,READ_COUNT,REQ_PER_SEC,REQ_PER_SEC_NET,TRANSACTIONS_PER_SEC,TRANSACTION_COUNT,WRITES_PER_SEC,WRITES_PER_SEC_NET,WRITE_COUNT
0,174170465543,0,2230376.635892951,2417977.653701518,97048901,2228871.4380461853,2416670.093203427,222.95028603986026,9708,65821.50978410074,88417.31018393951,1993
1,179211571692,0,2015096.8595051698,2172634.141742588,90207089,2013460.2503243806,2171805.671428809,201.3678251999318,9022,47103.13252337506,105427.96160698104,1755
2,175330577901,0,2289889.224037244,2504193.8574677184,100285819,2287971.40123789,2503017.867348309,228.8453773405839,10031,53681.80325263978,102846.19191461259,2018
3,179537123802,0,2000168.53247583,2164841.4679004312,89701725,1998551.410435388,2163913.3670078963,199.91256365185575,8973,48874.19251896607,97679.50856246456,1818
