SLAVE_INDEX,DURATION,FAILURES,READS_PER_SEC,READS_PER_SEC_NET,READ_COUNT,REQ_PER_SEC,REQ_PER_SEC_NET,TRANSACTIONS_PER_SEC,TRANSACTION_COUNT,WRITES_PER_SEC,WRITES_PER_SEC_NET,WRITE_COUNT
0,168217872021,0,2638366.454358243,2723261.153937255,110880179,2636638.2517585917,2721851.4540508566,263.7265752794636,11091,78884.78466927739,102233.8297173707,2240
