SLAVE_INDEX,DURATION,FAILURES,READS_PER_SEC,READS_PER_SEC_NET,READ_COUNT,REQ_PER_SEC,REQ_PER_SEC_NET,TRANSACTIONS_PER_SEC,TRANSACTION_COUNT,WRITES_PER_SEC,WRITES_PER_SEC_NET,WRITE_COUNT
0,182998817486,0,1801519.264000706,1997165.8147018948,82362641,1800324.988576522,1996375.0261064814,180.08686225736244,8239,54206.03969930423,98634.74815180959,1695
1,182417865267,0,1833555.0357524964,2045155.1273164293,83556937,1832246.9430874551,2043950.2587154498,183.26810777577876,8358,51006.896531322614,68501.99784953086,1707
2,178758717115,0,2003495.7178006356,2244298.009711985,89450044,2001621.4581010533,2243138.7483334173,200.20028046126657,8947,41621.86177866892,83075.41347140526,1777
3,178195386471,0,2039072.853154569,2305435.275947083,90767674,2037528.6206362494,2304232.229019838,203.79506361738163,9079,54129.23037806562,87786.764638443,1876
4,182135694844,0,1889826.0743016624,2111423.569541021,85962986,1887927.000220998,2110443.6353798783,188.82191324029768,8598,37235.08398661883,88099.18183587493,1738
5,166886385241,0,1973888.3437679561,2217790.4059246466,82275814,1972059.3955266853,2216745.078788114,197.25775701195354,8230,41828.12239622628,90574.15792075945,1652
