SLAVE_INDEX,DURATION,FAILURES,READS_PER_SEC,READS_PER_SEC_NET,READ_COUNT,REQ_PER_SEC,REQ_PER_SEC_NET,TRANSACTIONS_PER_SEC,TRANSACTION_COUNT,WRITES_PER_SEC,WRITES_PER_SEC_NET,WRITE_COUNT
0,172607449277,0,2380760.173892636,2505650.5013715425,102680166,2379553.244778351,2504843.7616810813,238.01755408851508,10271,87535.00726055111,142081.30856599312,1988
1,172774411420,0,2367406.260851193,2490106.4017476006,102185522,2365803.643262673,2489054.8260824406,236.606274364175,10220,68447.84384725371,113458.90112329267,2061
