SLAVE_INDEX,DURATION,FAILURES,READS_PER_SEC,READS_PER_SEC_NET,READ_COUNT,REQ_PER_SEC,REQ_PER_SEC_NET,TRANSACTIONS_PER_SEC,TRANSACTION_COUNT,WRITES_PER_SEC,WRITES_PER_SEC_NET,WRITE_COUNT
0,208589096312,0,1151913.924026362,1154253.9762940495,60044573,1151465.0777370592,1153820.9329620195,115.21199440446442,6008,55820.60456524506,57985.30354698339,1192
1,207663236303,0,1141949.4812281227,1144076.276227739,59261541,1141516.101839618,1143644.5852962367,114.20397727604532,5929,57410.21369156471,57832.952648286715,1191
2,206579750238,0,1152116.2373273468,1154464.7196163537,59475151,1151640.02147311,1154006.8818298995,115.19021583772836,5949,54705.14928504252,57019.771640698,1226
3,208146427420,0,1144246.8904051338,1146669.3233231439,59518311,1143799.7901333377,1146249.693435361,114.40007836804318,5953,53850.593356559155,57437.331478575754,1149
