SLAVE_INDEX,DURATION,FAILURES,READS_PER_SEC,READS_PER_SEC_NET,READ_COUNT,REQ_PER_SEC,REQ_PER_SEC_NET,TRANSACTIONS_PER_SEC,TRANSACTION_COUNT,WRITES_PER_SEC,WRITES_PER_SEC_NET,WRITE_COUNT
0,208896787339,0,1104282.2893230007,1106552.8622532652,57647367,1103865.6885890232,1106157.2294993624,110.4084243118321,5766,54614.324867015384,57589.50723248154,1132
1,209186745142,0,1066707.2046784665,1068824.5932830074,55763669,1066315.4391000406,1068450.3628104108,106.66052442016434,5578,54118.61837391344,56739.620908083954,1095
2,209294976446,0,1083815.6329219644,1086052.3515597617,56686258,1083397.1070419047,1085662.373785328,108.36365072067859,5670,53405.36737116973,57340.071625327444,1135
3,208934623307,0,1103626.9038355874,1105880.559079232,57623085,1103201.8932607307,1105468.5017678363,110.35014606450898,5764,55835.378801628816,57728.76330873993,1183
4,209256450470,0,1099377.7557490107,1101568.888559732,57491158,1098981.90227101,1101184.4893541462,109.93193606451992,5751,55690.28250054963,57486.42231182792,1105
5,208069199821,0,1091466.2028308942,1093580.277590865,56753585,1091073.5283996966,1093196.3608757348,109.15583362840594,5678,56448.516501696424,57886.32300516274,1114
6,208881910381,0,1104052.751224974,1106057.184690162,57631509,1103641.0361218583,1105650.4851186497,110.41629966884099,5766,56194.54854881234,57053.43713743558,1153
7,208907433165,0,1074951.21278951,1077029.3718645156,56119684,1074558.0116467082,1076653.1575406757,107.51157924104363,5615,54888.393888850405,57451.25339137868,1105
