SLAVE_INDEX,DURATION,FAILURES,READS_PER_SEC,READS_PER_SEC_NET,READ_COUNT,REQ_PER_SEC,REQ_PER_SEC_NET,TRANSACTIONS_PER_SEC,TRANSACTION_COUNT,WRITES_PER_SEC,WRITES_PER_SEC_NET,WRITE_COUNT
0,207609472990,0,1127074.639357967,1129256.4732955792,58474385,1126645.4108828958,1128838.0278704509,112.69219483051212,5849,56694.92400135525,58300.46510801773,1180
1,206755404076,0,1134747.4821650002,1136970.8577745906,58630393,1134317.475512233,1136550.441397163,113.44788952722799,5864,56930.01039554598,58384.888001721505,1174
