SLAVE_INDEX,DURATION,FAILURES,READS_PER_SEC,READS_PER_SEC_NET,READ_COUNT,REQ_PER_SEC,REQ_PER_SEC_NET,TRANSACTIONS_PER_SEC,TRANSACTION_COUNT,WRITES_PER_SEC,WRITES_PER_SEC_NET,WRITE_COUNT
0,181676904251,0,2287643.646447923,2428306.7104099332,103655108,2286727.8023739955,2427377.577388459,228.73066468231684,10389,1903777.115104378,2035962.3755092535,206299
1,179420300227,0,2308280.907041877,2450738.425988233,103292472,2307462.374526216,2449830.7804133007,230.78254941157513,10352,1963268.4866373648,2070682.5454113414,208926
2,181716684850,0,2316052.5708759176,2459917.3569043386,104957940,2314971.4862300386,2458827.1383423954,231.52012863198036,10518,1875867.142993063,2011717.1740919729,209296
3,181731571763,0,2282773.000413145,2422334.0479250224,103456852,2281803.2770925867,2421294.8002299876,228.22168251392944,10369,1890108.504056908,2002234.991315776,212072
