SLAVE_INDEX,DURATION,FAILURES,READS_PER_SEC,READS_PER_SEC_NET,READ_COUNT,REQ_PER_SEC,REQ_PER_SEC_NET,TRANSACTIONS_PER_SEC,TRANSACTION_COUNT,WRITES_PER_SEC,WRITES_PER_SEC_NET,WRITE_COUNT
0,207020342881,0,1205515.781088146,1208197.3566546217,62365220,1205030.5807067407,1207725.378617831,120.54836521166675,6239,56770.33019689458,58537.79245399742,1241
