SLAVE_INDEX,DURATION,FAILURES,READS_PER_SEC,READS_PER_SEC_NET,READ_COUNT,REQ_PER_SEC,REQ_PER_SEC_NET,TRANSACTIONS_PER_SEC,TRANSACTION_COUNT,WRITES_PER_SEC,WRITES_PER_SEC_NET,WRITE_COUNT
0,222743540908,0,441796.35418162146,445430.031900234,24528862,440707.69280149456,444397.0634347109,4407.112963194178,245414,74699.41195967105,79198.72424183437,12336
