SLAVE_INDEX,DURATION,FAILURES,READS_PER_SEC,READS_PER_SEC_NET,READ_COUNT,REQ_PER_SEC,REQ_PER_SEC_NET,TRANSACTIONS_PER_SEC,TRANSACTION_COUNT,WRITES_PER_SEC,WRITES_PER_SEC_NET,WRITE_COUNT
0,222773401247,0,439274.5425370193,443189.55065198056,22471257,403684.44121517875,407049.68958829436,4036.89092244587,224828,2486.134559736754,2490.826527733944,11282
1,223741973380,0,446420.14220964565,450240.0390463752,23039533,412101.4336608244,415415.88582561444,4121.050129688123,230513,2673.1608094175103,2678.378171377439,11564
