SLAVE_INDEX,DURATION,FAILURES,READS_PER_SEC,READS_PER_SEC_NET,READ_COUNT,REQ_PER_SEC,REQ_PER_SEC_NET,TRANSACTIONS_PER_SEC,TRANSACTION_COUNT,WRITES_PER_SEC,WRITES_PER_SEC_NET,WRITE_COUNT
0,238857163061,0,19215.768345150376,5523904.438476238,1147364,19223.204115621957,5482121.344606861,192.23204115621957,11479,111979.22284016809,318882.9577584194,536
1,207097680865,0,592690.170133738,5379542.97094241,30675189,592772.6060825582,5370197.488477123,5927.752706518785,306906,822638.5451145169,1196018.8684137205,15269
