SLAVE_INDEX,DURATION,FAILURES,READS_PER_SEC,READS_PER_SEC_NET,READ_COUNT,REQ_PER_SEC,REQ_PER_SEC_NET,TRANSACTIONS_PER_SEC,TRANSACTION_COUNT,WRITES_PER_SEC,WRITES_PER_SEC_NET,WRITE_COUNT
0,239776996171,0,6959.822321334931,4759580.650188652,417182,6963.136692267609,4692603.339636082,69.63136692267608,4174,78521.90085673517,168016.09409209556,218
1,220714954601,0,322806.4867317414,5218469.167868694,17807316,322880.77683195245,5205631.293949626,3228.81598923705,178162,602047.8209077353,873908.9024129867,8838
2,239635589498,0,9863.905123883764,5415662.298134022,590903,9868.317160042443,5353486.638826544,98.68317160042443,5912,89645.03283513433,224542.91907306868,297
3,239256619400,0,13952.442333436871,5499810.323613567,834487,13958.234503082676,5433235.079458102,139.58234503082676,8349,86591.76339356265,213413.11780158652,413
4,239705803906,0,8256.752805060745,5716631.796893796,494780,8260.125402622507,5669980.925153262,82.60125402622508,4950,101523.89676404116,292975.6101133849,220
5,239209035334,0,14879.777188174248,5118679.184265699,889769,14885.725344898314,5064934.536055389,148.85725344898313,8902,85183.38738163264,223361.92080887072,431
6,191815877465,0,929937.8478029817,5546770.615610367,44562240,929735.7359405285,5531332.9256492695,9297.373377847218,445846,648026.1018479811,842305.020107107,22279
7,239063990721,0,15781.909575941585,5488994.544259347,943130,15788.241418612139,5403384.390572498,157.88241418612137,9436,81002.59845995103,167301.68632090688,470
