SLAVE_INDEX,DURATION,FAILURES,READS_PER_SEC,READS_PER_SEC_NET,READ_COUNT,REQ_PER_SEC,REQ_PER_SEC_NET,TRANSACTIONS_PER_SEC,TRANSACTION_COUNT,WRITES_PER_SEC,WRITES_PER_SEC_NET,WRITE_COUNT
0,240903517150,0,1684.4406520861623,2190901.036558958,101446,1685.3220110821449,2182722.5542490287,16.85322011082145,1015,98936.0708089123,272404.6520661136,54
1,239918307956,0,14828.968965104421,5225610.047588809,889362,14835.049606354936,5177870.48566019,148.35049606354934,8898,88626.94253994599,264851.56672097737,438
2,240829431440,0,2721.1128509333957,2716629.6427649595,163829,2722.258637907948,2705954.997970699,27.22258637907948,1639,95871.1923270639,268799.1398427525,71
3,242381724448,0,867.6441621091834,1856386.8092197543,52575,868.0522447769725,1850058.5736106432,8.680522447769725,526,79730.63801253845,226475.43081288825,25
4,236816101651,0,54163.14387640393,5089469.739430433,3206105,54182.12659758061,5037821.474559587,541.8212659758061,32078,160740.77314178154,249457.14556196053,1695
5,242631939416,0,1041.272275795318,2015744.6279648496,63161,1041.9073457866837,2006622.3299441154,10.419073457866837,632,84969.07888071757,240915.85087308832,39
6,241687959015,0,1786.424699283175,1864709.9207627852,107938,1787.4287232207068,1857220.8106699192,17.87428723220707,1080,82972.75315304827,232384.8968557761,62
7,241390962578,0,1195.9250748845961,1543220.5514613783,72171,1196.3993884264862,1540090.3817612086,11.96399388426486,722,92177.7632271117,254651.78563588308,29
