SLAVE_INDEX,DURATION,FAILURES,READS_PER_SEC,READS_PER_SEC_NET,READ_COUNT,REQ_PER_SEC,REQ_PER_SEC_NET,TRANSACTIONS_PER_SEC,TRANSACTION_COUNT,WRITES_PER_SEC,WRITES_PER_SEC_NET,WRITE_COUNT
0,236177876053,0,63292.4684591328,5411972.432801973,3678377,62330.98648366394,5363400.4975494305,623.3098648366393,36803,2073.6888084063985,295219.68631718546,1923
1,240602214942,0,2104.359041811737,4838026.732423671,122720,2041.543965496783,4816919.8782456815,20.41543965496783,1228,43.63217857265804,626193.6817057516,80
2,221228710500,0,325539.7346636533,5687220.473307248,17784380,321712.31229049724,5675154.675971106,3217.123122904972,177930,12737.641698238218,1055428.4837618899,8620
3,240581670453,0,1533.9019311007378,1383054.4846066735,92257,1534.6140015771769,1381373.98348301,15.34614001577177,923,382977.11266429606,,43
4,240448142008,0,1885.565829785618,2635840.2002257193,113345,1886.4774591808166,2630627.1367538595,18.864774591808164,1134,518267.7606827942,,55
5,240035731531,0,7552.746094369748,5119508.960759067,449590,7495.550718738047,5087411.841263227,74.95550718738048,4498,435.46815390363395,352740.055354993,210
