SLAVE_INDEX,DURATION,FAILURES,READS_PER_SEC,READS_PER_SEC_NET,READ_COUNT,REQ_PER_SEC,REQ_PER_SEC_NET,TRANSACTIONS_PER_SEC,TRANSACTION_COUNT,WRITES_PER_SEC,WRITES_PER_SEC_NET,WRITE_COUNT
0,237734714683,0,39034.45502913943,5417541.507356997,2307535,38843.29645467775,5379813.43935574,388.4329645467775,23086,3345.4719016999456,334377.9635816872,1065
1,217149696689,0,412409.8929023106,5719664.59296435,22055968,406484.5650068611,5706600.312475675,4064.8456500686116,220670,13674.985877442508,1025162.0029167681,11032
2,240274994703,0,1967.1918726630533,6234654.924063141,113047,1882.8426177230979,6196268.6163528105,18.82842617723098,1131,20.364487289860485,438441.3822485011,53
3,240303738968,0,728.8116139640846,1331632.9243016683,43784,729.0772950616905,1329957.2863569749,7.290772950616906,438,299308.78377746395,,16
