SLAVE_INDEX,DURATION,FAILURES,READS_PER_SEC,READS_PER_SEC_NET,READ_COUNT,REQ_PER_SEC,REQ_PER_SEC_NET,TRANSACTIONS_PER_SEC,TRANSACTION_COUNT,WRITES_PER_SEC,WRITES_PER_SEC_NET,WRITE_COUNT
0,234206988100,0,85390.63868118459,5071352.742526222,4999062,85422.38710425567,5049282.122877495,854.2357992196246,50017,309252.6980205509,533076.4546949106,2568
1,240016357090,0,4735.816753160484,5433690.45358626,284161,4738.010416404992,5368922.497290375,47.38010416404991,2843,89303.69778343725,211643.83692004925,139
2,240062674710,0,4643.246503734103,5455807.258816856,278660,4645.453531446242,5379884.332679813,46.45453531446242,2788,86171.19970775653,187460.43664222205,140
3,239980408952,0,3741.9788266792934,5385025.3808324225,224496,3743.6389242077453,5331424.053689292,37.43638924207745,2246,88400.983460941,237095.80437316373,104
4,239997232869,0,2397.0136927187514,4534869.644176133,143817,2398.36098574597,4488590.254671662,23.9836098574597,1439,91964.82290123533,240250.49732576593,83
5,203023618762,0,667086.1657938188,5242838.499909847,33840552,667062.742876044,5230166.972794358,6670.632510195112,338574,623051.0267252906,892158.9656917515,16821
