SLAVE_INDEX,DURATION,FAILURES,READS_PER_SEC,READS_PER_SEC_NET,READ_COUNT,REQ_PER_SEC,REQ_PER_SEC_NET,TRANSACTIONS_PER_SEC,TRANSACTION_COUNT,WRITES_PER_SEC,WRITES_PER_SEC_NET,WRITE_COUNT
0,214617637537,0,467605.4411131658,5834182.226636143,25081533,467701.84012809774,5823685.237882813,4676.739977628541,250945,787488.8170310584,1281587.8040509317,12733
1,187520912389,0,1096640.2780608027,5277858.955592621,51370070,1096318.7698955517,5265209.876219054,10963.213847555458,513958,690287.0992043447,906476.9796437697,25604
