SLAVE_INDEX,DURATION,FAILURES,READS_PER_SEC,READS_PER_SEC_NET,READ_COUNT,REQ_PER_SEC,REQ_PER_SEC_NET,TRANSACTIONS_PER_SEC,TRANSACTION_COUNT,WRITES_PER_SEC,WRITES_PER_SEC_NET,WRITE_COUNT
0,242335331505,0,1506.444398204688,1327659.723777504,91266,1507.0027046075409,1325905.243288654,15.070027046075408,913,291583.94401588273,,34
1,239709958137,0,24955.56593277745,5670498.820914313,1484144,24778.278074728027,5603564.983589595,247.78278074728027,14849,1657.795938021027,231812.72414216836,756
2,243036187615,0,1844.0261226335854,1689709.7699024626,112041,1844.9927329765483,1686879.1074462312,18.449927329765483,1121,403436.7339403119,,59
3,242793597034,0,959.8631034378358,2166689.336291944,58262,960.4866143456965,2155252.6246739477,9.604866143456965,583,237024.8392675309,,38
4,243358685275,0,914.9807620272351,1032455.9694052732,55667,915.5210538232145,1030636.1641968274,9.155210538232145,557,234383.323271423,259391.1382554767,33
5,236752581194,0,60241.598962708864,5610996.310436619,3510046,59332.82724588093,5577169.602292184,593.3282724588092,35118,1902.3943998771363,426900.759507319,1754
6,241112795224,0,2534.595343752933,2801316.841940829,147712,2451.9644403390535,2787244.445467817,24.519644403390537,1478,44.00302657217066,295504.3049604427,88
7,243057424387,0,1321.820629198499,2323643.905327886,79643,1311.6242007584242,2312580.527292879,13.116242007584242,797,111.35984172929744,302195.6902653225,57
