SLAVE_INDEX,DURATION,FAILURES,READS_PER_SEC,READS_PER_SEC_NET,READ_COUNT,REQ_PER_SEC,REQ_PER_SEC_NET,TRANSACTIONS_PER_SEC,TRANSACTION_COUNT,WRITES_PER_SEC,WRITES_PER_SEC_NET,WRITE_COUNT
0,156227319290,0,3635643.619416086,1.2245326571719866E7,140980363,3611414.1019899976,1.2237036440055346E7,36114.129917878745,1410504,250482.99101130376,5178511.782994598,70023
1,154747714963,0,3674912.274160567,1.1727109739493925E7,140755513,3640134.112059005,1.1718198993057625E7,36401.361451846846,1408257,181975.5629633384,4639416.054142758,70096
2,154094966301,0,3604957.5625319495,1.0669611765079884E7,137681354,3575717.242597718,1.066348944354549E7,35757.19594412169,1377501,207088.31824639448,4958019.900326128,68653
3,161912535669,0,3359739.8299579504,1.0376389867255813E7,135015022,3337182.0518246177,1.0369501192124248E7,33371.86654263934,1350831,232481.69374695525,4468700.596928341,67880
