SLAVE_INDEX,DURATION,FAILURES,READS_PER_SEC,READS_PER_SEC_NET,READ_COUNT,REQ_PER_SEC,REQ_PER_SEC_NET,TRANSACTIONS_PER_SEC,TRANSACTION_COUNT,WRITES_PER_SEC,WRITES_PER_SEC_NET,WRITE_COUNT
0,153792166568,0,3935426.5096340417,1.0669422573130637E7,150303982,3911235.412201804,1.066156334942747E7,39112.39415389063,1503795,294963.14816399047,4317895.362916427,75360
1,179427029236,0,1768323.2505409545,7452367.224680188,78206681,1744357.142470055,7444238.2579445895,17443.614531939867,782464,62707.11186270146,2356994.1829969175,39524
