SLAVE_INDEX,DURATION,FAILURES,READS_PER_SEC,READS_PER_SEC_NET,READ_COUNT,REQ_PER_SEC,REQ_PER_SEC_NET,TRANSACTIONS_PER_SEC,TRANSACTION_COUNT,WRITES_PER_SEC,WRITES_PER_SEC_NET,WRITE_COUNT
0,190997820416,0,954044.3906900346,6051078.209185465,44676349,936110.6404804933,6018548.708257756,9361.11197472567,446988,24345.345011605557,513945.2043055379,22424
1,188269250326,0,1065077.2179995375,5695219.492824568,49618425,1054727.7564241572,5683655.085551928,10547.298224333761,496433,51550.088143737776,1121802.8099222498,24776
2,190792293005,0,972452.6136658493,6087174.114849288,45637913,957287.430867103,6070779.050171227,9572.901847721469,456609,29782.0560625064,951721.8052154921,22853
3,191547168347,0,976899.0997020756,5975575.824770541,45910715,959212.446655193,5964054.747711514,9592.164567778682,459338,25709.257821167874,1225475.2219544433,22892
