SLAVE_INDEX,DURATION,FAILURES,READS_PER_SEC,READS_PER_SEC_NET,READ_COUNT,REQ_PER_SEC,REQ_PER_SEC_NET,TRANSACTIONS_PER_SEC,TRANSACTION_COUNT,WRITES_PER_SEC,WRITES_PER_SEC_NET,WRITE_COUNT
0,187412309389,0,966102.4670732375,5240464.644356056,44896988,958728.2318102955,5230290.432896342,9587.288047544367,449194,58771.99956350104,1068534.4406781418,22380
1,188577320612,0,923496.3295523188,5047640.470468544,43182491,916418.4719517273,5043679.691586018,9164.219205389258,432041,55764.768318279275,1954812.6424800232,21444
