SLAVE_INDEX,DURATION,FAILURES,READS_PER_SEC,READS_PER_SEC_NET,READ_COUNT,REQ_PER_SEC,REQ_PER_SEC_NET,TRANSACTIONS_PER_SEC,TRANSACTION_COUNT,WRITES_PER_SEC,WRITES_PER_SEC_NET,WRITE_COUNT
0,219363013097,0,359798.5151451731,6133089.479848296,19706343,359516.5971080407,6119066.186866233,3595.0649220138444,197163,139742.7930559859,1094767.162382025,9818
1,229896758732,0,310826.3375340281,5888999.094408461,17831163,310400.67025558796,5855116.217049093,3090.444774488667,178401,82665.9791326737,465647.4613486407,8864
2,232914554620,0,332409.3868201366,6030625.719088428,19335199,332221.40250635747,5998478.427347566,3322.214025063575,193448,155324.4534262959,511148.27375389374,9601
3,222435687369,0,313161.4544973595,5989365.751386611,17393413,312933.59812594956,5939226.285378471,3129.3359812594954,174019,125617.75522825349,327112.39395116497,8487
4,222777253037,0,305891.40262946306,6173435.412146131,17013695,305634.4356157921,6105033.250335478,3056.344356157921,170221,113177.90010626335,260579.40567170066,8405
5,232016308603,0,294438.2525930648,6308487.826711147,17043023,293970.714432434,6236155.516575533,2939.7071443243403,170515,70118.68426883865,259276.38337920627,8477
6,228452733360,0,346165.7610448605,6029395.30497442,19745140,345891.8211999633,5978245.423835207,3458.9210142159773,197550,133679.86927404432,331796.5005733543,9843
7,231001079932,0,316456.92542025103,6179079.014394725,18259200,316334.14017592784,6159512.787635196,3163.3615607361266,182685,178561.34310178488,844125.6720363536,9182
