SLAVE_INDEX,DURATION,FAILURES,READS_PER_SEC,READS_PER_SEC_NET,READ_COUNT,REQ_PER_SEC,REQ_PER_SEC_NET,TRANSACTIONS_PER_SEC,TRANSACTION_COUNT,WRITES_PER_SEC,WRITES_PER_SEC_NET,WRITE_COUNT
0,165301828185,0,3126413.0713265473,1.1212964714648329E7,127464274,3085945.325596158,1.12049673773044E7,30859.47450949172,1275282,114936.31517334767,4621892.187179573,63827
1,166368333857,0,2973559.1839885125,9523361.156059477,122530863,2947481.630858249,9517323.455879759,29474.862588768894,1225921,158426.82338279494,4187708.606310968,61039
2,168693180356,0,2922370.7281137705,8486499.474797089,122225832,2899606.723684621,8482508.531036189,28995.489962154246,1222863,172270.6465099039,4337133.481687127,60138
3,175679123859,0,3055515.8392632687,1.1920647694435745E7,133359965,3037949.303688188,1.1910713520910025E7,30379.49419145432,1334261,241133.72077726683,4442199.178566455,66103
4,162626892299,0,3211210.416284111,9959601.021940382,129360908,3183371.044489813,9952864.681874292,31833.747196450393,1294256,173196.6203863003,4224565.507657062,64527
5,162772997021,0,3229642.896631892,1.0472929907295765E7,130206136,3201294.4993128856,1.0467117742037592E7,32012.970986091295,1302712,172117.41023900072,4954274.296544584,64939
