SLAVE_INDEX,DURATION,FAILURES,READS_PER_SEC,READS_PER_SEC_NET,READ_COUNT,REQ_PER_SEC,REQ_PER_SEC_NET,TRANSACTIONS_PER_SEC,TRANSACTION_COUNT,WRITES_PER_SEC,WRITES_PER_SEC_NET,WRITE_COUNT
0,216362403368,0,453355.035176988,6332466.710962779,24077730,445358.8724289956,6212656.873239863,4453.619617802264,240899,12237.588835184373,159439.60546437756,11999
1,216890447051,0,449415.30086115946,6670884.854812991,24004731,442929.60481293395,6537244.68394221,4429.296048129339,240168,14911.716107731556,160048.1531569987,12069
2,213272960504,0,523486.9793318161,6360184.52840515,27602312,517948.45318859915,6334116.289826809,5179.484531885992,276161,23351.71265941131,688106.2312653029,13788
3,216524823854,0,458985.41684867704,6848999.237841786,24476623,452397.0889640348,6820263.255097357,4523.970889640348,244888,15154.27521186577,722979.9384199447,12177
4,217289816178,0,451803.0866153086,6098403.989709692,24137491,444558.3400966597,6087246.2287114365,4445.583400966598,241495,13378.253294677277,1301404.2275155638,12009
5,216951905153,0,443473.0558287394,6435690.153301023,23721630,437577.1668520297,6425716.230285274,4375.771668520297,237333,15614.16079792199,1548273.3418873113,11670
6,216050843407,0,455690.59167002724,6157931.924888491,24258967,449364.59617104393,6124015.446966934,4493.645961710439,242714,15999.227584624603,521342.39944117866,12433
7,216003343212,0,451882.3011880649,6731113.228586707,24029809,445209.7757839587,6692679.235170966,4452.097757839587,240417,14436.178165318403,533757.658177888,11891
