SLAVE_INDEX,DURATION,FAILURES,READS_PER_SEC,READS_PER_SEC_NET,READ_COUNT,REQ_PER_SEC,REQ_PER_SEC_NET,TRANSACTIONS_PER_SEC,TRANSACTION_COUNT,WRITES_PER_SEC,WRITES_PER_SEC_NET,WRITE_COUNT
0,185856981348,0,1112892.225592365,5889616.12020673,50723787,1092227.0582879263,5878022.536146367,10922.2903739102,507496,29031.51751574319,1203947.087089602,25719
1,177345300750,0,1373558.2520056248,6376499.099723786,59949735,1352832.0118174881,6368522.687460203,13528.361578095053,599798,43235.38733457026,1813867.2198784542,29865
2,185868911608,0,1110072.270918196,6119984.593561258,51217394,1102778.2872710263,6108655.246942442,11027.523732580774,512432,78115.78176029882,1300936.2382657418,25656
3,186915314314,0,1094193.7644965146,6177468.026625036,50551192,1082343.5240846244,6162941.36680343,10823.446009173145,505767,48084.37997297948,1086875.0180412799,25453
