SLAVE_INDEX,DURATION,FAILURES,READS_PER_SEC,READS_PER_SEC_NET,READ_COUNT,REQ_PER_SEC,REQ_PER_SEC_NET,TRANSACTIONS_PER_SEC,TRANSACTION_COUNT,WRITES_PER_SEC,WRITES_PER_SEC_NET,WRITE_COUNT
0,137748060019,0,4739125.661618969,8813698.054720044,161404295,4689284.509058811,8810054.549948104,46892.87865993149,1614851,212730.33651056277,4821739.3701809915,80666
1,192303608020,0,1752364.44045953,9625395.226800203,82647955,1719981.6446792842,9615389.840006318,17199.8222704529,826897,45727.88330045984,3142779.326246999,41714
