SLAVE_INDEX,DURATION,FAILURES,READS_PER_SEC,READS_PER_SEC_NET,READ_COUNT,REQ_PER_SEC,REQ_PER_SEC_NET,TRANSACTIONS_PER_SEC,TRANSACTION_COUNT,WRITES_PER_SEC,WRITES_PER_SEC_NET,WRITE_COUNT
0,170779915410,0,3321987.981299556,1.0405984801276352E7,140308556,3287933.845452184,1.0400202234008182E7,32879.3868417755,1403785,151987.45741331502,4909285.440510831,69710
1,157185137834,0,3645389.461554107,1.1704329323366983E7,142113953,3618296.0032814117,1.1694556630609412E7,36182.98737440868,1421857,229815.38769918223,4402358.183177333,71636
