SLAVE_INDEX,DURATION,FAILURES,READS_PER_SEC,READS_PER_SEC_NET,READ_COUNT,REQ_PER_SEC,REQ_PER_SEC_NET,TRANSACTIONS_PER_SEC,TRANSACTION_COUNT,WRITES_PER_SEC,WRITES_PER_SEC_NET,WRITE_COUNT
0,189274759097,0,979508.9706562648,6063928.46851507,46168052,976174.2182712862,6042587.982691118,9761.743547653115,461913,125708.68555547929,755950.0152821772,23233
1,190815577645,0,967798.2956084447,6168365.320064749,46081403,966468.2636293785,6159790.991162343,9664.682636293785,461043,256641.99733716415,1622045.3366878415,22897
2,192542721946,0,971865.1433990911,5825988.507076721,46333213,963034.0639518114,5810729.946272348,9630.340639518114,463563,50063.813255050416,928800.8492893494,23087
3,191722343509,0,969511.1231454891,6392441.08017863,46276628,965978.17766246,6371830.6942915255,9659.7817766246,462999,117141.78877701076,859743.1415770622,23272
