SLAVE_INDEX,DURATION,FAILURES,READS_PER_SEC,READS_PER_SEC_NET,READ_COUNT,REQ_PER_SEC,REQ_PER_SEC_NET,TRANSACTIONS_PER_SEC,TRANSACTION_COUNT,WRITES_PER_SEC,WRITES_PER_SEC_NET,WRITE_COUNT
0,210904500734,0,450134.513033278,4969543.045741148,23593279,447687.0226638015,4949220.91266485,4476.907526597238,236050,36899.13685944459,528035.5341382099,11523
1,214188112796,0,393847.0568347826,4979364.003343538,20951341,391463.92815860256,4953912.524443492,3914.708044269707,209621,29650.165082623935,438086.5968040341,10389
2,210000132020,0,473106.4347212509,5127356.591350203,24624466,469274.04784019146,5106002.707617349,4692.796691421906,246372,27542.104936173855,552249.0695255913,12437
3,209703614553,0,472837.37473518215,5106526.33366941,24582603,469133.23935642483,5080529.463923449,4691.363513094091,245949,27800.93483112705,448954.1433552659,12131
