SLAVE_INDEX,DURATION,FAILURES,READS_PER_SEC,READS_PER_SEC_NET,READ_COUNT,REQ_PER_SEC,REQ_PER_SEC_NET,TRANSACTIONS_PER_SEC,TRANSACTION_COUNT,WRITES_PER_SEC,WRITES_PER_SEC_NET,WRITE_COUNT
0,191162112011,0,1168781.5579189567,5788731.553521067,55545057,1162842.6243125454,5784024.428888908,11628.433055698828,555729,104287.32600770188,2203984.967468711,27806
1,186828754263,0,1292296.4368529448,6869032.63668105,59793908,1280822.242507402,6860240.645183413,12808.303714898808,598240,67851.66007012632,1917853.2339532156,29698
2,166633770204,0,2442164.820897619,9498349.954690957,100943614,2424334.0080791297,9489940.167331332,24243.365748562777,1009941,155073.69556781274,3420359.867834144,50365
3,189006494279,0,1221246.1527129845,6108721.410656076,57105264,1209139.5529650429,6099864.393457014,12091.435479368592,571340,58038.72511574792,1563757.981675658,28543
4,188667359558,0,1237114.838820391,5887502.437531881,57829342,1226668.9932068149,5878162.423814616,12266.68993206815,578581,68226.23724186134,1402865.092676879,28758
5,185182544986,0,1280214.5534846745,7150490.788382411,58705642,1268696.5719029391,7144754.686290665,12687.004697770806,587353,67054.21914509493,2750254.829917506,29473
