SLAVE_INDEX,DURATION,FAILURES,READS_PER_SEC,READS_PER_SEC_NET,READ_COUNT,REQ_PER_SEC,REQ_PER_SEC_NET,TRANSACTIONS_PER_SEC,TRANSACTION_COUNT,WRITES_PER_SEC,WRITES_PER_SEC_NET,WRITE_COUNT
0,222366187909,0,329888.0325249255,6621406.786681621,18304329,329428.950906772,6537304.158165053,3294.2957870334785,183135,86962.28982769775,247173.9038521516,9136
1,222455281456,0,305320.0220843073,6379779.955914629,16959389,305100.4208835762,6302170.293673141,3051.004208835762,169678,124518.22745290563,246867.1086119155,8411
2,224936537378,0,301548.9974569709,7013926.380228078,16936910,301337.6341171927,6925921.214341648,3013.383262502151,169455,126171.4716261759,267904.877414133,8551
3,225352715081,0,272074.42762972036,6362683.246494607,15309990,271888.44819543016,6281268.633378588,2718.8844819543015,153177,115335.57963959921,237848.38464236117,7710
4,223689873197,0,312053.6521964501,6064861.349680269,17428523,311813.0964228891,6002358.628776271,3118.13844759819,174374,123701.50999254952,281407.8044130716,8835
5,224691899904,0,282794.3830881744,6431889.439797344,15866274,282596.74704397126,6350330.379785378,2825.9674704397125,158743,118660.12698466862,243611.88092654347,8026
6,222452436524,0,316183.53998221003,6803065.885591963,17563182,315968.1822249529,6736478.282577905,3159.70460005739,175721,133840.89548221967,327732.43351500126,8791
7,223089857688,0,311142.719058089,6827805.9256206285,17329437,310873.8367523307,6729885.834647474,3108.738367523307,173382,114757.24512903506,229211.3595140939,8763
