SLAVE_INDEX,DURATION,FAILURES,READS_PER_SEC,READS_PER_SEC_NET,READ_COUNT,REQ_PER_SEC,REQ_PER_SEC_NET,TRANSACTIONS_PER_SEC,TRANSACTION_COUNT,WRITES_PER_SEC,WRITES_PER_SEC_NET,WRITE_COUNT
0,232285974363,0,250826.3192790854,5363682.165880483,14553598,250742.6639069495,5327870.897937733,2507.443597177094,145611,151445.1016697477,377178.27875484753,7403
1,230857540928,0,250364.51587144643,5910500.047303481,14438161,250292.88524744828,5872037.061834569,2502.928852474483,144455,160150.47292397558,425433.793271668,7339
2,222175950730,0,298454.4805769343,5775570.512714823,16538007,297893.6279220935,5743426.017118603,2978.936279220935,165462,62148.63381318171,469446.8889431506,8193
3,225228136026,0,251692.94231550428,5806522.105634085,14162121,251639.96381632073,5772417.85979645,2516.3996381632073,141691,176325.4451803774,446827.8750230949,6979
4,226812162032,0,231107.98527314002,6010880.232183408,13087105,230915.3068811659,5999422.98532464,2309.1530688116586,130936,86165.75961229627,1239379.4649325022,6495
5,223342399305,0,270996.7805739537,5658625.78775241,15118756,270907.80876484234,5623397.75290592,2709.0780876484237,151263,163397.8036110124,417275.1929897768,7544
