SLAVE_INDEX,DURATION,FAILURES,READS_PER_SEC,READS_PER_SEC_NET,READ_COUNT,REQ_PER_SEC,REQ_PER_SEC_NET,TRANSACTIONS_PER_SEC,TRANSACTION_COUNT,WRITES_PER_SEC,WRITES_PER_SEC_NET,WRITE_COUNT
0,176849174124,0,2454864.9436428356,9439199.73625653,107443837,2431392.8867912455,9388062.571743732,24313.957173830924,1074976,120607.22380047421,791849.9312132153,53619
1,187250864955,0,1831268.059354209,1.0616330213424891E7,84438402,1804663.0656750763,1.0605056461505782E7,18046.62642596787,844812,60810.55700382687,3425286.7240352947,42778
2,183062843393,0,1905177.6874173165,1.1408542992265854E7,85868368,1877210.6978708738,1.1394044174586385E7,18772.132131246442,859120,62641.07488062361,3248129.040461858,43514
3,186867416161,0,1893425.6010683214,8856953.591603016,87265130,1868897.2704535474,8852941.540572979,18688.992830402563,873091,69817.99118817491,4656887.708458512,43871
4,187612330945,0,1896059.267551798,9411480.774230452,88117579,1879658.667549849,9402550.513250686,18796.608190585717,881619,103042.02500881134,3251930.1921878825,44207
5,191399100576,0,1756640.9592974565,1.0609032428406663E7,83111016,1737788.3333779203,1.0566473301140381E7,17377.928689087323,831530,77729.95391621532,1176281.8708770901,41765
6,191496355563,0,1736469.256752512,9947382.077114897,82319987,1720377.4506905235,9936457.06245561,17203.834208107623,823618,88793.64904772618,3126909.139078484,41516
7,189120902563,0,1745459.768638118,7957532.738864427,81856461,1732166.733346006,7951460.66285721,17321.678300980573,818973,106336.09134458283,3140473.5118971053,40773
