SLAVE_INDEX,DURATION,FAILURES,READS_PER_SEC,READS_PER_SEC_NET,READ_COUNT,REQ_PER_SEC,REQ_PER_SEC_NET,TRANSACTIONS_PER_SEC,TRANSACTION_COUNT,WRITES_PER_SEC,WRITES_PER_SEC_NET,WRITE_COUNT
0,208113513481,0,1069478.901475795,1.0302147623595823E7,54685849,1051603.0234623877,1.0287546286192782E7,10516.030234623879,547132,30552.74378968105,2683392.8314285334,27351
1,200421968819,0,1212126.5756342406,9288740.43386536,60027121,1198615.1289480114,9280237.345291056,11986.170295450369,600573,51565.43345299721,3282955.034975804,30080
2,159553502379,0,3291355.1703794207,9957150.849233419,130581822,3275317.7097839857,9951245.510340814,32753.243052693637,1306474,304774.798089264,4551574.3853686415,65281
3,199420521064,0,1303818.2877946473,8101554.526589319,64183452,1288047.9833746143,8094206.519711203,12880.479833746143,642158,51523.35394849919,2891197.4464723924,32348
4,207205609759,0,1080244.1991198394,1.0987049469791263E7,55449105,1070947.8389996218,1.0965509709947152E7,10709.478389996219,554766,58345.46793158651,2213612.5659929975,27495
5,200157436247,0,1321543.3010575268,1.0332096966251798E7,65252289,1304666.9906270544,1.0319792252919063E7,13046.669906270545,652847,48845.924735281915,3037329.5827546855,32411
