SLAVE_INDEX,DURATION,FAILURES,READS_PER_SEC,READS_PER_SEC_NET,READ_COUNT,REQ_PER_SEC,REQ_PER_SEC_NET,TRANSACTIONS_PER_SEC,TRANSACTION_COUNT,WRITES_PER_SEC,WRITES_PER_SEC_NET,WRITE_COUNT
0,193068358823,0,1103205.9436311533,7437966.862000265,53114208,1100980.6127521577,7412234.950646588,11009.841063877662,531413,221097.40203284533,947215.1998027884,26922
1,200214667516,0,1190659.640039637,7008140.600404177,59454503,1188410.4543988288,6987097.239435187,11823.705350113287,594844,249190.73692099602,999420.8085077214,29798
