SLAVE_INDEX,DURATION,FAILURES,READS_PER_SEC,READS_PER_SEC_NET,READ_COUNT,REQ_PER_SEC,REQ_PER_SEC_NET,TRANSACTIONS_PER_SEC,TRANSACTION_COUNT,WRITES_PER_SEC,WRITES_PER_SEC_NET,WRITE_COUNT
0,147461207962,0,4366710.23731739,1.1094562598933434E7,159955285,4341090.194818975,1.108740553859794E7,43410.92584115886,1600357,342227.2047716348,4852772.175409382,80316
1,178157164960,0,2283682.062275834,1.1815855910248814E7,100701585,2262094.819989327,1.180512972301888E7,22620.948199893268,1007521,113992.80199486794,4201627.464195972,50515
