SLAVE_INDEX,DURATION,FAILURES,READS_PER_SEC,READS_PER_SEC_NET,READ_COUNT,REQ_PER_SEC,REQ_PER_SEC_NET,TRANSACTIONS_PER_SEC,TRANSACTION_COUNT,WRITES_PER_SEC,WRITES_PER_SEC_NET,WRITE_COUNT
0,175064386862,0,2636737.9173670546,1.2184656300171863E7,114346996,2613992.2813697737,1.2169877249618337E7,26139.9999550915,1144046,143374.5476402529,3555428.0206802147,57243
1,175314920208,0,2572645.9670440066,1.0398291720960371E7,112399153,2565787.346942954,1.038838251035075E7,25657.893332842497,1124553,404291.62032528006,3568560.477925294,56048
2,174621458404,0,2606426.8910073508,1.207767036350612E7,113269250,2595924.739966645,1.206414025764006E7,25959.280715198467,1133262,287272.05501028936,3730008.5546000106,56791
3,175244914407,0,2652946.8506342517,1.1272805106701009E7,115729457,2642868.1572142667,1.126162491347894E7,26428.70141936904,1157874,307280.4295230483,3773649.1593153337,57844
