SLAVE_INDEX,DURATION,FAILURES,READS_PER_SEC,READS_PER_SEC_NET,READ_COUNT,REQ_PER_SEC,REQ_PER_SEC_NET,TRANSACTIONS_PER_SEC,TRANSACTION_COUNT,WRITES_PER_SEC,WRITES_PER_SEC_NET,WRITE_COUNT
0,183698870737,0,1587647.8558977554,7750540.11211651,71980974,1568152.9605722195,7741797.669367548,15681.553666476912,720171,61384.81954614476,2378534.8983346093,36008
1,161754918301,0,3279552.399021696,1.0453152342456577E7,131971125,3265128.3407481704,1.0445840800378302E7,32651.294508754738,1320377,335708.58457905805,4374782.31360557,66517
2,181924988967,0,1583261.5576288642,7560386.1627529,71125775,1564632.4653708397,7553273.019469968,15646.336898280102,711615,63946.573608756575,2625845.5108781215,35661
3,182761813482,0,1595336.2774721547,7268052.3150416855,72205933,1581114.6677446384,7258185.399663184,15811.179100143332,722420,83553.90258024202,1946150.3034373901,35913
