SLAVE_INDEX,DURATION,FAILURES,READS_PER_SEC,READS_PER_SEC_NET,READ_COUNT,REQ_PER_SEC,REQ_PER_SEC_NET,TRANSACTIONS_PER_SEC,TRANSACTION_COUNT,WRITES_PER_SEC,WRITES_PER_SEC_NET,WRITE_COUNT
0,181154226270,0,2196153.907674407,9715466.547768498,98575007,2177688.040311156,9708062.792845244,21776.911629473845,986245,122353.58370137188,3848641.624352812,49341
1,183870960070,0,1931050.9282424108,1.0420928229447939E7,87880844,1912743.588580317,1.0411278959206931E7,19127.43588580317,879245,95234.60321122984,3635264.3121357714,43656
2,181594999960,0,2148820.281686367,1.0223728972299805E7,96163450,2119249.3410323523,1.021457783133239E7,21192.521055435624,962114,73910.94312412472,3648145.620064412,47821
3,187569654315,0,1855091.166718989,1.1397119649472412E7,86275111,1840777.460836789,1.1383061125140954E7,18407.79557969403,863186,112633.40304234732,3296717.0948937186,43387
4,190681770780,0,1771306.8454720003,9119338.313886916,83278016,1747825.0104176004,9110703.020182049,17478.292860793415,833198,63433.28476365196,3145187.4380717464,41576
5,189318232887,0,1722732.9065286713,9641365.250898208,80493113,1701545.673058731,9630836.167455414,17015.476692959983,805335,66545.92832972635,3026961.476878034,40292
6,180747619021,0,2153833.757422772,1.145601808766626E7,96408341,2134620.649996905,1.144352636883247E7,21346.206499969052,964569,114086.90570335634,3615787.7584187794,48559
7,188034132516,0,1872032.3227187137,1.0360098193352647E7,87101868,1853835.2124465415,1.0348386784150844E7,18538.378446495117,871462,91988.34897204976,3206449.9794782414,44206
