SLAVE_INDEX,DURATION,FAILURES,READS_PER_SEC,READS_PER_SEC_NET,READ_COUNT,REQ_PER_SEC,REQ_PER_SEC_NET,TRANSACTIONS_PER_SEC,TRANSACTION_COUNT,WRITES_PER_SEC,WRITES_PER_SEC_NET,WRITE_COUNT
0,194408959603,0,1648731.2700611234,1.040230090409364E7,79375952,1633990.5971859233,1.0396117086728595E7,16339.96434821093,794159,86464.10616434141,4746995.842472791,39651
1,186643039787,0,1821288.3268685052,1.1345894144903962E7,84676454,1815629.3445859489,1.1326207747684086E7,18156.305034326284,847187,250917.97024489986,2526855.210675378,42191
2,190857572375,0,1746728.7037345383,9171252.045438373,82545567,1730855.1077603006,9160365.42009236,17308.570952367107,825868,89977.41942790213,2708495.608604409,41134
3,189773572433,0,1694697.3165428455,9572933.469841598,79871258,1684353.579383935,9559360.911760492,16843.564662823752,799116,128286.58485722849,2504027.7848582766,40191
4,188880626928,0,1827615.8202223957,9835318.941987146,85340401,1808187.1579671826,9822369.386263564,18081.874773095682,853829,80880.04788053139,2694702.397777657,42480
5,190941597863,0,1734582.6498674045,1.0230763006050866E7,82250301,1723907.6015074272,1.0215083895184696E7,17239.09288721732,822915,129510.66190059115,2512503.857329231,41117
6,184521458293,0,1841204.4774989556,8941169.509073481,84215015,1826496.5122096343,8928726.6273834,18264.99718587883,842571,107175.03438910391,2352929.3605831,41935
7,191305822587,0,1705029.5994707677,9567578.890779631,81007262,1694631.1179450229,9555052.706494072,16946.31117945023,810482,129677.91568418137,2661069.1780482656,40938
