SLAVE_INDEX,DURATION,FAILURES,READS_PER_SEC,READS_PER_SEC_NET,READ_COUNT,REQ_PER_SEC,REQ_PER_SEC_NET,TRANSACTIONS_PER_SEC,TRANSACTION_COUNT,WRITES_PER_SEC,WRITES_PER_SEC_NET,WRITE_COUNT
0,200740101061,0,1340120.9949400497,9834030.100473113,66486576,1325495.0186517283,9822712.127800062,13254.969709549192,665201,58368.248394421986,2986276.7516903062,33425
1,148749049742,0,4214310.18352883,1.0025928495247042E7,155587225,4185967.8773073154,1.0020202234166717E7,41859.7521716429,1556650,288523.01128432323,4666646.765697384,77461
2,195363556088,0,1471147.217180115,1.0966134743728898E7,71016152,1454754.3343855883,1.0952256524431188E7,14547.582589634068,710517,62195.72816420189,3091301.772340227,35343
3,193971057930,0,1575412.1959665057,8371255.489083818,75630857,1560412.9359815572,8365360.681299682,15604.141255934657,756688,77984.6303513647,3476955.3152267765,37880
