SLAVE_INDEX,DURATION,FAILURES,READS_PER_SEC,READS_PER_SEC_NET,READ_COUNT,REQ_PER_SEC,REQ_PER_SEC_NET,TRANSACTIONS_PER_SEC,TRANSACTION_COUNT,WRITES_PER_SEC,WRITES_PER_SEC_NET,WRITE_COUNT
0,226165111365,0,207549.5463949837,4529066.243782294,11626608,205734.7029308461,4524328.5878101215,2057.3992495108837,116328,11275.64940182809,1477033.7229098517,5895
1,225301690406,0,224183.88945802886,4692241.751882991,12518525,222363.24951544093,4656208.767071296,2223.70246791469,125251,12740.425563874207,281205.34559574927,6179
2,228903925216,0,169538.76668952845,4523969.365720324,9653798,168781.79770636582,4518826.911676814,1687.8870044004886,96591,17247.68036474998,1396091.2291265721,4906
3,226262774563,0,208386.18715766357,4733055.760217672,11716226,207228.13149692296,4727263.86865043,2072.333271120301,117223,16888.223821650347,1357712.701811261,5777
4,224911486244,0,226145.91134546546,4750639.370785021,12637130,224858.30690360817,4729505.528941264,2248.653202072449,126437,17769.720981296057,468008.72501980216,6174
5,225447313938,0,222061.19707530775,4697195.987810138,12424538,220550.03065449742,4661955.0205416465,2205.5527600943756,124309,14761.551184420106,284795.9119742089,6065
6,226603133874,0,227150.3784148629,4899198.943490283,12774007,225599.7572761971,4892162.454258559,2256.0497249847067,127807,15416.546323069731,1264626.0697839884,6396
7,222794483157,0,259516.05073056472,4563623.652425747,14351861,257798.1967332902,4529658.520054928,2578.052549791403,143594,18027.924892222356,283923.79867624457,7143
