SLAVE_INDEX,DURATION,FAILURES,READS_PER_SEC,READS_PER_SEC_NET,READ_COUNT,REQ_PER_SEC,REQ_PER_SEC_NET,TRANSACTIONS_PER_SEC,TRANSACTION_COUNT,WRITES_PER_SEC,WRITES_PER_SEC_NET,WRITE_COUNT
0,209623025020,0,458946.5194336693,5077491.164569566,23891892,456127.41248666483,5008684.06643394,4561.311239043344,239039,33972.08179927013,176270.4010041174,11810
1,204743260825,0,556391.7868882339,4928100.219017993,28362105,554374.3688688026,4921753.077857918,5543.820484443802,283765,66423.19143594248,1363594.4677455823,13999
2,211250451333,0,452887.8025717608,5342123.114780265,23771321,450341.36211163085,5318597.9067626605,4503.487984527966,237841,38184.908865476755,562594.0962534983,12383
3,212222346283,0,465511.1772066408,5091510.4117669705,24564556,463233.0464809066,5080104.905663715,4632.348626176993,245772,43772.77246757163,943139.1056315986,12545
