SLAVE_INDEX,DURATION,FAILURES,READS_PER_SEC,READS_PER_SEC_NET,READ_COUNT,REQ_PER_SEC,REQ_PER_SEC_NET,TRANSACTIONS_PER_SEC,TRANSACTION_COUNT,WRITES_PER_SEC,WRITES_PER_SEC_NET,WRITE_COUNT
0,170127919277,0,3077166.3342162743,1.2590179512451347E7,129568070,3047910.9966408787,1.258220835445758E7,30479.10465791675,1296337,154148.856335921,5591750.2106152205,65619
1,157730349743,0,3781114.8596658744,1.1527679661927337E7,147682678,3747067.0480538225,1.152106436873016E7,37470.70677869526,1477567,197191.50997614267,5365466.330211619,73871
