SLAVE_INDEX,DURATION,FAILURES,READS_PER_SEC,READS_PER_SEC_NET,READ_COUNT,REQ_PER_SEC,REQ_PER_SEC_NET,TRANSACTIONS_PER_SEC,TRANSACTION_COUNT,WRITES_PER_SEC,WRITES_PER_SEC_NET,WRITE_COUNT
0,182259942014,0,2200607.0298555014,9613751.028024506,99369998,2181936.390440928,9607203.483624557,21819.36390440928,994199,121931.05206688597,4077418.7443969655,49902
1,180463237411,0,2274330.0620287387,9093069.303455891,101503061,2250949.311492511,9087731.965959078,22509.49311492511,1015534,103591.67817318896,4161896.010308545,50339
2,179803381770,0,2262963.7847920884,9691159.81779579,100910013,2246017.822493373,9684440.106553596,22460.178224933727,1009604,140402.4390272447,4054368.9532877347,50387
3,168433080969,0,2997205.803213331,9700292.326748885,125281558,2976719.377901057,9694408.395161372,29767.270654865486,1253449,203828.16880278196,4392050.016871568,62946
4,179869503886,0,2277737.3403857923,9970405.10147994,100870087,2244311.5218455903,9963152.445979048,22443.115218455903,1009208,74341.65093997405,4071806.814593806,50713
5,175217251045,0,2533708.3802682096,1.1006773492652053E7,109822501,2508374.0178478383,1.0999195113013893E7,25083.740178478383,1098776,119847.53259615417,4636419.148565073,55099
