SLAVE_INDEX,DURATION,FAILURES,READS_PER_SEC,READS_PER_SEC_NET,READ_COUNT,REQ_PER_SEC,REQ_PER_SEC_NET,TRANSACTIONS_PER_SEC,TRANSACTION_COUNT,WRITES_PER_SEC,WRITES_PER_SEC_NET,WRITE_COUNT
0,221809834036,0,480879.35765717964,5529219.517867575,26615040,480200.5306162971,5495455.669541908,4802.0053061629715,266283,125267.80036844368,414543.38558005047,13260
1,222278615971,0,413240.99189395405,5207165.0526752,22937381,412973.5989177485,5178736.949822246,4129.735989177485,229488,179572.6664328348,432774.81480249047,11419
2,209881748716,0,513039.5185391681,5412097.901796335,26884111,512625.5553815956,5380814.8998905355,5126.257991980412,268977,197327.20834097284,432321.0730402648,13576
3,211338248488,0,475133.44052307005,5727627.651911569,25048691,474335.4159372246,5697528.56972954,4743.391064939049,250615,109406.08113443688,498198.35115818674,12613
