SLAVE_INDEX,DURATION,FAILURES,READS_PER_SEC,READS_PER_SEC_NET,READ_COUNT,REQ_PER_SEC,REQ_PER_SEC_NET,TRANSACTIONS_PER_SEC,TRANSACTION_COUNT,WRITES_PER_SEC,WRITES_PER_SEC_NET,WRITE_COUNT
0,214941253943,0,435858.2848374053,5989994.895036191,23387875,435460.3794431256,5942528.347606151,4354.603794431257,233996,154363.2644525939,353582.52719092986,11725
1,217585642948,0,394263.8918680238,5592365.192400093,21420442,393980.0385657199,5565516.330894965,3939.800385657199,214311,161007.27346732278,522631.94170197117,10658
2,213622478748,0,456960.97777376726,5594154.043776416,24369457,456536.224893482,5562864.891579618,4565.36224893482,243816,159326.00442241516,455046.9206944335,12143
3,213830928757,0,434992.8271722701,5742397.106991045,23194039,434094.41533822706,5679942.108053552,4340.998361800774,232060,85000.27311366046,251021.34254947232,11664
4,222037328944,0,417323.6515408271,5461228.204450341,23111799,416565.9911326338,5422097.824554617,4165.659911326338,231233,89615.35724686662,352115.05580649356,11501
5,215502914815,0,435418.238857255,5387560.34094909,23424926,435014.06967268913,5353262.399795526,4350.140696726891,234367,152810.164188707,391729.0799819686,11774
