SLAVE_INDEX,DURATION,FAILURES,READS_PER_SEC,READS_PER_SEC_NET,READ_COUNT,REQ_PER_SEC,REQ_PER_SEC_NET,TRANSACTIONS_PER_SEC,TRANSACTION_COUNT,WRITES_PER_SEC,WRITES_PER_SEC_NET,WRITE_COUNT
0,174983790425,0,1497740.6941510378,6288113.312729285,64590500,1477215.2287488088,6279522.4841615055,14772.202148498407,646224,51042.537813003415,1658849.725690897,31680
1,181276894997,0,1259720.536611904,6458742.160656037,56388300,1244871.2782935444,6444672.890662178,12448.712782935443,564166,50837.4223589172,1206785.2545681512,28300
