SLAVE_INDEX,DURATION,FAILURES,READS_PER_SEC,READS_PER_SEC_NET,READ_COUNT,REQ_PER_SEC,REQ_PER_SEC_NET,TRANSACTIONS_PER_SEC,TRANSACTION_COUNT,WRITES_PER_SEC,WRITES_PER_SEC_NET,WRITE_COUNT
0,206548548169,0,632042.3036879072,5673179.800530416,32506545,629833.5435093842,5652941.130782881,6298.354282648851,325229,78846.40922588935,695005.6473484227,16256
1,207182072210,0,647573.4134325281,5961873.034307154,33441591,645970.9499591553,5939770.27775481,6459.709499591552,334584,109058.45237676697,709159.0802047676,16809
2,207407417077,0,641554.1866848822,6275115.657701243,33092719,638536.4702306315,6243061.489347694,6385.364702306316,331093,61469.46378850469,557668.341611193,16581
3,206284118465,0,641697.1793913479,6174913.729599415,32982916,639886.3905870486,6142659.146012931,6398.863905870487,329996,97267.61728709833,542330.5816465421,16684
4,208747989696,0,635710.8195567863,6876840.873972946,33118976,634941.6834769152,6851111.993180928,6349.416834769153,331357,186969.48725102228,814720.6537641218,16724
5,207598551118,0,644326.1771558402,6437114.57873604,33383551,643553.6244376806,6423220.222686531,6435.536244376805,334002,189048.1378568226,1205549.6339479852,16649
