SLAVE_INDEX,DURATION,FAILURES,READS_PER_SEC,READS_PER_SEC_NET,READ_COUNT,REQ_PER_SEC,REQ_PER_SEC_NET,TRANSACTIONS_PER_SEC,TRANSACTION_COUNT,WRITES_PER_SEC,WRITES_PER_SEC_NET,WRITE_COUNT
0,203526928116,0,720939.2685096972,6069911.781449167,36285777,713491.5725610272,6052240.4253119,7134.936913725138,363038,32535.322233264775,877349.8899528424,17910
1,204690444265,0,713587.4215571429,6526926.280544214,35914948,702191.8024366549,6507816.479964036,7021.939091044006,359331,21412.955050154436,952982.503090689,18040
2,197626463631,0,850347.4483838166,5486204.600733679,41395221,838264.455864168,5471517.104976717,8382.661861975814,414159,28349.561138683483,857257.5423955575,20589
3,203374028031,0,706145.5801963919,5485106.680400702,35320130,695031.717513379,5470461.090357242,6950.326687541021,353379,21470.76627688727,865296.2301602028,17720
4,203675907754,0,715079.0376060526,5972556.371615477,35980267,706976.7140741863,5956061.99025927,7069.779963897789,359986,30314.332892946168,924772.7565510528,18264
5,203537576020,0,731906.5417154634,6391649.246055707,36653940,720691.672114569,6375753.358404986,7206.924494403326,366720,22403.011956462553,1052283.9230095379,18019
