SLAVE_INDEX,DURATION,FAILURES,READS_PER_SEC,READS_PER_SEC_NET,READ_COUNT,REQ_PER_SEC,REQ_PER_SEC_NET,TRANSACTIONS_PER_SEC,TRANSACTION_COUNT,WRITES_PER_SEC,WRITES_PER_SEC_NET,WRITE_COUNT
0,218381370836,0,307392.21927228046,672419.1024888314,16125485,295509.0159611805,618019.1342520028,2955.0691591751847,161335,3712.399949920282,3734.4465728455193,7931
1,218403801163,0,306476.41130392865,670195.4997321148,16092537,294875.17917298217,617076.8538881281,2948.7573734314483,161007,3788.3889331421174,3811.9024886047346,7928
2,218562257427,0,306644.7725232815,670510.0669352098,16076186,294363.7605019181,614456.1502248308,2943.639853408946,160843,3619.8182895992195,3643.193728846286,8016
3,217917168088,0,306011.19872636866,670756.1450465261,16009393,294008.6114469294,615658.4922913675,2940.0744767236465,160174,3693.14039723864,3717.102876681389,7988
