SLAVE_INDEX,DURATION,FAILURES,READS_PER_SEC,READS_PER_SEC_NET,READ_COUNT,REQ_PER_SEC,REQ_PER_SEC_NET,TRANSACTIONS_PER_SEC,TRANSACTION_COUNT,WRITES_PER_SEC,WRITES_PER_SEC_NET,WRITE_COUNT
0,220177979530,0,278599.30836947745,691230.0939866927,14551740,264490.11896789295,610452.6240223965,2644.9144423342564,145590,2483.372845978856,2497.2130932062178,6985
1,220318673388,0,275716.7551452185,667390.6358791935,14389737,261381.3850384984,589221.9241959078,2613.8263698138708,143970,2444.469199468316,2458.930309008758,7063
2,219836836431,0,279392.0291000502,687188.125282812,14527565,264468.21626387583,603407.4341541776,2644.659598985353,145350,2497.8513138400194,2510.2218000541143,7399
3,219560482023,0,275437.85416511045,656139.2862460389,14335982,261307.059774035,581189.4973139087,2613.0932634930687,143435,2531.1846113500824,2542.041650267284,7194
4,220457254634,0,276679.03644552577,679049.8989966376,14421820,261800.41158463553,595872.7186151568,2618.0016267472506,144291,2384.9472699690314,2395.361735625576,7130
5,220536680415,0,274400.7002442117,679205.6764142547,14352426,260446.5973275496,599681.0497923782,2604.469797772317,143597,2502.523281705259,2516.3039941265492,7081
