SLAVE_INDEX,DURATION,FAILURES,READS_PER_SEC,READS_PER_SEC_NET,READ_COUNT,REQ_PER_SEC,REQ_PER_SEC_NET,TRANSACTIONS_PER_SEC,TRANSACTION_COUNT,WRITES_PER_SEC,WRITES_PER_SEC_NET,WRITE_COUNT
0,179180388721,0,2008516.2723081529,2998142.648194542,89484327,1998629.931301342,2984696.404985682,19986.313002328916,895289,183375.5758276933,297887.53966765996,44495
1,178694487300,0,2053133.6328678243,3055063.123568118,91290407,2044525.0075714004,3043993.9841533164,20445.280431313633,913365,219044.30255432054,371151.333699752,45930
