SLAVE_INDEX,DURATION,FAILURES,READS_PER_SEC,READS_PER_SEC_NET,READ_COUNT,REQ_PER_SEC,REQ_PER_SEC_NET,TRANSACTIONS_PER_SEC,TRANSACTION_COUNT,WRITES_PER_SEC,WRITES_PER_SEC_NET,WRITE_COUNT
0,207907389032,0,729670.5622984888,1285019.5545276825,37729907,726265.8855128977,1276037.2594995787,7262.674646205445,377491,71095.74461210209,86189.13572409471,19104
1,208665721582,0,712444.6531747716,1217578.2142653882,36965994,708975.0960454904,1209267.3524309155,7089.750960454903,369847,66734.91381279619,83462.69228920752,18706
2,208663764758,0,724808.2825754362,1258220.76290986,37588263,720909.6422393229,1248340.2108515296,7209.1087384467055,376070,60934.05977567774,74250.46897134375,18667
3,209214660642,0,717058.6651524337,1242663.561571053,37334722,714165.4965359777,1235474.1240594888,7141.673383335169,373536,79057.0077084904,98684.77563964813,18751
4,208831517924,0,718109.8635082904,1239535.4764285502,37298044,714773.3708200252,1231058.0551312452,7147.751974699153,373169,69812.69810988335,84325.2985547355,18758
5,208091425987,0,722136.1744365174,1252541.22713711,37372951,718754.4575207237,1243824.0327449474,7187.530569704189,373919,69414.06147994965,83464.36744201621,18709
6,209870552155,0,695600.4051432258,1173415.7726383752,36323630,692651.7251102431,1166633.2527730316,6926.517251102431,363418,73108.74094745702,92921.11133296289,18170
7,210627713296,0,686302.41836071,1133247.6283422576,35952003,683100.9924976117,1126066.390371704,6831.009924976117,359700,66200.90648672821,82441.68807773665,17997
