SLAVE_INDEX,DURATION,FAILURES,READS_PER_SEC,READS_PER_SEC_NET,READ_COUNT,REQ_PER_SEC,REQ_PER_SEC_NET,TRANSACTIONS_PER_SEC,TRANSACTION_COUNT,WRITES_PER_SEC,WRITES_PER_SEC_NET,WRITE_COUNT
0,172942089142,0,2380710.5304696374,3129836.8005965096,102365702,2368814.4975722386,3118544.664760732,23688.216143339174,1024173,215650.9347853967,379886.07985432306,51230
