SLAVE_INDEX,DURATION,FAILURES,READS_PER_SEC,READS_PER_SEC_NET,READ_COUNT,REQ_PER_SEC,REQ_PER_SEC_NET,TRANSACTIONS_PER_SEC,TRANSACTION_COUNT,WRITES_PER_SEC,WRITES_PER_SEC_NET,WRITE_COUNT
0,181065680107,0,1658342.9432862517,2724898.817865318,74636038,1649644.4816239502,2709227.650998228,16496.444816239502,746735,144070.89761868675,217469.0208016154,37462
1,183463175165,0,1656238.665973604,2716943.752930516,75553001,1648085.7029104934,2702304.698482532,16480.86814725348,755909,151897.59757362917,229370.44367866404,37758
