SLAVE_INDEX,DURATION,FAILURES,READS_PER_SEC,READS_PER_SEC_NET,READ_COUNT,REQ_PER_SEC,REQ_PER_SEC_NET,TRANSACTIONS_PER_SEC,TRANSACTION_COUNT,WRITES_PER_SEC,WRITES_PER_SEC_NET,WRITE_COUNT
0,186775117115,0,1301521.1513461466,2322294.5501940236,60443698,1295115.8791192817,2308304.727601398,12951.18383784154,604740,119212.64701383965,176554.3992201245,30157
1,185379736198,0,1297826.2861236562,2299456.5395035944,59834045,1291696.7566737933,2286975.89974362,12917.00258623514,598638,122305.64767308292,190773.82944391703,29556
2,185777917657,0,1353094.0528549196,2441836.063726078,62508172,1346535.9024093586,2426992.805673503,13465.383209854193,625393,124944.0217557674,183000.1441199218,30987
3,187268259827,0,1308802.3848604625,2337830.63535726,60995572,1303505.2508391247,2326781.0440022103,13035.082930371345,610265,144247.33979311172,224050.109326997,30718
4,178488102457,0,1295434.2674244938,2318077.2189043947,57502961,1289318.026423866,2304353.6880861428,12893.200601200202,575321,124510.79711674164,181010.7408116084,29021
5,187111186070,0,1299659.8580600417,2303921.9933035304,60486651,1293709.3344565746,2290949.3732736167,12937.094687479,605169,127285.83482554488,186716.68461132055,30221
