SLAVE_INDEX,DURATION,FAILURES,READS_PER_SEC,READS_PER_SEC_NET,READ_COUNT,REQ_PER_SEC,REQ_PER_SEC_NET,TRANSACTIONS_PER_SEC,TRANSACTION_COUNT,WRITES_PER_SEC,WRITES_PER_SEC_NET,WRITE_COUNT
0,212458263997,0,1030725.9422931793,1237869.547493867,54269015,1022246.9294160604,1225586.7405028956,10222.492978969052,542964,58679.87788923968,58903.30090706474,27187
1,212397224571,0,1028859.485797479,1236035.21074006,54159437,1020472.6377088155,1223875.5753002309,10204.756032205452,541866,58713.8181963588,58929.527295152584,26952
2,212104963837,0,1029360.0845496788,1235718.0382054767,54106667,1020887.1498472077,1223459.0126136537,10208.89765029996,541340,58640.152588975456,58885.117819472005,27141
3,211436212823,0,1026204.9833745463,1231704.013912286,53773133,1017801.7716395201,1219552.2667473245,10178.03800524791,538002,58608.75255508184,58864.143367009056,26905
4,211890148259,0,1023938.2004244571,1228343.6954750807,53767374,1015516.7938104472,1216169.31291134,10155.173079431777,537946,58695.25490888929,58909.68498093732,27127
5,212330818600,0,1023641.2389849115,1227697.609635703,53872948,1015388.7665556242,1215778.6311622339,10153.91514629947,538998,58669.688213617046,58911.684596475694,26634
