SLAVE_INDEX,DURATION,FAILURES,READS_PER_SEC,READS_PER_SEC_NET,READ_COUNT,REQ_PER_SEC,REQ_PER_SEC_NET,TRANSACTIONS_PER_SEC,TRANSACTION_COUNT,WRITES_PER_SEC,WRITES_PER_SEC_NET,WRITE_COUNT
0,72325933318,0,793906.8686906465,1.0640866548281386E7,7172510,793753.0200624794,1.0588551303347409E7,7937.622232080015,71762,572920.1907755916,982326.8676988431,3606
