SLAVE_INDEX,DURATION,FAILURES,READS_PER_SEC,READS_PER_SEC_NET,READ_COUNT,REQ_PER_SEC,REQ_PER_SEC_NET,TRANSACTIONS_PER_SEC,TRANSACTION_COUNT,WRITES_PER_SEC,WRITES_PER_SEC_NET,WRITE_COUNT
0,222759052221,0,641495.2207364874,642634.6354282162,27145604,487543.5180620758,488243.36395319965,487.55809621615015,27152,417.164560207134,417.31425941375255,5579
1,222134796756,0,650137.284233739,651299.9472630994,27564395,496452.89981800783,497173.1019722876,496.5092389314053,27573,416.49245113577695,416.6434186562806,5471
2,222305006899,0,639038.2063925143,640184.0593755025,27098701,487692.49740405957,488400.31827215885,487.7442335741274,27107,411.5162472692828,411.6613970734298,5420
3,221026014546,0,662437.776383413,663654.6410952139,27868613,504449.92291527434,505199.36996224173,504.48356150327237,27876,419.057916963856,419.21155646090216,5526
4,223868281337,0,615561.9218155696,616515.3142377888,26610255,475557.46336274024,476165.7298162085,475.6188561234714,26619,416.3179265910434,416.46973852606254,5303
5,223025548836,0,640678.3359704608,641768.2193665627,27506768,493438.14004432224,494129.8202343049,493.50389656537317,27516,433.61049854373135,433.7842173030273,5560
