SLAVE_INDEX,DURATION,FAILURES,READS_PER_SEC,READS_PER_SEC_NET,READ_COUNT,REQ_PER_SEC,REQ_PER_SEC_NET,TRANSACTIONS_PER_SEC,TRANSACTION_COUNT,WRITES_PER_SEC,WRITES_PER_SEC_NET,WRITE_COUNT
0,8876924383,0,196756.3711306238,198163.33021869158,1741701,196243.75795474206,197781.45185934586,196.35148953635715,1743,13679.203683664713,18192.149766337887,340
