SLAVE_INDEX,DURATION,FAILURES,READS_PER_SEC,READS_PER_SEC_NET,READ_COUNT,REQ_PER_SEC,REQ_PER_SEC_NET,TRANSACTIONS_PER_SEC,TRANSACTION_COUNT,WRITES_PER_SEC,WRITES_PER_SEC_NET,WRITE_COUNT
0,75386082181,0,732199.3570252898,733030.8959384643,6891765,731501.3912992354,732386.8139028498,731.9098059593482,6897,125689.36507401697,134561.49243010159,1363
