SLAVE_INDEX,DURATION,FAILURES,READS_PER_SEC,READS_PER_SEC_NET,READ_COUNT,REQ_PER_SEC,REQ_PER_SEC_NET,TRANSACTIONS_PER_SEC,TRANSACTION_COUNT,WRITES_PER_SEC,WRITES_PER_SEC_NET,WRITE_COUNT
0,5260902841,0,1694669.9503559996,2317368.272489031,8881552,1688548.3857959732,2315669.678689672,1688.5027617158012,8884,86725.75235089449,487728.9967664438,1737
