SLAVE_INDEX,DURATION,FAILURES,READS_PER_SEC,READS_PER_SEC_NET,READ_COUNT,REQ_PER_SEC,REQ_PER_SEC_NET,TRANSACTIONS_PER_SEC,TRANSACTION_COUNT,WRITES_PER_SEC,WRITES_PER_SEC_NET,WRITE_COUNT
0,265188044104,0,1.3129161717158068E7,2.977809761936505E7,86442100,1.3041213572372494E7,2.977533493592601E7,13041.420222698674,86463,377219.7640594916,2.032493919118868E7,17248
