SLAVE_INDEX,DURATION,FAILURES,READS_PER_SEC,READS_PER_SEC_NET,READ_COUNT,REQ_PER_SEC,REQ_PER_SEC_NET,TRANSACTIONS_PER_SEC,TRANSACTION_COUNT,WRITES_PER_SEC,WRITES_PER_SEC_NET,WRITE_COUNT
0,145206893034,0,1.9005827499657936E7,3.496603083687415E7,114769878,1.897312276597581E7,3.496336672583714E7,18972.055441807526,114801,1976343.4554272704,2.532126408946023E7,22964
