SLAVE_INDEX,DURATION,FAILURES,READS_PER_SEC,READS_PER_SEC_NET,READ_COUNT,REQ_PER_SEC,REQ_PER_SEC_NET,TRANSACTIONS_PER_SEC,TRANSACTION_COUNT,WRITES_PER_SEC,WRITES_PER_SEC_NET,WRITE_COUNT
0,262330493165,0,1.714129455178736E7,3.0862999875746403E7,111594557,1.70192932820502E7,3.08611462398517E7,16956.071708740987,111632,467486.44244252087,2.376176314125573E7,22433
