SLAVE_INDEX,DURATION,FAILURES,READS_PER_SEC,READS_PER_SEC_NET,READ_COUNT,REQ_PER_SEC,REQ_PER_SEC_NET,TRANSACTIONS_PER_SEC,TRANSACTION_COUNT,WRITES_PER_SEC,WRITES_PER_SEC_NET,WRITE_COUNT
0,369054818143,0,1.350003603168747E7,4.291805350385411E7,105423743,1.35143520777416E7,4.291775944152271E7,13396.506819273647,105464,131587.03598972876,4.149067924169516E7,21001
