SLAVE_INDEX,DURATION,FAILURES,READS_PER_SEC,READS_PER_SEC_NET,READ_COUNT,REQ_PER_SEC,REQ_PER_SEC_NET,TRANSACTIONS_PER_SEC,TRANSACTION_COUNT,WRITES_PER_SEC,WRITES_PER_SEC_NET,WRITE_COUNT
0,6103434204,0,1276491.8063942476,3086288.9206131515,7750575,1270128.3803337286,3082880.446570391,1270.2677013813302,7753,49595.496602550535,477816.0943677656,1570
