SLAVE_INDEX,DURATION,FAILURES,READS_PER_SEC,READS_PER_SEC_NET,READ_COUNT,REQ_PER_SEC,REQ_PER_SEC_NET,TRANSACTIONS_PER_SEC,TRANSACTION_COUNT,WRITES_PER_SEC,WRITES_PER_SEC_NET,WRITE_COUNT
0,394429279796,0,651934.5533459854,652162.6072876088,6398969,649060.3337876141,649328.9542929515,650.9652726357972,6419,27348.58790516534,27744.148074090805,1241
