SLAVE_INDEX,DURATION,FAILURES,READS_PER_SEC,READS_PER_SEC_NET,READ_COUNT,REQ_PER_SEC,REQ_PER_SEC_NET,TRANSACTIONS_PER_SEC,TRANSACTION_COUNT,WRITES_PER_SEC,WRITES_PER_SEC_NET,WRITE_COUNT
0,187676326498,0,7395022.961422212,7806845.41130634,57730379,7384020.10450033,7799449.301446956,7385.480180804965,57754,873741.909723006,1357756.2540045164,11528
