SLAVE_INDEX,DURATION,FAILURES,READS_PER_SEC,READS_PER_SEC_NET,READ_COUNT,REQ_PER_SEC,REQ_PER_SEC_NET,TRANSACTIONS_PER_SEC,TRANSACTION_COUNT,WRITES_PER_SEC,WRITES_PER_SEC_NET,WRITE_COUNT
0,220419186894,0,6.0729475560901545E7,6.513740187048633E7,278842401,6.072324877251573E7,6.513655547972858E7,60727.73641214045,278868,5397044.518239638,2.833102553309551E7,2789
