SLAVE_INDEX,DURATION,FAILURES,READS_PER_SEC,READS_PER_SEC_NET,READ_COUNT,REQ_PER_SEC,REQ_PER_SEC_NET,TRANSACTIONS_PER_SEC,TRANSACTION_COUNT,WRITES_PER_SEC,WRITES_PER_SEC_NET,WRITE_COUNT
0,212327293973,0,5.975341895898683E7,6.6306037860942185E7,264265001,5.974193890312111E7,6.630540480532533E7,59747.77800258195,264295,2896484.951671835,3.3567495194352E7,2587
