SLAVE_INDEX,DURATION,FAILURES,READS_PER_SEC,READS_PER_SEC_NET,READ_COUNT,REQ_PER_SEC,REQ_PER_SEC_NET,TRANSACTIONS_PER_SEC,TRANSACTION_COUNT,WRITES_PER_SEC,WRITES_PER_SEC_NET,WRITE_COUNT
0,138003566801,0,3496269.8368732934,7864335.28412007,120575697,3495027.9850049857,7860692.280127796,3495.068693422544,120583,422235.77538075566,749281.2120505299,5885
1,214490148837,0,769724.5188540602,9825699.412761265,41270886,769695.0228024705,9818674.753985975,769.6950228024705,41273,440300.422768593,656448.1945074011,2114
2,132621086880,0,3918002.626096995,8207268.497675984,129838050,3916252.356383946,8203490.9044528,3916.0842077701072,129846,387044.09296846576,789182.6029713637,6361
3,207286654342,0,966690.0377122851,9666300.104325546,50089333,966620.1648921204,9658463.315112855,966.6419937432585,50093,397804.1118758078,566866.4225282836,2532
