SLAVE_INDEX,DURATION,FAILURES,READS_PER_SEC,READS_PER_SEC_NET,READ_COUNT,REQ_PER_SEC,REQ_PER_SEC_NET,TRANSACTIONS_PER_SEC,TRANSACTION_COUNT,WRITES_PER_SEC,WRITES_PER_SEC_NET,WRITE_COUNT
0,106835695375,0,5780393.925234446,7321345.315065899,154354038,5779175.3386619445,7320568.852529269,5779.2285223985855,154357,257259.84831341647,620485.7081083382,1516
1,107786379430,0,5864948.86225053,7567044.546936081,158015817,5864096.069860912,7566881.427906817,5864.190579564725,158020,382664.94403823407,2422480.437224493,1604
2,111631101325,0,5999130.600499252,7772570.379763237,167384172,5997821.9336088775,7771607.806453058,5997.8620774399305,167387,266073.50849708496,587438.8929254855,1695
3,113657316661,0,5752544.791630282,7480002.417328203,163411871,5751094.8102850355,7478628.434072091,5749.536509823534,163415,218925.84370561672,385195.1314643807,1630
4,112108959493,0,5906798.066132973,7803607.38219959,165527124,5905997.513439967,7803422.50553804,5906.074834210379,165531,412604.1886793654,2345258.194137272,1685
5,105271308981,0,5923864.202478112,7503377.1076738285,155871003,5922695.842155161,7502509.658053965,5922.790067552639,155875,272560.5292746871,570490.1011985197,1483
6,107802171302,0,6238029.890735317,8143738.941575981,168078968,6236629.595488739,8142550.158568369,6236.682715593673,168082,251432.92975043258,494095.4425618334,1585
7,112049561763,0,6190713.255723238,8142122.568578874,173368805,6189067.026132676,8141033.5363837965,6189.1527419489785,173373,227212.62355575472,573400.156045125,1757
