SLAVE_INDEX,DURATION,FAILURES,READS_PER_SEC,READS_PER_SEC_NET,READ_COUNT,REQ_PER_SEC,REQ_PER_SEC_NET,TRANSACTIONS_PER_SEC,TRANSACTION_COUNT,WRITES_PER_SEC,WRITES_PER_SEC_NET,WRITE_COUNT
0,140777545366,0,3992216.120756852,4225923.196188557,140439485,3990434.0606273618,4224216.341436712,3990.490501989215,140443,86741.94109067094,101250.38225562702,1393
1,146772587488,0,3916379.35857897,4139809.2816219227,143641464,3914706.3755824054,4138185.9504631707,3914.760235150228,143645,89276.40167223678,102598.99665775888,1432
