SLAVE_INDEX,DURATION,FAILURES,READS_PER_SEC,READS_PER_SEC_NET,READ_COUNT,REQ_PER_SEC,REQ_PER_SEC_NET,TRANSACTIONS_PER_SEC,TRANSACTION_COUNT,WRITES_PER_SEC,WRITES_PER_SEC_NET,WRITE_COUNT
0,133205242680,0,4445149.321492218,4847130.808929502,148025931,4445052.522612918,4847115.745358495,444.57695143812083,14805,190080.44098662309,1155556.8038422263,144
1,136708087507,0,4571400.268804061,4939712.075616389,156233157,4571296.661347859,4939694.491428195,457.1783813915596,15625,184590.7026370764,1043766.3854685302,149
2,137996052447,0,4486547.179741161,4863936.618638406,154777871,4486447.931094129,4863921.468185635,448.70822309570053,15480,194305.28808109424,1183323.5359234123,155
3,132781427463,0,4368486.002885167,4817646.915230339,145009770,4368379.788367842,4817629.343409056,436.86823098477885,14502,185093.8357523575,1097302.9910298998,156
