SLAVE_INDEX,DURATION,FAILURES,READS_PER_SEC,READS_PER_SEC_NET,READ_COUNT,REQ_PER_SEC,REQ_PER_SEC_NET,TRANSACTIONS_PER_SEC,TRANSACTION_COUNT,WRITES_PER_SEC,WRITES_PER_SEC_NET,WRITE_COUNT
0,142298110070,0,3780046.739044256,3950670.717669849,134459775,3779667.907995568,3950658.8605339313,378.02320594573973,13448,34738.64346847847,934308.7516700769,125
1,139552086991,0,3844738.7549514943,4050270.474854427,134129744,3844583.105622786,4050210.437141512,384.51582970889626,13415,106697.00991955218,292915.13870476704,155
2,140109144954,0,3910737.140240192,4032288.3046446987,136979104,3910643.3500817493,4032273.8495188705,391.1235521172587,13700,137814.64447123537,791872.7460497099,120
3,140340165055,0,3861719.3705084007,4092736.7305639368,135484942,3861619.884710916,4092727.690859466,386.204367456919,13550,160133.32424850677,1372580.6561571832,151
4,143409338150,0,3705071.9141440457,3902529.9526994526,132832588,3704994.659721885,3902521.838660568,370.54761746813216,13285,153857.05205400768,1182038.918631396,120
5,140850449381,0,4132240.1835258077,4356437.040715859,145502809,4132126.653182765,4356422.220390238,413.2609177391534,14552,163792.64347677183,1089119.6942543986,165
