SLAVE_INDEX,DURATION,FAILURES,READS_PER_SEC,READS_PER_SEC_NET,READ_COUNT,REQ_PER_SEC,REQ_PER_SEC_NET,TRANSACTIONS_PER_SEC,TRANSACTION_COUNT,WRITES_PER_SEC,WRITES_PER_SEC_NET,WRITE_COUNT
0,190436382536,0,1022259.2308421832,1024109.2603205494,48667885,1022240.31672729,1024090.650172702,102.27022385465727,4869,55809.32101521448,56869.9594555467,52
1,193465159371,0,1039665.2594856003,1041607.5016023794,50283882,1039648.2377185574,1041591.0840326961,103.99790401677305,5030,55016.35540565592,57137.28537030861,46
2,192431352566,0,1044854.0489262983,1046798.9314777951,50264818,1044837.2851874059,1046782.688859082,104.51504231630557,5028,55220.48311787119,57101.92503278602,45
3,191395866621,0,1018137.1142156916,1019968.7558470145,48715940,1018119.9387438573,1019951.8170965965,101.8411338106132,4873,55076.96859880383,55999.947574517166,47
