SLAVE_INDEX,DURATION,FAILURES,READS_PER_SEC,READS_PER_SEC_NET,READ_COUNT,REQ_PER_SEC,REQ_PER_SEC_NET,TRANSACTIONS_PER_SEC,TRANSACTION_COUNT,WRITES_PER_SEC,WRITES_PER_SEC_NET,WRITE_COUNT
0,190833808458,0,1021878.0208000313,1023743.3525262821,48751420,1021862.1824702419,1023728.0564169349,102.2458874925254,4878,55020.70313899509,57064.57819157707,43
1,196782561403,0,1071644.2145380548,1073673.5334652564,52719140,1071623.351665475,1073653.0050129425,107.22479664513288,5275,56383.46095037291,57464.15232436195,57
