SLAVE_INDEX,DURATION,FAILURES,READS_PER_SEC,READS_PER_SEC_NET,READ_COUNT,REQ_PER_SEC,REQ_PER_SEC_NET,TRANSACTIONS_PER_SEC,TRANSACTION_COUNT,WRITES_PER_SEC,WRITES_PER_SEC_NET,WRITE_COUNT
0,6431760095,0,1015885.2543271834,2339308.285987051,6428112,1000433.1481521156,2333512.5902079036,1000.4428312885849,6435,61768.23328116378,671464.5315611289,6434
