SLAVE_INDEX,DURATION,FAILURES,READS_PER_SEC,READS_PER_SEC_NET,READ_COUNT,REQ_PER_SEC,REQ_PER_SEC_NET,TRANSACTIONS_PER_SEC,TRANSACTION_COUNT,WRITES_PER_SEC,WRITES_PER_SEC_NET,WRITE_COUNT
0,145089505489,0,3445106.6649903627,4137886.1949726203,124931473,3444293.467785561,4137761.4636731413,344.476943263719,12495,138554.90651537353,1022466.1287413905,1236
1,145539870066,0,3526864.0283796177,4238528.4821962835,128296274,3526112.863556059,4238438.661730143,352.59991470246973,12831,151650.01202517908,1318746.2245788309,1228
2,145680632791,0,3462067.7176632327,4194674.671236539,126049526,3461018.574262736,4194278.8324375185,346.1543831125505,12607,115437.38298197664,418383.079547067,1318
3,147499269199,0,3535667.6758213174,4285871.653040994,130348257,3534919.1004909393,4285783.677139219,353.5222809494617,13037,151882.82295372372,1356464.0190802703,1239
4,143110799160,0,3552020.1775057586,4264033.971029672,127053647,3551231.3744527623,4263916.556247954,355.1932423266117,12708,149846.50227010518,1117785.902633474,1243
5,145802201841,0,3403609.0529461172,4150393.787722818,124022068,3402509.356758542,4150264.2359326794,337.9481968368053,12404,104604.80043033641,1025809.4794965221,1271
