SLAVE_INDEX,DURATION,FAILURES,READS_PER_SEC,READS_PER_SEC_NET,READ_COUNT,REQ_PER_SEC,REQ_PER_SEC_NET,TRANSACTIONS_PER_SEC,TRANSACTION_COUNT,WRITES_PER_SEC,WRITES_PER_SEC_NET,WRITE_COUNT
0,157635319781,0,3001422.8497670908,3173424.977392343,118248695,3000593.0946004353,3172770.7051194515,300.1061757703643,11827,103510.54048365477,145054.55255824444,1168
1,152647796296,0,3190100.4209365463,3370327.236562191,121697581,3189008.919958814,3369694.6873529344,318.9287386748818,12171,90414.74415185435,170197.73860435962,1215
2,157709806049,0,3091170.4307112917,3274611.4291669847,121850777,3090536.8043415365,3274177.78389567,309.1238454456626,12188,143139.93737303227,228919.01018099842,1213
3,160222077791,0,2635968.361878949,2777964.6623618444,105554570,2635233.7319627316,2777495.259342046,263.5748336423673,10558,93820.89819471443,159410.6386124493,1086
4,162141014310,0,3168975.9236061946,3364555.3956002654,128426295,3168293.7854195787,3364114.933300608,316.8772552070647,12845,141986.05318182317,240936.06913732024,1297
5,156903167600,0,3024045.8323432715,3206162.3978802417,118583465,3023130.8599788905,3205672.9818788264,302.3699671072336,11861,100753.97284847405,205052.02096835113,1237
