SLAVE_INDEX,DURATION,FAILURES,READS_PER_SEC,READS_PER_SEC_NET,READ_COUNT,REQ_PER_SEC,REQ_PER_SEC_NET,TRANSACTIONS_PER_SEC,TRANSACTION_COUNT,WRITES_PER_SEC,WRITES_PER_SEC_NET,WRITE_COUNT
0,5963041444,0,1354669.0788481345,3113136.405421186,8033702,1347508.830092914,3109976.1854945784,1347.6342491052296,8036,47425.50827347024,496419.14825498575,1549
