SLAVE_INDEX,DURATION,FAILURES,READS_PER_SEC,READS_PER_SEC_NET,READ_COUNT,REQ_PER_SEC,REQ_PER_SEC_NET,TRANSACTIONS_PER_SEC,TRANSACTION_COUNT,WRITES_PER_SEC,WRITES_PER_SEC_NET,WRITE_COUNT
0,93987904693,0,7516633.390517683,9584525.699401429,176244607,7501489.7108618105,9582160.569015842,7501.602330543533,176265,356525.715458553,2773717.422801975,17718
1,98488235802,0,7399271.231746217,9628608.068594785,181817221,7385073.781423445,9628187.069460532,7385.165303458483,181838,371922.11943582003,6734447.338785818,18501
