SLAVE_INDEX,DURATION,FAILURES,READS_PER_SEC,READS_PER_SEC_NET,READ_COUNT,REQ_PER_SEC,REQ_PER_SEC_NET,TRANSACTIONS_PER_SEC,TRANSACTION_COUNT,WRITES_PER_SEC,WRITES_PER_SEC_NET,WRITE_COUNT
0,189857538276,0,1019334.3033592905,1037196.6915750602,48292839,1017558.3111119554,1035356.8455016823,1017.6036632149218,48300,56428.90841098125,56450.155295634206,4940
1,189086602977,0,1038226.5308769699,1056448.0138301717,48989731,1036450.5201028883,1054610.3106102208,1036.4971090578945,48997,58312.80166257081,58403.59677545395,4996
2,204460725563,0,1110133.8378584147,1130975.8580465978,56625924,1107930.0211629171,1128687.7987020616,1107.9863843932933,56635,57203.88530284503,57239.19455530681,6120
3,188735330413,0,1032374.1992570041,1050227.322965739,48623756,1030620.793543814,1048412.4602144011,1030.669329258348,48631,57536.49609142876,57580.79088778737,4883
