SLAVE_INDEX,DURATION,FAILURES,READS_PER_SEC,READS_PER_SEC_NET,READ_COUNT,REQ_PER_SEC,REQ_PER_SEC_NET,TRANSACTIONS_PER_SEC,TRANSACTION_COUNT,WRITES_PER_SEC,WRITES_PER_SEC_NET,WRITE_COUNT
0,249740010933,0,124795.42662563469,6592100.580645855,6991532,112436.92948957736,6591819.26636324,11.243692948957737,702,4440.452262745825,6523450.036131269,28468
1,256827810215,0,87738.46704695524,6334189.198147339,5243096,82078.33872178078,6328945.458233689,8.207833872178078,527,6047.586599765749,5449728.71374431,26904
2,256469668821,0,87268.09823427728,6676732.560075362,5409126,84844.34085337061,6667632.529619298,8.48443408533706,544,14463.865228115541,5382382.50357842,30874
3,244374230931,0,118757.49571417732,6394911.528728713,6983224,114742.0490825696,6394024.918161806,11.47420490825696,701,11686.592254995794,6170895.502351479,26776
