SLAVE_INDEX,DURATION,FAILURES,READS_PER_SEC,READS_PER_SEC_NET,READ_COUNT,REQ_PER_SEC,REQ_PER_SEC_NET,TRANSACTIONS_PER_SEC,TRANSACTION_COUNT,WRITES_PER_SEC,WRITES_PER_SEC_NET,WRITE_COUNT
0,242953705786,0,230248.1608631235,4742697.987975803,12495372,206623.72626749508,4743509.777907497,20.66237262674951,1255,8444.221114691713,4936794.31581833,54628
1,238715515295,0,156637.96140720692,4557990.962379301,8263876,139376.4957375474,4559709.01284631,13.733789927988433,832,7796.051591796261,4839066.314992752,53957
