SLAVE_INDEX,DURATION,FAILURES,READS_PER_SEC,READS_PER_SEC_NET,READ_COUNT,REQ_PER_SEC,REQ_PER_SEC_NET,TRANSACTIONS_PER_SEC,TRANSACTION_COUNT,WRITES_PER_SEC,WRITES_PER_SEC_NET,WRITE_COUNT
0,244974581480,0,137911.22457885978,4514371.40161926,8068746,132421.9019133152,4510634.030798583,13.242190191331519,811,15073.621474687048,3882041.696660373,41254
1,240673661363,0,187034.8397376281,4479418.881326191,10768460,179712.7602374581,4477741.568305453,17.982855344639372,1082,17184.09136211864,4106265.417381262,44572
2,268052034998,0,36848.26558723315,3995906.8802201897,2469077,37007.739934054276,3993263.406498096,3.700773993405428,248,1704439.9271333597,3473797.720691939,10923
3,266183782272,0,36967.35362922613,4252824.22243538,2459925,37117.212460014256,4249886.952146772,3.7117212460014257,247,3633535.167345933,3636630.087401847,10075
