SLAVE_INDEX,DURATION,FAILURES,READS_PER_SEC,READS_PER_SEC_NET,READ_COUNT,REQ_PER_SEC,REQ_PER_SEC_NET,TRANSACTIONS_PER_SEC,TRANSACTION_COUNT,WRITES_PER_SEC,WRITES_PER_SEC_NET,WRITE_COUNT
0,302964975574,0,28784.34573564284,3672573.4055535393,1984030,26273.66409242163,3661406.2534660604,2.627366409242163,199,876.1569352481017,1821122.04148696,5970
1,253078395250,0,133560.32560222468,3840071.588369319,7554987,119962.82800042766,3838157.5101154866,11.996282800042767,759,5223.094891163256,3465437.4012376815,35013
2,270889274159,0,5715.90238167453,3085213.6273326515,387001,5758.8105134216175,3063830.086095373,0.5758810513421617,39,184002.29502829205,1617312.0882483996,2999
3,274234523256,0,29971.136629175864,3366314.1226913566,1840902,26984.202835366734,3357912.4843314583,2.6984202835366733,185,1274.9197427231802,2231166.425138855,9098
4,281708776603,0,9841.7896930596,3281779.8624330154,693088,9939.342443511865,3249673.2122814744,0.9939342443511865,70,1633935.2658344952,1640418.3707633873,6912
5,281219563361,0,27482.53677768805,4290578.9232178535,1913010,27309.622091053552,4278780.0546441665,2.730962209105355,192,10033.188423710642,2441389.195857392,6990
6,246239749275,0,89748.84775613782,3715900.569641298,4965815,81208.69217450189,3719599.7031227597,8.122163911577292,500,5359.230805765055,4366054.582743923,33387
7,268364371732,0,25833.127517046825,3452472.156180399,1733085,25934.888282974276,3443104.8283273424,2.5934888282974278,174,2035530.08191132,2049458.9420983393,6915
