SLAVE_INDEX,DURATION,FAILURES,READS_PER_SEC,READS_PER_SEC_NET,READ_COUNT,REQ_PER_SEC,REQ_PER_SEC_NET,TRANSACTIONS_PER_SEC,TRANSACTION_COUNT,WRITES_PER_SEC,WRITES_PER_SEC_NET,WRITE_COUNT
0,237884895307,0,18583.746410351254,18592.681220465573,1051509,17799.347850714104,17807.489621129647,1.815981134421914,108,2436.7976298547387,,7040
1,237797877941,0,19288.813386430822,19297.95444879869,1108567,18730.057806088047,18738.702652424567,1.917565465336303,114,2490.577465280986,2490.8329659409496,4925
2,237805013541,0,19547.561650764022,19557.017756571448,1104383,18700.27857605823,18708.99571673294,1.9006914138179836,113,2495.575692043548,2495.8993515463717,7372
3,237794157290,0,19838.858476816986,19849.079588112585,1137758,19229.404339079167,19238.96155507292,1.9680586155264235,117,2574.1384496977143,,5402
4,237676019449,0,19330.54728351947,19340.481546876956,1072646,18205.4715071012,18214.229997238275,1.8512349743190675,110,2317.1955350492917,2317.2367329893923,9105
5,237686879283,0,19544.027047676664,19553.798593676274,1093049,18530.917706886758,18539.637651853416,1.8848040226808296,112,2315.266649978054,,8090
6,237727692203,0,20312.94967099505,20323.427859194166,1131570,19192.09309491805,19201.39750853161,1.9517837060294858,116,2430.273766161341,2430.3246734811555,9053
7,237777508174,0,19467.32722072033,19476.65266024871,1086790,18432.340525634463,18440.6618425275,1.8840883510334352,112,2462.39795414868,2462.4622444786796,8909
