SLAVE_INDEX,DURATION,FAILURES,READS_PER_SEC,READS_PER_SEC_NET,READ_COUNT,REQ_PER_SEC,REQ_PER_SEC_NET,TRANSACTIONS_PER_SEC,TRANSACTION_COUNT,WRITES_PER_SEC,WRITES_PER_SEC_NET,WRITE_COUNT
0,240216731286,0,159623.78389215897,1649033.1006851417,8713306,145873.85238491185,1647588.0022969053,14.603475042752159,877,8601.289902639295,1417447.8688215879,47029
1,241548457721,0,178632.21204502293,1731563.6054132648,9281275,154668.75819655444,1729882.6173541376,15.466875819655444,934,6966.473064507964,1499772.2855323558,58725
2,228840210073,0,302782.4627673819,1476173.344118759,16230322,285064.1151709759,1470314.3949993511,28.526290984719235,1632,21688.2346359962,806248.9961801311,78211
3,234081164377,0,216100.64489331527,1770446.247117482,11410865,196171.27299505155,1763781.2489987146,19.617127299505153,1148,12093.26989956694,1087845.7983340728,69135
4,238637708327,0,177755.58307549867,1573405.2686269842,10204763,172056.56343186763,1572477.4103154424,17.21435339331915,1027,26675.785081253925,1429209.228209221,60033
5,239902537931,0,198481.65623373978,1681719.642686921,10822277,181424.64175397053,1679869.683830512,18.157354746921825,1089,10784.894025611418,1396945.7493833196,58781
