SLAVE_INDEX,DURATION,FAILURES,READS_PER_SEC,READS_PER_SEC_NET,READ_COUNT,REQ_PER_SEC,REQ_PER_SEC_NET,TRANSACTIONS_PER_SEC,TRANSACTION_COUNT,WRITES_PER_SEC,WRITES_PER_SEC_NET,WRITE_COUNT
0,239499949874,0,133146.06072928206,1756147.7765471218,7726111,129740.58665292963,1753679.1283178565,12.976989538841645,777,22788.36997738293,1394083.6272873967,42105
1,237560451424,0,222390.08214085866,1588154.43600468,11286839,190940.87306241505,1586937.5178414013,19.094087306241505,1134,6154.550255775814,1364890.1940370197,53161
2,232268184835,0,216304.11179528694,1592427.2981430327,11436028,197939.24007569085,1591958.6988362935,19.80461232750618,1150,11106.408912459838,1504254.619572804,57719
3,239834520978,0,176871.53324848987,1540388.254941324,8274786,138762.34273652695,1539694.4415968,13.876234273652695,832,3431.9404885514086,1422439.7643486003,45214
4,236038436527,0,195909.35098157046,1561677.69598596,10715146,182512.64765970502,1561314.025442693,18.251264765970504,1077,12711.806480888241,1493381.572529244,54854
5,235313482065,0,200929.4828193924,1575053.8325308666,9995502,170727.06437152947,1574692.0832946575,17.08357394108016,1005,5295.389041935128,1502949.1310173944,48093
6,243181300520,0,198848.64190377752,1501469.4543943098,11471218,189652.74016291785,1497363.3008529313,18.965274016291787,1153,18918.38466818215,976318.2572963261,58782
7,238618059044,0,219204.22825241016,1671326.1281362313,11108352,187077.20689224364,1666178.7781178409,18.707720689224367,1116,5752.277866659824,1002274.6499759838,51648
