SLAVE_INDEX,DURATION,FAILURES,READS_PER_SEC,READS_PER_SEC_NET,READ_COUNT,REQ_PER_SEC,REQ_PER_SEC_NET,TRANSACTIONS_PER_SEC,TRANSACTION_COUNT,WRITES_PER_SEC,WRITES_PER_SEC_NET,WRITE_COUNT
0,213545271953,0,776435.504942968,1384497.9418582655,38885453,732266.9641424632,1382844.4156223887,73.23965176850984,3910,62822.28683894588,1130029.9042514085,207584
1,209879224474,0,796519.5707441478,1337223.183350224,40520762,776059.4713850658,1337226.620448492,77.64441557579312,4074,124522.08081586924,1337927.1108571494,198928
