SLAVE_INDEX,DURATION,FAILURES,READS_PER_SEC,READS_PER_SEC_NET,READ_COUNT,REQ_PER_SEC,REQ_PER_SEC_NET,TRANSACTIONS_PER_SEC,TRANSACTION_COUNT
0,88951615,0,312709.33079742285,315306.39453406347,6954,312709.33079742285,315306.39453406347,359.159417015128,8
1,85198532,0,253102.95252505055,260562.38265086626,5391,253102.95252505055,260562.38265086626,374.73337281383624,8
2,92463959,0,239185.0861588135,242429.9983379799,5529,239185.0861588135,242429.9983379799,345.20185122691265,8
3,92682636,0,234089.15559976088,237967.16809889537,5424,234089.15559976088,237967.16809889537,344.4547695957654,8
4,84560611,0,264141.8946227813,267390.77019399777,5584,264141.8946227813,267390.77019399777,377.6517139640427,8
5,91589989,0,249328.55925989902,252088.3448439621,5709,249328.55925989902,252088.3448439621,348.8215021945669,8
6,90348066,0,252047.45389901317,256781.87116381197,5693,252047.45389901317,256781.87116381197,353.47313925029033,8
7,86018337,0,256224.4373545608,260870.25583501012,5510,256224.4373545608,260870.25583501012,371.22539181680025,8
