SLAVE_INDEX,DURATION,FAILURES,READS_PER_SEC,READS_PER_SEC_NET,READ_COUNT,REQ_PER_SEC,REQ_PER_SEC_NET,TRANSACTIONS_PER_SEC,TRANSACTION_COUNT
0,93556514507,0,1.169742513139604E7,1.1939796818914576E7,273592581,1.169742513139604E7,1.1939796818914576E7,11697.4842967325,273594
1,94217794482,0,1.1647681396423033E7,1.1928277804230504E7,274354713,1.1647681396423033E7,1.1928277804230504E7,11647.734687892826,274356
2,93042989408,0,1.1265505834122265E7,1.1525431559965314E7,262044085,1.1265505834122265E7,1.1525431559965314E7,11265.585678198851,262046
3,93847625427,0,1.1693708508945074E7,1.1941987953244433E7,274356694,1.1693708508945074E7,1.1941987953244433E7,11693.845063903455,274360
4,95535749237,0,1.1318779960760543E7,1.1556317870447073E7,270337031,1.1318779960760543E7,1.1556317870447073E7,11318.861622705328,270339
5,95888848336,0,1.1331452810786003E7,1.1549187338770155E7,271639990,1.1331452810786003E7,1.1549187338770155E7,11331.49328564002,271641
