SLAVE_INDEX,DURATION,FAILURES,READS_PER_SEC,READS_PER_SEC_NET,READ_COUNT,REQ_PER_SEC,REQ_PER_SEC_NET,TRANSACTIONS_PER_SEC,TRANSACTION_COUNT
0,100894362414,0,1.0352818324119372E7,1.0573340597118147E7,261135251,1.0352818324119372E7,1.0573340597118147E7,10352.886001874493,261137
1,92695865675,0,1.1385656310717657E7,1.162861080682802E7,263850817,1.1385656310717657E7,1.162861080682802E7,11385.704830462206,263852
2,99229402298,0,1.016915668774857E7,1.0353604805004187E7,252269835,1.016915668774857E7,1.0353604805004187E7,10169.242089149582,252272
3,94619615925,0,1.1504414104394918E7,1.1753219249625113E7,272135811,1.1504414104394918E7,1.1753219249625113E7,11504.504711208652,272138
4,93576261264,0,1.0964895178973518E7,1.1177975912890803E7,256513474,1.0964895178973518E7,1.1177975912890803E7,10965.045005371492,256517
5,93196111161,0,1.1672148316583555E7,1.1936015070640625E7,271949708,1.1672148316583555E7,1.1936015070640625E7,11672.244577172829,271952
6,93363342841,0,1.1697633511901172E7,1.19529233442381E7,273032542,1.1697633511901172E7,1.19529233442381E7,11697.737011422376,273035
7,95981539834,0,1.1243377818968114E7,1.1485762794186583E7,269789179,1.1243377818968114E7,1.1485762794186583E7,11243.45241789259,269791
