SLAVE_INDEX,DURATION,FAILURES,READS_PER_SEC,READS_PER_SEC_NET,READ_COUNT,REQ_PER_SEC,REQ_PER_SEC_NET,TRANSACTIONS_PER_SEC,TRANSACTION_COUNT
0,99453491774,0,1.0651947368598582E7,1.0844987583759673E7,264843340,1.0651947368598582E7,1.0844987583759673E7,10652.052882929258,264846
1,95198065170,0,1.154424079982591E7,1.1801728466583442E7,274747347,1.154424079982591E7,1.1801728466583442E7,11544.26641546145,274748
2,92315103775,0,1.1982344456829378E7,1.2247619911999201E7,276537843,1.1982344456829378E7,1.2247619911999201E7,11982.480377573993,276541
3,92910073811,0,1.1983098218873505E7,1.224607958414652E7,278337635,1.1983098218873505E7,1.224607958414652E7,11983.1549400762,278339
