SLAVE_INDEX,DURATION,FAILURES,READS_PER_SEC,READS_PER_SEC_NET,READ_COUNT,REQ_PER_SEC,REQ_PER_SEC_NET,TRANSACTIONS_PER_SEC,TRANSACTION_COUNT
0,142278564,0,106045.48974784423,107933.53394606216,3772,106045.48974784423,107933.53394606216,101.93889303638602,4
1,144611346,0,105109.31832416524,107190.7670837859,3800,105109.31832416524,107190.7670837859,99.28353834070562,4
2,83479041,0,23574.779686316713,24322.88992317749,492,23574.779686316713,24322.88992317749,177.36091066402983,4
3,167424506,0,17464.587890138377,17847.087303471006,731,17464.587890138377,17847.087303471006,91.35972274151342,4
4,140983430,0,101969.43002450714,103953.41504431379,3594,101969.43002450714,103953.41504431379,100.66500687686703,4
5,142548215,0,102645.97139992248,104495.42727524617,3658,102645.97139992248,104495.42727524617,103.12779778464217,4
