SLAVE_INDEX,DURATION,FAILURES,READS_PER_SEC,READS_PER_SEC_NET,READ_COUNT,REQ_PER_SEC,REQ_PER_SEC_NET,TRANSACTIONS_PER_SEC,TRANSACTION_COUNT,WRITES_PER_SEC,WRITES_PER_SEC_NET,WRITE_COUNT
0,423736183219,0,1.0596637803395253E7,1.2712975927468028E7,92711745,1.050745787668283E7,1.2584029812427644E7,105075.9832199273,927600,589569.3760211118,591512.6378990193,46382
