SLAVE_INDEX,DURATION,FAILURES,READS_PER_SEC,READS_PER_SEC_NET,READ_COUNT,REQ_PER_SEC,REQ_PER_SEC_NET,TRANSACTIONS_PER_SEC,TRANSACTION_COUNT,WRITES_PER_SEC,WRITES_PER_SEC_NET,WRITE_COUNT
0,144246824236,0,3581261.5037692436,4707997.761589415,129129729,3580817.1080073635,4707858.681375544,358.05578519545907,12914,138561.5432103904,680897.6025014806,645
1,145168279454,0,3665878.5956487395,4863060.9579530135,133027754,3665496.4156175237,4862981.244622712,366.5248770671361,13304,175642.8421075279,1179196.4738984522,698
2,136458005740,0,4037054.0642918786,4738690.660007994,137700677,4036446.76626358,4738429.773783586,403.6604898375034,13772,130485.03238154842,396346.79370765097,692
3,138515215433,0,4055126.7035689936,4741011.432848709,140397200,4054367.2133379644,4740889.610066547,405.4427895995528,14040,103229.2382166811,758395.755633186,687
