SLAVE_INDEX,DURATION,FAILURES,READS_PER_SEC,READS_PER_SEC_NET,READ_COUNT,REQ_PER_SEC,REQ_PER_SEC_NET,TRANSACTIONS_PER_SEC,TRANSACTION_COUNT,WRITES_PER_SEC,WRITES_PER_SEC_NET,WRITE_COUNT
0,222880901614,0,457756.55837666435,461619.7569583503,24928766,447435.87843479856,451130.2008761308,4474.407194476271,249315,1951.3991452313353,1952.2390094596499,2462
1,221488149025,0,471273.46531573776,475139.98381960706,25544328,461368.0345871047,465076.8160225992,4613.717665494381,255471,2189.4083510049823,2190.3164350453167,2560
