SLAVE_INDEX,DURATION,FAILURES,READS_PER_SEC,READS_PER_SEC_NET,READ_COUNT,REQ_PER_SEC,REQ_PER_SEC_NET,TRANSACTIONS_PER_SEC,TRANSACTION_COUNT,WRITES_PER_SEC,WRITES_PER_SEC_NET,WRITE_COUNT
0,223923583983,0,435464.143978843,439253.60119546263,21883036,390941.24184188654,394005.3515509907,3909.4569305964114,218855,384.90508045666814,385.02779310290254,2205
1,224680103218,0,428477.4400563365,431965.91855976434,21595632,384507.6923263531,387326.1675869322,3845.093261681272,215979,377.0043261937605,377.1159051454342,2175
2,223139804590,0,406186.5321587623,409482.3055601925,20421433,366110.7087106462,368796.8799333943,3661.147777930564,204237,369.3986302462448,369.5101407423362,2035
3,223853387401,0,410485.43200258777,413757.29016964504,20666915,369332.14618681563,371989.8803632114,3693.3627207925147,206693,382.4890153084531,382.605269304427,2148
4,224799960016,0,408684.2555746958,412086.29998957645,20699829,368360.6527069944,371133.08492439846,3683.664666071695,207022,366.8428909089531,366.9536784679659,2036
5,222998687429,0,420968.25274939864,424317.9816996528,21120315,378878.9834330321,381600.96575023246,3788.829130184257,211226,369.9674268282436,370.0734399920961,2064
