SLAVE_INDEX,DURATION,FAILURES,READS_PER_SEC,READS_PER_SEC_NET,READ_COUNT,REQ_PER_SEC,REQ_PER_SEC_NET,TRANSACTIONS_PER_SEC,TRANSACTION_COUNT,WRITES_PER_SEC,WRITES_PER_SEC_NET,WRITE_COUNT
0,221757228505,0,456446.6733558824,460347.238586396,23914128,431401.0084133199,434886.9177729876,4314.031667863346,239167,802.3326833388511,802.4541490357586,2445
1,221296135433,0,444953.6360557842,448618.6801473016,23236355,420046.8111118151,423316.53312601993,4200.506683655501,232389,750.7902399715562,750.9578784333133,2329
2,224821210401,0,417933.9263516102,421264.9967669061,22358288,397835.68392176117,400856.2042169259,3978.3964396743145,223607,807.5716088423645,807.7201728663657,2187
3,223745705158,0,439730.94896350504,443370.2001022416,23272244,416088.8090980695,419347.63217016676,4160.919672575314,232747,755.8253290413041,755.8967674264545,2277
