SLAVE_INDEX,DURATION,FAILURES,READS_PER_SEC,READS_PER_SEC_NET,READ_COUNT,REQ_PER_SEC,REQ_PER_SEC_NET,TRANSACTIONS_PER_SEC,TRANSACTION_COUNT,WRITES_PER_SEC,WRITES_PER_SEC_NET,WRITE_COUNT
0,222968649287,0,440418.9838192982,443793.27350029297,23965645,429980.4492989309,433209.3348785661,4299.8329240866,239682,1805.3619692215364,1807.7216671373722,2395
1,222120165781,0,452495.92084122414,456380.57937530463,24557763,442287.82044427714,446013.8029899257,4422.902743808387,245604,1985.2926957990928,1988.3595133899782,2498
