SLAVE_INDEX,DURATION,FAILURES,READS_PER_SEC,READS_PER_SEC_NET,READ_COUNT,REQ_PER_SEC,REQ_PER_SEC_NET,TRANSACTIONS_PER_SEC,TRANSACTION_COUNT,WRITES_PER_SEC,WRITES_PER_SEC_NET,WRITE_COUNT
0,132158498834,0,5285930.954366215,9902688.903154086,173558558,5253572.476425394,9900037.292450665,52535.7924014387,1735763,85154.40503919689,2708737.1745047253,17505
1,126955320299,0,5765980.4842707785,1.015654456250512E7,181777766,5727874.044879456,1.0152473076577207E7,57278.75951299836,1817961,85735.29272284448,2033840.9180438148,18255
2,190320782879,0,1543948.2587512806,9039594.653293261,72709217,1528291.947942035,9017377.654380318,15282.93314839513,727165,14806.351806071654,349852.6210062999,7213
3,187787666079,0,1610642.5648324147,9030147.107205132,74698349,1591282.357565958,9008031.811694965,15912.82357565958,747058,13096.369303960822,352531.411271455,7451
