SLAVE_INDEX,DURATION,FAILURES,READS_PER_SEC,READS_PER_SEC_NET,READ_COUNT,REQ_PER_SEC,REQ_PER_SEC_NET,TRANSACTIONS_PER_SEC,TRANSACTION_COUNT,WRITES_PER_SEC,WRITES_PER_SEC_NET,WRITE_COUNT
0,171419656613,0,2213226.72705753,8364252.228839149,93817895,2189414.606326645,8360360.042412231,21894.17048974707,938273,19945.43921877764,1465598.5485520582,9280
1,227916410861,0,303356.18023118284,8185415.262226154,16877236,296229.65606094914,8165155.84276256,2962.2965606094913,168789,1238.045904407035,312799.2705611241,1664
2,233533916668,0,160635.64956032697,8240601.526232295,9175538,157176.31307568285,8217971.899762954,1571.7631307568286,91765,761.5011040485626,302216.0019760277,962
3,233317830850,0,159709.57119256075,8398049.160228277,9253963,158665.97021382346,8375367.082256087,1586.6597021382345,92549,2421.107345096292,302640.90526128456,937
4,154592250289,0,3105375.827430347,8322217.143334297,118789777,3073938.0215478586,8316642.760754326,30739.408679776974,1188019,30299.996783092975,1087690.3560332519,11972
5,230233974272,0,235386.6062850169,8314437.73728713,13275130,230659.82406775694,8295070.180178572,2305.8347955826957,132765,1121.0999142601383,335149.8006347768,1302
