SLAVE_INDEX,DURATION,FAILURES,READS_PER_SEC,READS_PER_SEC_NET,READ_COUNT,REQ_PER_SEC,REQ_PER_SEC_NET,TRANSACTIONS_PER_SEC,TRANSACTION_COUNT,WRITES_PER_SEC,WRITES_PER_SEC_NET,WRITE_COUNT
0,157901176169,0,2913571.32973136,8159644.973586333,114984890,2913121.85988838,8156387.310504907,29131.256258381825,1149965,1142876.21835712,1628471.6337966593,11452
1,147431130321,0,3639728.6083804546,8519992.423684752,134084414,3638249.037581968,8512546.72147074,36382.518076551634,1340979,716994.1288669391,872278.2768526683,13378
