SLAVE_INDEX,DURATION,FAILURES,READS_PER_SEC,READS_PER_SEC_NET,READ_COUNT,REQ_PER_SEC,REQ_PER_SEC_NET,TRANSACTIONS_PER_SEC,TRANSACTION_COUNT,WRITES_PER_SEC,WRITES_PER_SEC_NET,WRITE_COUNT
0,103510207928,0,9199017.024357324,1.120718646543907E7,237898657,9194165.435953718,1.1201692053140473E7,91941.73855190848,2379228,1467872.259212558,1900884.090129673,23837
