SLAVE_INDEX,DURATION,FAILURES,READS_PER_SEC,READS_PER_SEC_NET,READ_COUNT,REQ_PER_SEC,REQ_PER_SEC_NET,TRANSACTIONS_PER_SEC,TRANSACTION_COUNT,WRITES_PER_SEC,WRITES_PER_SEC_NET,WRITE_COUNT
0,230848414218,0,219564.4614310299,8283934.701424857,12493511,216500.51255194194,8268801.378845908,2165.0051255194194,124947,1466.509976468793,409437.05933970615,1189
1,239309424512,0,16989.965540910278,5618851.4690357,1000293,16721.44759095914,5611578.89172234,167.21447590959139,10004,112.41391906445821,428365.8244140496,107
2,191359675184,0,1371954.7923031265,8386818.892451235,64690184,1352355.2637261045,8371422.165199237,13523.57985384803,646967,9275.013531590028,426926.9489492,6382
3,239359128223,0,20317.601301272105,6442331.182154356,1215797,20319.25849708479,6436441.487522134,203.1925849708479,12159,545863.822875139,,103
