SLAVE_INDEX,DURATION,FAILURES,READS_PER_SEC,READS_PER_SEC_NET,READ_COUNT,REQ_PER_SEC,REQ_PER_SEC_NET,TRANSACTIONS_PER_SEC,TRANSACTION_COUNT,WRITES_PER_SEC,WRITES_PER_SEC_NET,WRITE_COUNT
0,178621068372,0,1762790.1228441396,7624123.783871981,78693774,1762429.9018544445,7616807.879612243,17624.323776817502,787019,585699.878425565,729975.2874089591,8004
1,233628256118,0,134073.42593884308,7210122.662613523,7830218,134077.49781849526,7185589.393972561,1340.7795637652746,78311,185738.3471318279,223421.0160652123,855
2,233135158213,0,150870.52249798324,7390909.96976686,8792604,150873.8547613821,7368989.306759769,1508.738547613821,87935,192623.61206464458,244777.52734675162,896
3,161920690583,0,2625614.7968094745,7467161.285486761,106242118,2624803.9485858125,7460834.104411758,26248.08214845783,1062527,631705.9337500908,772595.0383744553,10399
