SLAVE_INDEX,DURATION,FAILURES,READS_PER_SEC,READS_PER_SEC_NET,READ_COUNT,REQ_PER_SEC,REQ_PER_SEC_NET,TRANSACTIONS_PER_SEC,TRANSACTION_COUNT,WRITES_PER_SEC,WRITES_PER_SEC_NET,WRITE_COUNT
0,127022155508,0,6139022.131720918,9047593.604614379,194237314,6117250.025339572,9038716.557573764,61172.53570781175,1942567,166355.42801706598,829510.1521142295,19257
1,141356470735,0,5052036.431586174,9069952.837840654,177837246,5032812.352352057,9067818.536551246,50328.13706708704,1778552,129709.20111132499,2716860.649459756,17902
