SLAVE_INDEX,DURATION,FAILURES,READS_PER_SEC,READS_PER_SEC_NET,READ_COUNT,REQ_PER_SEC,REQ_PER_SEC_NET,TRANSACTIONS_PER_SEC,TRANSACTION_COUNT,WRITES_PER_SEC,WRITES_PER_SEC_NET,WRITE_COUNT
0,132149502433,0,5813413.344575254,1.2074564303441465E7,190744769,5774180.4089415325,1.2066279457478605E7,57741.872660276,1907640,83977.58686476674,1529502.1095463417,18998
1,139522638433,0,4890099.280651159,1.0825658414436903E7,169275928,4853484.650271887,1.0816900257511927E7,48534.88841823457,1692929,63558.1165820819,1183092.5397426025,16818
