SLAVE_INDEX,DURATION,FAILURES,READS_PER_SEC,READS_PER_SEC_NET,READ_COUNT,REQ_PER_SEC,REQ_PER_SEC_NET,TRANSACTIONS_PER_SEC,TRANSACTION_COUNT,WRITES_PER_SEC,WRITES_PER_SEC_NET,WRITE_COUNT
0,131847455765,0,5583038.624057495,1.0303539881366884E7,183803229,5576805.405411458,1.0298346567237005E7,55768.10208113641,1838221,465115.16681971226,1727451.1057417118,18672
1,136888514990,0,5273132.203788507,9430524.065594021,180287574,5268675.549973545,9427006.392905382,52304.04483905879,1803055,548856.1716114251,1965884.3237006776,17719
2,138830101477,0,5183676.736834045,9580343.075732192,179697747,5178004.138526788,9573990.262648882,51780.06303405439,1797159,433402.9201616533,1254191.978544052,17963
3,132384248465,0,5723168.404920349,1.174146272740254E7,189203283,5717363.362908751,1.173613650643002E7,57173.64596356868,1892223,513326.2671654148,2120758.9617120386,18930
4,137505966099,0,5294777.610488477,9729338.57941646,180918770,5263391.927874055,9725764.490724599,52633.9392395013,1809372,87729.28271305621,2088816.5293896245,18178
5,135141837337,0,5228554.979542605,9356154.439115522,176461580,5223524.246156816,9351947.765448859,52235.30867208709,1764794,490261.6086932756,1696794.8417668375,17586
6,138316412446,0,5180041.771755721,9696553.564558022,178208735,5154166.53304484,9656819.483323686,51541.67357022225,1782265,100601.84924319845,228788.64083570483,17721
7,134702837101,0,5482955.552086411,1.0888195445676927E7,183532156,5450533.365154708,1.088211433609845E7,54505.39773491523,1835508,90970.96212666889,1657722.5824520916,18421
