SLAVE_INDEX,DURATION,FAILURES,READS_PER_SEC,READS_PER_SEC_NET,READ_COUNT,REQ_PER_SEC,REQ_PER_SEC_NET,TRANSACTIONS_PER_SEC,TRANSACTION_COUNT,WRITES_PER_SEC,WRITES_PER_SEC_NET,WRITE_COUNT
0,144622868625,0,4654125.470686465,9461482.827730766,167031129,4620234.312545603,9456968.486505087,46202.39156913413,1670481,62783.653977805494,1642912.0066242025,16756
1,128389373866,0,6221979.836867453,9868023.35834863,199207431,6206978.038787969,9866706.31517089,62069.859894607594,1992278,249019.18228563253,4244836.457763798,20075
2,142591030331,0,4937935.030846722,1.0828292545218032E7,174562628,4897360.558928382,1.0822190524495397E7,48973.62654271407,1745800,58343.679596490336,1618119.0409402642,17294
3,145025915885,0,4469399.103403209,9217915.227203403,161202403,4446615.241591446,9214023.653106978,44466.169505749036,1612187,86010.84198262585,1772393.66471777,16209
