SLAVE_INDEX,DURATION,FAILURES,READS_PER_SEC,READS_PER_SEC_NET,READ_COUNT,REQ_PER_SEC,REQ_PER_SEC_NET,TRANSACTIONS_PER_SEC,TRANSACTION_COUNT,WRITES_PER_SEC,WRITES_PER_SEC_NET,WRITE_COUNT
0,139508117593,0,4962785.901128538,1.0363354143306093E7,172056269,4933728.903202807,1.0358206783377718E7,49337.341354869284,1720740,84428.33556658372,1763856.2630624825,17539
1,135036063915,0,5171863.659833806,1.0809534475028476E7,172794502,5118975.864366966,1.0804667875440694E7,51189.81937495038,1728118,49023.6844369936,1945696.7160901837,17086
2,134888141176,0,5334233.705742572,7879046.389247398,179464706,5322401.730358618,7877400.257675315,53224.05511836744,1794824,224287.8807757191,2507956.1338953287,17513
3,135729383149,0,5112697.419537372,1.1446658056021314E7,172581217,5086545.77205368,1.144161649159031E7,50865.505048900355,1725986,97285.96668030812,2112580.226240491,17213
4,137616229773,0,5048952.367029158,1.1523972537333433E7,172900580,5026084.53334989,1.151876911372836E7,50260.90094435359,1729179,107534.0636451388,2071762.3457102913,17121
5,140911330692,0,4907388.501834731,1.0414090786838427E7,171909181,4880408.527992442,1.0409596893471722E7,48804.1330686293,1719264,86402.25678190475,1943918.0664896667,17034
6,138898375710,0,4969598.153424602,8988154.07730219,172038223,4954861.196051059,8984874.002445119,49548.71237942158,1720559,162692.84423962983,1942737.5308596762,17320
7,144680613720,0,4566984.3512466,8525683.438785562,164400395,4545645.661088919,8522649.665122274,45456.537424236085,1644170,94488.56846155075,1857739.8087630838,16306
