SLAVE_INDEX,DURATION,FAILURES,READS_PER_SEC,READS_PER_SEC_NET,READ_COUNT,REQ_PER_SEC,REQ_PER_SEC_NET,TRANSACTIONS_PER_SEC,TRANSACTION_COUNT,WRITES_PER_SEC,WRITES_PER_SEC_NET,WRITE_COUNT
0,170516039585,0,1554072.716468643,5811908.020642399,65902789,1546117.2605324325,5804796.584604453,15461.205277654075,659096,29927.135212027184,442786.4058455918,6659
1,162077632857,0,1715010.423731554,5540757.927003983,69288704,1710186.2552777817,5539594.727735436,17101.900154719064,692959,59545.84100809474,1805100.8411716006,7031
2,171349293873,0,1520784.2403421581,5868213.349234027,64877456,1514659.2211366901,5866744.897181159,15146.624926303026,648841,36714.37778586815,1675672.3406155766,6491
3,167635159590,0,1524244.3697989963,5979286.376731759,63612797,1518041.6365063097,5970401.213522027,15180.46359399689,636195,37133.5703464076,383629.49346027995,6491
