SLAVE_INDEX,DURATION,FAILURES,READS_PER_SEC,READS_PER_SEC_NET,READ_COUNT,REQ_PER_SEC,REQ_PER_SEC_NET,TRANSACTIONS_PER_SEC,TRANSACTION_COUNT,WRITES_PER_SEC,WRITES_PER_SEC_NET,WRITE_COUNT
0,165561239502,0,2579387.535195175,8905295.79173732,105697229,2553923.8608738016,8896628.689979702,25539.238608738015,1057077,25374.154444727246,821913.6899572171,10471
1,168731747319,0,2420822.2152136597,8412171.43561435,101071485,2396267.4862578805,8403407.303808277,23962.674862578806,1010816,23411.880733259874,736475.1150592196,10115
2,161543471947,0,2843343.0185596715,8902808.625948489,113502583,2810728.2487339918,8893123.093053114,28107.282487339915,1135137,23797.04580846818,734516.2114457242,11117
3,165912070887,0,2577712.4498321847,9112385.602307688,105465294,2542932.5168712493,9102109.751077075,25429.32516871249,1054758,18636.904073683443,738789.6918163694,10506
4,169067524603,0,2504938.6602028008,8738060.886538576,104308617,2468100.2515405356,8735661.019601313,24681.00251540536,1043189,16434.52432905798,2307392.8345837416,10283
5,167528304261,0,2487122.34634487,8550270.116255522,102893637,2456994.845233581,8547486.954567634,24569.96035468802,1029041,20347.240954692,2026453.315348106,10408
