SLAVE_INDEX,DURATION,FAILURES,READS_PER_SEC,READS_PER_SEC_NET,READ_COUNT,REQ_PER_SEC,REQ_PER_SEC_NET,TRANSACTIONS_PER_SEC,TRANSACTION_COUNT,WRITES_PER_SEC,WRITES_PER_SEC_NET,WRITE_COUNT
0,155948562380,0,3724565.682728777,1.0693777215969443E7,145049844,3720823.604555501,1.0683683447303649E7,37208.26718144281,1450644,335211.5269182418,1018597.2174767535,14429
1,153519998387,0,3736534.060963134,1.0570960699042454E7,143330185,3734869.789111158,1.0568709737817954E7,37348.748460394214,1433445,676297.0322820442,3342287.297958662,14116
