SLAVE_INDEX,DURATION,FAILURES,READS_PER_SEC,READS_PER_SEC_NET,READ_COUNT,REQ_PER_SEC,REQ_PER_SEC_NET,TRANSACTIONS_PER_SEC,TRANSACTION_COUNT,WRITES_PER_SEC,WRITES_PER_SEC_NET,WRITE_COUNT
0,160451611116,0,2695237.2604451682,8886343.793626413,107809712,2687924.820450701,8874091.017276142,26879.280773251237,1078206,95328.36373410694,598726.2245704884,10755
1,160867839883,0,2689616.692988742,9649915.323618775,108080793,2687712.8226155234,9636747.352659889,26877.165766910428,1080918,333717.9761721642,660142.6905790361,10846
2,164177142266,0,2572292.0222224197,8308208.306818077,105500737,2570665.3324261364,8299387.854380811,25706.693533227568,1055113,346244.9180181388,704214.8700954121,10385
3,161229823633,0,2665321.9383695866,8928895.713863546,107234530,2660678.0949935718,8917198.197275843,26606.81247673104,1072453,143292.88546377348,627542.8652049432,10635
