SLAVE_INDEX,DURATION,FAILURES,READS_PER_SEC,READS_PER_SEC_NET,READ_COUNT,REQ_PER_SEC,REQ_PER_SEC_NET,TRANSACTIONS_PER_SEC,TRANSACTION_COUNT,WRITES_PER_SEC,WRITES_PER_SEC_NET,WRITE_COUNT
0,150053823283,0,4088465.3595645973,1.0896280261102647E7,153243560,4085441.467518092,1.0885457776996447E7,40854.45908756213,1532592,490598.18049701117,1004190.0329010517,15468
1,146816482644,0,4253385.320134386,1.1355426599803073E7,155771203,4244396.819606456,1.1344052303057618E7,42444.05969514653,1557872,192627.9534411713,1034100.4023608677,15650
