SLAVE_INDEX,DURATION,FAILURES,READS_PER_SEC,READS_PER_SEC_NET,READ_COUNT,REQ_PER_SEC,REQ_PER_SEC_NET,TRANSACTIONS_PER_SEC,TRANSACTION_COUNT,WRITES_PER_SEC,WRITES_PER_SEC_NET,WRITE_COUNT
0,179541411849,0,2040216.9164092985,9956304.968767969,90792522,2022966.9593189342,9934855.455718948,20229.72622634493,908019,23607.447640805778,439986.6882668222,9064
1,181849146222,0,1934325.6638930836,8233655.414703413,86568221,1904367.4781801307,8224365.134613793,19043.674781801306,865769,12248.242652990555,671132.0260873867,8679
2,178776869559,0,2108617.2648740667,8192370.018004649,92611306,2072317.3020866285,8188271.33974729,20723.173020866285,926206,12010.52877534085,1368052.3348464854,9294
3,180278909725,0,2037228.1544929917,9698869.1287076,90989371,2019055.9203804836,9690807.726264125,20190.559203804838,909983,21970.510357442432,1023329.3359232692,8929
4,179873781834,0,1924617.8484758753,8446996.95830203,85779335,1907735.50487021,8434278.934821269,19077.3550487021,857879,21471.331744209947,524552.3976477087,8565
5,182375205974,0,1913737.636136524,8289564.901342381,86741937,1902681.8812721162,8278178.483931618,19026.81881272116,867505,31966.74998080987,555053.1200193474,8563
6,181450307354,0,2005808.035808272,9504586.41158147,89801648,1979839.0272171707,9495741.67650873,19798.390272171706,898106,15127.548228327756,918791.6524719839,8952
7,178676315711,0,2070464.8452773553,9844623.047392124,91158687,2040955.4481179034,9841307.070569627,20409.554481179035,911676,13905.856473296204,2214027.914934926,8913
