SLAVE_INDEX,DURATION,FAILURES,READS_PER_SEC,READS_PER_SEC_NET,READ_COUNT,REQ_PER_SEC,REQ_PER_SEC_NET,TRANSACTIONS_PER_SEC,TRANSACTION_COUNT,WRITES_PER_SEC,WRITES_PER_SEC_NET,WRITE_COUNT
0,174202187840,0,2283003.177509354,1.0327501089186825E7,98307305,2257536.7443789276,1.0323477703419594E7,22575.418958806935,983172,19703.015438151328,2078536.383159399,9655
1,174091129603,0,2326275.312423613,9970572.709724074,100658732,2313013.057691487,9966957.227458136,23130.137898214103,1006688,39740.31986669325,2148793.5660425504,10032
2,174992066447,0,2285273.7657603994,9833775.158325976,98603898,2254133.2759189345,9822864.70509696,22541.383294413034,986141,16589.632405232398,819821.4423631661,9962
3,171008281830,0,2369181.579616363,1.0457986728453418E7,100082458,2341230.1422805307,1.0448887071048215E7,23412.33401971043,1000926,19618.657353564053,1074156.0902849832,9978
4,173906455477,0,2299339.394467997,9975117.912246361,99393003,2286345.6960778893,9969781.074689943,22863.50348720661,994028,38287.10147985541,1520031.1093132533,9566
5,174649700051,0,2231623.8184681544,8623907.445732778,96120351,2201663.7869272903,8621462.332211692,22016.660772906267,961301,16306.733163121991,2250871.1489640623,9629
6,176449459072,0,2254864.4120701463,8814502.17830956,98421068,2231362.2839690424,8811638.173306528,22313.64941547258,984308,20685.990245930643,2034321.9507873806,9599
7,175533913542,0,2278627.904981327,9836707.762638355,98517877,2245212.7229858693,9833699.562156485,22452.137712377895,985278,15230.043868094637,2426023.7330867397,9867
