SLAVE_INDEX,DURATION,FAILURES,READS_PER_SEC,READS_PER_SEC_NET,READ_COUNT,REQ_PER_SEC,REQ_PER_SEC_NET,TRANSACTIONS_PER_SEC,TRANSACTION_COUNT,WRITES_PER_SEC,WRITES_PER_SEC_NET,WRITE_COUNT
0,135995553791,0,5282382.402650293,9976003.906379119,179041952,5266640.268995322,9972610.454237819,52666.44105558506,1790601,171531.4549696831,2271417.43978327,17963
1,127937173807,0,5638517.395590948,1.1148869311504522E7,179574664,5615023.770055289,1.1144253358899588E7,56150.296915416824,1795928,131220.51977001963,2162819.057789332,17904
2,140865153357,0,4688860.122785771,8858275.221707286,164474672,4670885.540673738,8855812.835057732,46708.88489880161,1644914,119679.68879007672,2356812.2820339547,16580
3,129537905291,0,5890570.488750847,9253621.400180757,190212312,5874154.490074708,9251097.747701956,58741.59102936842,1902316,204346.32493215552,2490035.459382217,19105
4,137279839789,0,5056104.238224444,9361931.085574934,172440032,5024985.672042391,9359511.416828884,50249.96214848758,1724577,80482.06300513027,2614428.5430519953,17275
5,145956744932,0,4443933.050332467,8630612.397168698,160915533,4410386.572404765,8628100.085696079,44103.91270551295,1609316,56926.83259236957,2184900.356390894,15884
