SLAVE_INDEX,DURATION,FAILURES,READS_PER_SEC,READS_PER_SEC_NET,READ_COUNT,REQ_PER_SEC,REQ_PER_SEC_NET,TRANSACTIONS_PER_SEC,TRANSACTION_COUNT,WRITES_PER_SEC,WRITES_PER_SEC_NET,WRITE_COUNT
0,145435010240,0,4348960.732871839,1.1107451729047215E7,157785576,4340129.016791549,1.1097995978066336E7,43401.296111782365,1578017,207652.1212434449,1187904.730571812,16101
1,152496492886,0,4140783.153282588,1.0191913027506117E7,157554416,4133088.4407366146,1.0184137517130539E7,41330.942017012676,1575706,213618.14038501045,1193537.685679416,15957
