SLAVE_INDEX,DURATION,FAILURES,READS_PER_SEC,READS_PER_SEC_NET,READ_COUNT,REQ_PER_SEC,REQ_PER_SEC_NET,TRANSACTIONS_PER_SEC,TRANSACTION_COUNT,WRITES_PER_SEC,WRITES_PER_SEC_NET,WRITE_COUNT
0,125146399680,0,6227596.150594688,9659482.541408302,194375495,6213361.423007579,9656376.684967265,62133.66700922749,1943952,260698.91768046815,2292606.006885771,19458
1,148653651135,0,4202349.653532493,9665513.51224935,155229710,4177358.008085901,9662196.323781615,41773.62717675553,1552451,67535.3493351866,2141521.0869948827,15170
2,149675698075,0,4099292.0648341626,8968403.910617838,152347198,4071801.233187601,8965600.513961377,40718.07864837456,1523627,59786.93450359879,2171975.8339335094,15225
3,155316860136,0,3877094.312936782,1.0152914784892071E7,149289896,3845166.0397786656,1.0151717448914345E7,38451.68579845703,1493049,45991.77973806464,4650464.8238487635,14883
4,149712352174,0,4288781.4388655145,9136429.172284422,159479079,4261371.668641752,9133669.016762963,42613.788080107144,1594953,65516.684799433206,2267943.7691023764,15915
5,153403538549,0,4112919.278315556,9292736.724940151,156932744,4092425.363444085,9289750.784075843,40924.2595431992,1569482,78983.97993274157,2172161.782649094,15389
