SLAVE_INDEX,DURATION,FAILURES,READS_PER_SEC,READS_PER_SEC_NET,READ_COUNT,REQ_PER_SEC,REQ_PER_SEC_NET,TRANSACTIONS_PER_SEC,TRANSACTION_COUNT,WRITES_PER_SEC,WRITES_PER_SEC_NET,WRITE_COUNT
0,134987736186,0,5480600.113517998,1.2225537972274417E7,183874492,5449183.850201412,1.2217321935491038E7,54491.85343286416,1838933,95271.62483878007,1610013.5702186117,18756
1,137976463743,0,5307150.951575932,1.1033791040863892E7,181989222,5276480.236194888,1.1032180690809008E7,52764.879536605404,1820078,90234.4383190555,4500195.265044016,18299
