SLAVE_INDEX,DURATION,FAILURES,READS_PER_SEC,READS_PER_SEC_NET,READ_COUNT,REQ_PER_SEC,REQ_PER_SEC_NET,TRANSACTIONS_PER_SEC,TRANSACTION_COUNT,WRITES_PER_SEC,WRITES_PER_SEC_NET,WRITE_COUNT
0,185312654628,0,1025628.5030129473,5190410.251852859,47255385,1020116.0648175009,5181154.228779785,10201.244948339037,472605,18607.990471620553,274750.93091600644,4719
1,187144692263,0,972993.217261926,5235120.301341866,45338795,969162.4902998065,5225516.921259478,9691.708725150926,453438,24394.42326229761,274375.0723013885,4609
2,187430458276,0,959610.8358165798,5182224.881223885,44786539,955897.7854931785,5163016.140161301,9559.022147066013,447913,24461.154717483514,137763.62921526132,4551
3,191912151217,0,831816.9277223136,5016691.341725714,39760557,828808.4469448137,5007412.584063739,8288.145687822976,397649,22680.76845033355,261128.74092253312,4046
4,185124319813,0,1013982.6701784291,5312886.954686963,46700991,1009177.0340532033,5302813.597754035,10091.833787063808,467061,21473.642386387164,273325.2064714343,4812
5,188811773980,0,946067.7102606143,5144562.805859947,44420976,941156.201513276,5135675.389876941,9411.615516198131,444256,17491.09233479754,276521.3856634173,4367
