SLAVE_INDEX,DURATION,FAILURES,READS_PER_SEC,READS_PER_SEC_NET,READ_COUNT,REQ_PER_SEC,REQ_PER_SEC_NET,TRANSACTIONS_PER_SEC,TRANSACTION_COUNT,WRITES_PER_SEC,WRITES_PER_SEC_NET,WRITE_COUNT
0,137645836753,0,5215454.812832758,9504590.32662563,177924279,5170999.6378403865,9502167.824023541,51710.03947745615,1779418,58534.88270691106,2630971.177842568,17364
1,130657850784,0,6067976.342036813,1.0653076414302617E7,197588062,6049632.986132006,1.0649626270364348E7,60496.40989500646,1976083,195518.0076823807,2530949.6259636683,19949
2,125375610108,0,6390043.348233456,1.0081266832017729E7,199621037,6369376.813497516,1.0078615270057356E7,63693.77466427775,1996412,192210.64564530848,2789099.561927132,20089
3,134786807783,0,5387024.157834604,9654325.962312497,181048175,5373410.854614423,9651003.271036256,53734.129904698464,1810663,203934.6126583544,2167642.445042791,18049
