SLAVE_INDEX,DURATION,FAILURES,READS_PER_SEC,READS_PER_SEC_NET,READ_COUNT,REQ_PER_SEC,REQ_PER_SEC_NET,TRANSACTIONS_PER_SEC,TRANSACTION_COUNT,WRITES_PER_SEC,WRITES_PER_SEC_NET,WRITE_COUNT
0,128474212623,0,5923906.458885092,9724305.355664155,189716900,5907367.871769548,9721759.888415318,59073.720593013604,1897363,206743.07961134464,2711564.475230436,19209
1,131013321144,0,5423475.016592719,8445004.495898766,177125476,5408410.914346556,8442408.181134261,54084.123359994446,1771436,190821.30234080617,2096732.2707815587,17993
2,129710997833,0,5749524.044681433,9165975.905549789,185801335,5730282.431077719,9163443.54621952,57302.856158758725,1858203,168409.5906936295,2459053.64832764,18828
3,126461562515,0,6153559.412556907,1.0320326229255576E7,193899756,6133696.156948832,1.0317581025247304E7,61336.98635595355,1939193,184807.73316382803,2824717.278581604,19444
4,128057078388,0,6239257.523314734,1.0907499106592769E7,198984377,6216111.581025992,1.0904174232315086E7,62161.164437165084,1990045,163136.7760542141,2693204.693946459,19895
5,129923695835,0,6015726.218562742,1.0223576532344181E7,194829486,5998880.08873928,1.0220131112423653E7,59988.838861100376,1948493,208872.6533905696,2357046.639243036,19682
