SLAVE_INDEX,DURATION,FAILURES,READS_PER_SEC,READS_PER_SEC_NET,READ_COUNT,REQ_PER_SEC,REQ_PER_SEC_NET,TRANSACTIONS_PER_SEC,TRANSACTION_COUNT,WRITES_PER_SEC,WRITES_PER_SEC_NET,WRITE_COUNT
0,189763022509,0,1621487.1748455279,1915978.237028944,76822405,1619491.5107100203,1913806.2981993738,16194.949725408873,768301,118963.02237746664,151677.86914770867,7496
1,190653561207,0,1675510.3349977538,2001237.361468315,79733433,1673011.5607632769,1998609.0954175973,16730.16792320137,797417,105090.20182438107,141357.20332098263,7970
