SLAVE_INDEX,DURATION,FAILURES,READS_PER_SEC,READS_PER_SEC_NET,READ_COUNT,REQ_PER_SEC,REQ_PER_SEC_NET,TRANSACTIONS_PER_SEC,TRANSACTION_COUNT,WRITES_PER_SEC,WRITES_PER_SEC_NET,WRITE_COUNT
0,172557322587,0,2287351.592972246,3139712.4809537795,98470880,2282854.544184247,3133697.215866343,22828.57705556431,984810,111453.28727135828,156800.12368542713,9937
1,170357473147,0,2252733.9452054803,3097470.9845571355,95749819,2248435.9325374584,3091093.5269455328,22484.381211372853,957596,112778.94555385972,144204.16810884536,9647
2,174519644160,0,2228383.197330694,3051539.658368489,97055937,2224752.393169216,3046428.0828981274,22247.570551134093,970660,129975.15092887526,173396.40477346058,9812
3,168116655670,0,2212072.7714083283,3034188.958384099,92792187,2208024.8653568756,3028705.452212972,22080.301012142034,928017,114092.18917097847,158359.0239555594,9252
