SLAVE_INDEX,DURATION,FAILURES,READS_PER_SEC,READS_PER_SEC_NET,READ_COUNT,REQ_PER_SEC,REQ_PER_SEC_NET,TRANSACTIONS_PER_SEC,TRANSACTION_COUNT,WRITES_PER_SEC,WRITES_PER_SEC_NET,WRITE_COUNT
0,177369790491,0,2029351.8690644351,2990486.168587814,89791860,2025167.865427605,2983112.5300460123,20251.678654276053,898009,94287.08822053546,117025.57368017176,9040
1,176108036198,0,1966052.6380124218,2871066.7646669406,86351291,1961520.9359987346,2862983.7065277267,19615.22806312776,863600,81324.40895007286,97916.77706331173,8609
2,175721625456,0,2084798.4322823226,3122443.7195123,91389783,2080539.8712382372,3115418.3495652014,20805.423662608773,913991,97505.5099735355,133129.07397093493,9179
3,178861733537,0,2003213.5254150403,2919596.7607596475,89342717,1998228.8493590248,2910575.834430538,19982.32749490315,893519,77348.43833474921,91422.14515088471,8952
4,177325522156,0,2053739.2522029318,3037782.111613331,90836886,2049250.8443331518,3029642.4843178494,20492.51953375609,908462,91072.21372333533,110727.16844882282,9233
5,178754635534,0,2015582.7697859425,2934744.5312437015,89904345,2011992.4886176854,2928714.737239922,20119.938687472728,899134,105941.19778509579,134637.0014910356,8901
