SLAVE_INDEX,DURATION,FAILURES,READS_PER_SEC,READS_PER_SEC_NET,READ_COUNT,REQ_PER_SEC,REQ_PER_SEC_NET,TRANSACTIONS_PER_SEC,TRANSACTION_COUNT,WRITES_PER_SEC,WRITES_PER_SEC_NET,WRITE_COUNT
0,178563495866,0,1958758.8413139193,2737001.2282338846,87133652,1952075.693352118,2730483.6781004677,19520.794134662876,871426,55581.86616259172,110039.18711035339,8713
1,174438977241,0,2104324.6864749216,3012331.5024847556,91366059,2095288.597656907,3005384.507525847,20952.92010974833,913752,46686.47453004983,122337.25803530516,8941
2,173513275426,0,2190055.811601535,3216333.6032350888,94592471,2180856.7849978916,3210201.556611594,21808.61871811996,946022,50560.167922810266,159517.3812625268,9430
3,166147021240,0,2056505.6483929236,2924987.462043867,84982903,2046175.9317906625,2918159.0150898956,20461.78826233013,849917,40437.616582069146,121321.85161900529,8606
4,175722225608,0,2080968.2302774803,2950233.6211339934,90952599,2070576.5974741636,2941608.0413413476,20705.774370741285,909617,40158.13157280943,96123.72517721902,8983
5,177417555184,0,2047730.1750824226,2898105.1143487953,90349407,2037193.8708385217,2891865.3623284446,20371.967959795104,903587,39036.45025748949,128992.33963112062,9082
6,174394708252,0,2110341.400683687,3048426.865503097,91683769,2103119.2269321266,3042780.389915805,21031.244248670293,916935,61470.57147144531,160346.37872992302,9447
7,169694758918,0,2121113.459944829,3044897.545552747,89539441,2110810.6006567148,3038410.598002519,21108.140670984307,895486,42482.35171684461,135920.8097943656,8933
