SLAVE_INDEX,DURATION,FAILURES,READS_PER_SEC,READS_PER_SEC_NET,READ_COUNT,REQ_PER_SEC,REQ_PER_SEC_NET,TRANSACTIONS_PER_SEC,TRANSACTION_COUNT,WRITES_PER_SEC,WRITES_PER_SEC_NET,WRITE_COUNT
0,165190401044,0,2395436.5988913756,3139293.1452722517,98713059,2390522.1459860555,3132529.4113672636,23905.27655092554,987231,110006.4302074752,137566.38433521485,9769
1,170997791582,0,2507960.175314182,3321585.808513261,106965790,2502402.610239577,3313683.0534679713,25024.036703127156,1069764,106535.53860179924,131780.03019800657,10540
