SLAVE_INDEX,DURATION,FAILURES,READS_PER_SEC,READS_PER_SEC_NET,READ_COUNT,REQ_PER_SEC,REQ_PER_SEC_NET,TRANSACTIONS_PER_SEC,TRANSACTION_COUNT,WRITES_PER_SEC,WRITES_PER_SEC_NET,WRITE_COUNT
0,238912103871,0,10642.435614102358,18355.699752629887,635537,10641.570514036252,18353.066334028685,106.41570514036252,6356,5846.945482593075,7499.407189717384,63
1,238558718567,0,11091.665094989025,17109.356495925866,661406,11091.0555518301,17108.09742053222,110.94929402870187,6617,6949.881951697751,9515.523367434525,61
2,238804635533,0,10207.36567431351,17671.892288353705,609275,10206.569041509176,17669.54069240905,102.09165189556651,6095,6042.457326403977,8123.865639032984,69
3,239159119135,0,9449.775050619239,16890.898973640124,564885,9448.972751586314,16888.087938035605,94.49764221220721,5650,5506.992081952261,7027.529613039571,67
4,238957106387,0,10260.836909992586,18212.291300656372,612861,10260.134285478533,18209.779757950975,102.62917101657754,6131,6481.99099214817,8376.815940266322,72
5,239092662450,0,10508.942026878945,18101.74499704303,628031,10508.05982189187,18099.107444107736,105.0805982189187,6281,5956.658061022336,7780.508692477339,69
6,238704853174,0,11513.033168287991,18047.97384399821,686948,11512.241847872569,18046.26125734045,115.15460355351527,6872,6394.7442572419195,8573.732995717166,59
7,238766995752,0,10196.806388799274,18531.222634923284,608572,10196.300340138645,18529.40779742099,101.99046298899944,6088,6892.178567047701,9521.643583797018,63
