SLAVE_INDEX,DURATION,FAILURES,READS_PER_SEC,READS_PER_SEC_NET,READ_COUNT,REQ_PER_SEC,REQ_PER_SEC_NET,TRANSACTIONS_PER_SEC,TRANSACTION_COUNT,WRITES_PER_SEC,WRITES_PER_SEC_NET,WRITE_COUNT
0,177841732610,0,1936777.0824138941,2954237.165813441,85899776,1932241.4989825487,2945322.1105214404,19322.45285836692,859085,78495.07487868477,93704.03233763778,8518
1,181530366111,0,1830092.1176216155,2729246.0757972836,82901866,1826916.2735958584,2723533.9274996906,18269.19857975562,829104,99981.20145743639,124750.38222122676,8329
2,178155387467,0,1932541.9088995808,2963261.850994973,85864030,1928039.9705208202,2955119.8759424672,19280.420951573393,858728,79894.99984207179,104480.84600993787,8647
3,175313938570,0,1884055.3502527415,2887302.97577306,82396144,1880155.6492804997,2880395.2942874827,18801.59256773803,824046,86542.85501297713,115422.65681039839,8229
4,177229027607,0,1856094.3109959203,2806043.0386357545,82064035,1852341.0100063856,2798978.5607815064,18523.45627773512,820724,86349.03879373969,105770.90882151051,8114
5,180953798837,0,1847593.2050476626,2776290.8416214883,83376646,1843234.605427915,2768609.839897334,18432.357513984058,833852,75752.5985281104,97612.12517671246,8430
6,178896047219,0,1931450.7855327409,2928487.8378524673,86156112,1926585.2172690984,2919572.321792174,19265.881086437734,861648,72674.2146799633,91726.34289763469,8508
7,177298278678,0,1985819.9070093033,3079945.6770012705,87797868,1980993.806701756,3070151.8737800913,19809.946594667035,878068,78721.42585809613,94125.05792575187,8830
