SLAVE_INDEX,DURATION,FAILURES,READS_PER_SEC,READS_PER_SEC_NET,READ_COUNT,REQ_PER_SEC,REQ_PER_SEC_NET,TRANSACTIONS_PER_SEC,TRANSACTION_COUNT,WRITES_PER_SEC,WRITES_PER_SEC_NET,WRITE_COUNT
0,212368488618,0,1023651.1073559797,1228481.4928197945,54255016,1022003.487487286,1226094.4389917892,10220.03390522928,542604,58665.40921035507,58879.702227697424,5318
1,212032212455,0,1031137.4775157244,1238804.249782644,54563263,1029441.2413695153,1236341.9027845256,10294.44128252808,545689,58551.47939661137,58772.94767103427,5413
2,212031594043,0,1029237.3593280829,1235617.59166832,54461146,1027519.5306781341,1233127.7319260682,10275.209779914394,544668,58675.92249055597,58902.16775518737,5505
3,212240160167,0,1026158.801734999,1231328.647573572,54353528,1024479.6075771517,1228896.9851500448,10244.814892727789,543591,58649.05745638365,58872.44973923339,5401
