SLAVE_INDEX,DURATION,FAILURES,READS_PER_SEC,READS_PER_SEC_NET,READ_COUNT,REQ_PER_SEC,REQ_PER_SEC_NET,TRANSACTIONS_PER_SEC,TRANSACTION_COUNT,WRITES_PER_SEC,WRITES_PER_SEC_NET,WRITE_COUNT
0,211997928096,0,1036417.7532765416,1245876.6608521193,54831346,1034668.6779913802,1243335.4843743166,10346.691322992028,548370,58625.30216673178,58864.606641436316,5558
1,211857698041,0,1022229.2458803211,1225403.3757809356,54047839,1020557.2608372114,1222987.7236460662,10205.579199514885,540533,58638.666204833215,58879.98672802051,5389
2,211111123932,0,1029959.8988265786,1236431.4524232377,54264290,1028267.5775527689,1233979.6787607737,10282.70351028455,542699,58627.74073235069,58873.77498953744,5391
3,212533843675,0,1026842.8076570267,1232497.1300253968,54466096,1025181.4780764234,1230089.0075886755,10251.83143493535,544716,58616.44170678508,58817.3159069535,5344
4,212206994433,0,1027483.9152171656,1233285.8650161996,54413654,1025774.7468768137,1230809.4255391383,10257.782245296576,544194,58658.802070585196,58884.40817989592,5490
5,211201826226,0,1020050.6161507708,1222294.3936005346,53767761,1018419.4703403616,1219940.0145299209,10184.216338883261,537732,58628.44654570642,58878.588944347066,5252
