SLAVE_INDEX,DURATION,FAILURES,READS_PER_SEC,READS_PER_SEC_NET,READ_COUNT,REQ_PER_SEC,REQ_PER_SEC_NET,TRANSACTIONS_PER_SEC,TRANSACTION_COUNT,WRITES_PER_SEC,WRITES_PER_SEC_NET,WRITE_COUNT
0,122967861016,0,5194204.853078948,5396475.814583134,159669255,5193879.170728179,5396367.49447658,519.4425480107158,15969,383434.8919264973,1075784.1394636852,798
1,124842596828,0,4920628.691799228,5087910.532124825,153558889,4920103.711446005,5087710.594291789,492.07548999805425,15358,213178.6801495957,557096.5808009652,742
2,123170865753,0,5446517.002073869,5792096.364021904,167698670,5446077.202584425,5791993.834998153,544.6416499424532,16771,318453.94208398194,1278654.751814025,841
3,123744673619,0,5163290.119685157,5558906.087654603,159722150,5162986.408345121,5558800.374810192,516.3209896959142,15973,436199.8041628907,1234367.964805564,867
4,124239351989,0,5177485.76625496,5487963.137177439,160791650,5176859.583563712,5487499.724833004,517.7745709300368,16082,197172.8486329648,294502.4519719569,770
5,132425266099,0,4992657.803047621,5284449.0039216345,165274488,4992258.890427801,5284205.474387687,499.27012465737914,16529,290197.7777971639,510775.88266694575,815
