SLAVE_INDEX,DURATION,FAILURES,READS_PER_SEC,READS_PER_SEC_NET,READ_COUNT,REQ_PER_SEC,REQ_PER_SEC_NET,TRANSACTIONS_PER_SEC,TRANSACTION_COUNT,WRITES_PER_SEC,WRITES_PER_SEC_NET,WRITE_COUNT
0,130295974467,0,5241078.5117956335,5418131.081008498,170709714,5240699.835841384,5417890.458371001,524.1209356531813,17074,322583.41063971,522396.0349559789,809
1,120480520947,0,5420370.0922450395,5718088.574393347,163242559,5419743.5308836885,5717764.0448604515,542.029364944811,16326,226237.40092308712,465955.02712048154,822
2,120284921524,0,5207013.073146748,5439900.977181884,156537858,5205594.916359202,5438714.562087893,520.6112398593447,15656,94233.25451988427,122396.34763692712,786
3,126588963017,0,5568014.315809603,5882042.087031869,176189046,5567307.916926026,5881607.901000428,556.7940310347183,17621,212721.00346821474,375922.02496664115,888
