SLAVE_INDEX,DURATION,FAILURES,READS_PER_SEC,READS_PER_SEC_NET,READ_COUNT,REQ_PER_SEC,REQ_PER_SEC_NET,TRANSACTIONS_PER_SEC,TRANSACTION_COUNT,WRITES_PER_SEC,WRITES_PER_SEC_NET,WRITE_COUNT
0,122917951763,0,5128889.849383374,5567719.870070988,157589948,5128324.341227332,5567410.025189914,512.8947570273585,15761,234606.4346799569,482942.08550393966,833
1,125589240160,0,5369089.291260119,5759851.618432247,168558380,5368587.270223357,5759644.2724776035,536.9247355358162,16858,265198.4151237572,684950.4100921045,819
2,129009717047,0,4905826.888874063,5105364.4730423745,158205158,4905239.934519458,5105145.356922438,490.5675290774358,15822,185993.89897626688,505367.6685275849,746
3,121783412895,0,5419795.344262018,5854294.029839522,164993923,5419284.71465178,5853963.5333303325,542.011251676837,16502,272801.47749809927,475776.33027191856,824
4,126927480259,0,5138231.0741091,5581444.842830466,163030174,5137768.800493934,5581346.919317955,513.8049814949183,16304,277674.04579368554,1264688.0385865679,838
5,128584275936,0,4902567.139488925,5314352.818325967,157584784,4902173.546583092,5314279.009631517,490.29306106160317,15761,300102.28031353594,1454819.2651575636,825
6,128033007751,0,4620804.73977178,4800174.118100047,147883157,4620181.048549801,4799990.67632038,462.09947027098355,14791,169891.82439071374,570300.2664582052,762
7,130612933960,0,4987944.698633147,5413684.5555199655,162855024,4987434.370010381,5413442.170246944,498.81715602329047,16288,238011.45561962863,556235.3988207809,835
