SLAVE_INDEX,DURATION,FAILURES,READS_PER_SEC,READS_PER_SEC_NET,READ_COUNT,REQ_PER_SEC,REQ_PER_SEC_NET,TRANSACTIONS_PER_SEC,TRANSACTION_COUNT,WRITES_PER_SEC,WRITES_PER_SEC_NET,WRITE_COUNT
0,127679387735,0,4624781.571139855,7090587.543789004,147389217,4617940.565502666,7088594.699562985,4618.003972610082,147406,292423.0860100289,1860262.8809305227,14739
1,122469604028,0,4883318.231225503,7525436.471803833,149292261,4876542.557151216,7523426.435708763,4876.605158325177,149309,325142.1626319658,2036288.9590081603,14798
2,121840738136,0,4760745.522578295,7299990.674565843,144662151,4749691.711109317,7297554.128457204,4749.740448711589,144678,194411.00172875932,1670574.3364062987,14335
3,127412825275,0,4860620.452893245,7515820.863318243,154583922,4853498.716987775,7512335.06643414,4853.27975825221,154601,312259.77824082074,1340646.2859421456,15574
