SLAVE_INDEX,DURATION,FAILURES,READS_PER_SEC,READS_PER_SEC_NET,READ_COUNT,REQ_PER_SEC,REQ_PER_SEC_NET,TRANSACTIONS_PER_SEC,TRANSACTION_COUNT,WRITES_PER_SEC,WRITES_PER_SEC_NET,WRITE_COUNT
0,134237394683,0,3864017.556525393,6611602.584851634,129465015,3858179.1997903623,6609754.641052542,3858.2389335231583,129480,239834.67389080915,1743631.3866962849,12966
1,135143613294,0,3825480.5761444904,6607006.02784835,129027841,3819367.230304151,6603551.869954263,3819.373833359656,129041,225388.2395655102,1062242.3409254923,12931
2,133064234329,0,3844199.980107141,6424290.362492671,127527866,3833960.001142209,6421832.467916758,3833.9974705600744,127542,139972.67031437272,1340533.3191837224,12872
3,135889432448,0,3765786.6075501437,6611496.898598204,127692695,3759098.3993216185,6607445.244165363,3759.080159112804,127707,199968.37731280134,925242.6855942284,12742
4,138192620699,0,3785471.6503763716,6475521.628107284,130567547,3779669.372778453,6473401.607269671,3779.738211732132,130583,231491.49422782022,1514657.6214875593,13057
5,132728835781,0,3725517.25271307,6658077.207187752,123417250,3719749.706948573,6655085.399802703,3719.7940014884825,123431,224326.57822561133,1205038.4108450313,12262
