SLAVE_INDEX,DURATION,FAILURES,READS_PER_SEC,READS_PER_SEC_NET,READ_COUNT,REQ_PER_SEC,REQ_PER_SEC_NET,TRANSACTIONS_PER_SEC,TRANSACTION_COUNT,WRITES_PER_SEC,WRITES_PER_SEC_NET,WRITE_COUNT
0,123235818982,0,4334338.313705574,7068961.1877330905,133361285,4329087.990869956,7066256.69764619,4329.1306135381965,133376,331383.39041412855,1469018.4088871938,13391
1,125454660215,0,4229972.5963316085,7079712.051015387,132370690,4220935.269303659,7073586.991698529,4220.935269303659,132384,189722.77568326463,736512.8165542184,13310
