SLAVE_INDEX,DURATION,FAILURES,READS_PER_SEC,READS_PER_SEC_NET,READ_COUNT,REQ_PER_SEC,REQ_PER_SEC_NET,TRANSACTIONS_PER_SEC,TRANSACTION_COUNT,WRITES_PER_SEC,WRITES_PER_SEC_NET,WRITE_COUNT
0,193389227583,0,1055834.411662747,1074726.5267635535,50953100,1054003.010134149,1072845.2718768527,1054.0386278964181,50960,57577.43981744738,58103.350432939646,5107
1,189622990011,0,1027973.8594172437,1045982.8466318263,48642576,1026195.3362760067,1044161.872613512,1026.2243032779543,48649,57342.96347830858,58005.17197450479,4981
2,202582191949,0,1109290.3761609525,1129971.3579883792,56073050,1107277.5442002877,1127900.3048444763,1107.3022258607643,56080,58037.98058867765,58558.845584153205,5628
3,189242836509,0,1021494.8159259718,1039235.5264400963,48243644,1019819.2944060084,1037518.6820069101,1019.8521770150082,48250,57519.81046723865,58124.79899403054,4730
