SLAVE_INDEX,DURATION,FAILURES,READS_PER_SEC,READS_PER_SEC_NET,READ_COUNT,REQ_PER_SEC,REQ_PER_SEC_NET,TRANSACTIONS_PER_SEC,TRANSACTION_COUNT,WRITES_PER_SEC,WRITES_PER_SEC_NET,WRITE_COUNT
0,201089889265,0,1109667.6258807436,1130658.4525900648,55675127,1107579.3259127587,1128509.3789087757,1107.6025954178826,55682,56422.416069104096,56948.348617376316,5624
1,190283689560,0,1035225.7864733855,1053389.6588836687,49158417,1033474.4320689216,1051595.4984556283,1033.5291057013872,49166,57669.93859087283,58308.02969486186,4915
