SLAVE_INDEX,DURATION,FAILURES,READS_PER_SEC,READS_PER_SEC_NET,READ_COUNT,REQ_PER_SEC,REQ_PER_SEC_NET,TRANSACTIONS_PER_SEC,TRANSACTION_COUNT,WRITES_PER_SEC,WRITES_PER_SEC_NET,WRITE_COUNT
0,188213603120,0,1015448.3661822937,1032917.0074705705,47696776,1013774.0994116515,1031201.5648677425,1013.8037889971317,47703,57664.05362467634,58256.1541645271,4743
1,194984873913,0,1077454.5494244664,1097018.3943491115,52423883,1075552.8456713678,1095065.4767636713,1075.5896103321315,52431,57760.14315715634,58332.39183804975,5251
2,199445258958,0,1082678.3359359903,1102590.7705811083,53879956,1080706.3207523506,1100564.8069611199,1080.7562462081123,53888,57174.49561413761,57743.663910051,5482
3,187292360616,0,1017108.4542901067,1034790.3159003473,47536042,1015328.6304607276,1032965.6399253362,1015.3522817002893,47542,55196.051003032546,55749.84125226874,4782
4,189426706329,0,1013389.8532706868,1030818.1040648752,47907674,1011734.658296488,1029121.4452950372,1011.7883067394737,47915,57521.92241313354,58087.50611261095,4717
5,197588684906,0,1073715.8020505037,1093261.87616889,52938748,1071801.4551326628,1091293.9101671258,1071.841281282637,52946,56088.08491686554,56591.69876273494,5212
