SLAVE_INDEX,DURATION,FAILURES,READS_PER_SEC,READS_PER_SEC_NET,READ_COUNT,REQ_PER_SEC,REQ_PER_SEC_NET,TRANSACTIONS_PER_SEC,TRANSACTION_COUNT,WRITES_PER_SEC,WRITES_PER_SEC_NET,WRITE_COUNT
0,146237005013,0,2737967.2004179005,7340066.278339152,99115006,2712445.184204492,7335881.398060106,27124.48654798526,991651,139148.17094691904,3442265.545269032,49959
1,159348186755,0,2692824.3479044125,8201727.603497143,105933441,2660503.8477897677,8197325.791773603,26604.77681833598,1059867,106800.86165308314,3961625.980935471,53175
2,145403781837,0,2996414.4407342086,7856197.603378516,107918425,2970281.450341889,7851465.398814293,29702.88249490669,1079728,161490.23610057394,3566804.847892472,54114
3,147886715743,0,2840110.3755506664,7788471.74083376,104172940,2819056.0180165027,7784108.161426981,28190.086802634123,1042253,178787.92870122092,3678558.273026135,52294
4,147076471014,0,2921671.3216614765,7618034.624242522,106636487,2901604.0775099746,7614418.454814066,29016.06118027521,1066895,195574.9290808121,3892366.3460498243,52935
5,154622251604,0,3066183.3807326523,9208115.8063194,117206345,3033582.211707139,9202143.502049193,30335.88978974124,1172651,135982.15304402908,4001196.0554253533,58483
6,146363870199,0,2827488.686774569,7482407.207375003,102625571,2806085.049825405,7478200.528565255,28060.88452486775,1026775,175397.4266580567,3537584.1508908453,51796
7,152769381314,0,2712734.314361734,7987481.32541465,102320412,2680421.8258784954,7982179.793907942,26804.22096701652,1023717,108030.3682706847,3430476.2635944746,51184
