SLAVE_INDEX,DURATION,FAILURES,READS_PER_SEC,READS_PER_SEC_NET,READ_COUNT,REQ_PER_SEC,REQ_PER_SEC_NET,TRANSACTIONS_PER_SEC,TRANSACTION_COUNT,WRITES_PER_SEC,WRITES_PER_SEC_NET,WRITE_COUNT
0,139463482514,0,3255779.839505524,8181137.785971983,112507061,3228467.52342357,8174669.728056142,32284.719923353234,1125635,181651.84640046713,3167556.431316764,56270
1,149639177297,0,3354107.089816177,8638192.815987598,124467423,3328795.3395476625,8632425.07526025,33287.966303956986,1245296,206511.7596116426,3692668.913070965,62126
2,146556080388,0,3062728.246523008,8026597.288933787,111292142,3039058.623980972,8021207.835381927,30390.602478510325,1113482,185736.9539982672,3435652.0543197896,55988
3,139630273386,0,3024822.242506505,7490179.472583636,104750082,3002291.307137354,7485976.988004129,30022.94155729202,1048028,189638.26088084985,3535817.713464106,52607
4,138460181831,0,3154795.6117602615,7800310.748022247,108321377,3130888.6227602977,7795045.616837767,31308.918197549454,1083760,194846.11547398102,3328100.319421263,54475
5,147236358746,0,3119873.815956557,8373900.851159478,113636659,3088746.0398592274,8368288.320918351,30887.49696791114,1136941,148520.33334154543,3591715.048325582,57271
