SLAVE_INDEX,DURATION,FAILURES,READS_PER_SEC,READS_PER_SEC_NET,READ_COUNT,REQ_PER_SEC,REQ_PER_SEC_NET,TRANSACTIONS_PER_SEC,TRANSACTION_COUNT,WRITES_PER_SEC,WRITES_PER_SEC_NET,WRITE_COUNT
0,192416230897,0,899226.8984268972,1055186.906591772,42921632,892714.1707289213,1046224.6494292868,8927.154675698386,429433,57853.56583562973,58373.19068766706,21542
1,198604457302,0,928304.7464836232,1095823.6836654951,45718062,921247.2392892136,1086015.3278615216,9212.510146852366,457412,56921.29490129434,57530.77499037179,22890
2,191812399196,0,894810.8572706749,1049603.945569267,42574595,888288.5398138181,1040636.4120427984,8882.920162334287,425964,57789.758934151316,58316.05811705869,21594
3,193892612218,0,904411.4216211056,1062532.6454740975,43482387,897499.610786331,1053004.549401536,8975.020638956827,435048,56319.68457858031,56841.27367996693,22249
