SLAVE_INDEX,DURATION,FAILURES,READS_PER_SEC,READS_PER_SEC_NET,READ_COUNT,REQ_PER_SEC,REQ_PER_SEC_NET,TRANSACTIONS_PER_SEC,TRANSACTION_COUNT,WRITES_PER_SEC,WRITES_PER_SEC_NET,WRITE_COUNT
0,143231633156,0,3278718.938225282,6765305.876175889,117113052,3271253.5190441096,6762440.935185911,3271.2601357491903,117139,266948.2824206247,2186281.187049924,23694
1,142185284487,0,3012189.9003056795,6264810.4937202465,106706396,3002497.2664385145,6250194.391680291,3002.532447696507,106729,175656.58058342987,493379.59152408503,21336
2,150634137114,0,3069589.6707397816,6496595.987025472,115315203,3062739.8067866093,6492042.037152207,3062.7385688823892,115340,252179.53403619162,1442376.8751672448,23089
3,152813270813,0,3215025.268560337,7370353.015764942,122526523,3207861.891784714,7364663.49018767,3207.835876668743,122554,263622.1692526153,1512432.1112094228,24444
