SLAVE_INDEX,DURATION,FAILURES,READS_PER_SEC,READS_PER_SEC_NET,READ_COUNT,REQ_PER_SEC,REQ_PER_SEC_NET,TRANSACTIONS_PER_SEC,TRANSACTION_COUNT,WRITES_PER_SEC,WRITES_PER_SEC_NET,WRITE_COUNT
0,189233574609,0,1027833.4098495637,1045768.9793515347,48452824,1024395.1286157253,1042246.426762994,1024.42561776306,48464,57641.46209536908,58264.397968736324,9664
1,189073665498,0,1032631.538778507,1050678.2013004434,48638266,1029183.6649353919,1047144.1652731574,1029.2269793607375,48650,57533.44041477686,58132.18827673108,9616
2,193180997472,0,1054750.1471539943,1073527.4237081755,50754284,1051126.7394684176,1069809.8115894196,1051.1785820932332,50767,57791.60115327003,58374.568764634896,10144
3,189123944563,0,1046311.2581136366,1064975.335047842,49288417,1042666.4294446969,1061242.4099180684,1042.7010194024065,49300,56733.95080189987,57407.00048127606,9880
