SLAVE_INDEX,DURATION,FAILURES,READS_PER_SEC,READS_PER_SEC_NET,READ_COUNT,REQ_PER_SEC,REQ_PER_SEC_NET,TRANSACTIONS_PER_SEC,TRANSACTION_COUNT,WRITES_PER_SEC,WRITES_PER_SEC_NET,WRITE_COUNT
0,189414988846,0,1018843.8707899667,1036462.050471235,48073917,1015413.348076554,1032946.1870592721,1015.4409011934404,48085,57464.46827969192,58048.39519816142,9710
1,199649151981,0,1096120.7710325988,1116398.9644923683,54497784,1092089.527236007,1112251.9170118738,1092.1143352520767,54510,56343.00382557524,56841.92628368013,10903
2,190532923877,0,1037481.3397311874,1055857.1647440277,49240968,1033959.7797133322,1052249.2506041555,1033.9829280118051,49252,57691.62786085248,58343.52208601796,9877
3,190356044283,0,1041539.1437090017,1059902.3104001118,49383313,1037911.7550177234,1056181.5723938474,1037.9482183291354,49395,56390.001743946836,56953.70270338955,9881
4,187931453993,0,1013495.8400070233,1030949.9430252115,47450906,1010162.4819391391,1027536.0130493033,1010.1753630484413,47461,57502.19932177804,58116.71077444302,9420
5,195435873283,0,1063780.7208702774,1083090.5980750415,51783939,1060074.430143124,1079286.539512438,1060.1109699447336,51796,56745.48857308161,57335.43059790549,10204
6,200645414667,0,1080483.4143691945,1100369.3004179217,53994559,1076634.6809296357,1096415.4179860866,1076.684016422825,54008,57713.60334238793,58290.99832978017,10894
7,199972658639,0,1081036.9169728972,1101086.7516666984,53836369,1077093.7860501762,1097030.6888832203,1077.1257964140982,53849,56927.96162064161,57442.551030715644,10958
