SLAVE_INDEX,DURATION,FAILURES,READS_PER_SEC,READS_PER_SEC_NET,READ_COUNT,REQ_PER_SEC,REQ_PER_SEC_NET,TRANSACTIONS_PER_SEC,TRANSACTION_COUNT,WRITES_PER_SEC,WRITES_PER_SEC_NET,WRITE_COUNT
0,226808411461,0,336387.0847076384,336680.1925887097,17114855,301968.81834683096,302206.8486994348,30.228119262268553,1714,1272.7416898924987,1272.8218975405518,7412
1,226780446208,0,332271.15668248665,332526.8603103679,16869548,297685.7358243372,297893.0806059275,29.808560620819467,1690,1312.812173918878,1312.9054508218976,7778
2,225632975455,0,332881.5165140961,333136.9205155903,16864196,299102.89426405064,299311.1524497054,29.960154510989447,1690,1335.134383737883,1335.2292307648154,7673
3,227036927324,0,349090.59449609974,349414.3823483046,17333095,305548.8673919647,305798.96910879767,30.602868640973806,1737,1354.1403368599752,1354.2185939421076,9624
