SLAVE_INDEX,DURATION,FAILURES,READS_PER_SEC,READS_PER_SEC_NET,READ_COUNT,REQ_PER_SEC,REQ_PER_SEC_NET,TRANSACTIONS_PER_SEC,TRANSACTION_COUNT,WRITES_PER_SEC,WRITES_PER_SEC_NET,WRITE_COUNT
0,223754561664,0,445204.0484663628,445416.84376206744,24902781,445182.7183285827,445404.2678258687,44.5666815315557,2493,45251.845374444354,71744.49394224037,135
