SLAVE_INDEX,DURATION,FAILURES,READS_PER_SEC,READS_PER_SEC_NET,READ_COUNT,REQ_PER_SEC,REQ_PER_SEC_NET,TRANSACTIONS_PER_SEC,TRANSACTION_COUNT,WRITES_PER_SEC,WRITES_PER_SEC_NET,WRITE_COUNT
0,142874675903,0,4618090.383281555,5711645.449347928,164524154,4608382.695104157,5711592.693272001,460.90729203165307,16463,875746.3451685437,5606591.528054092,81142
1,136519597839,0,5067725.369910146,5975636.369731108,172757374,5064351.894849271,5975792.536592787,506.4490700656703,17286,2201678.4453198407,6297238.791402479,88447
2,167024864867,0,2764354.8363860687,5508954.632845387,114928823,2753734.878733455,5508826.714232331,275.4080574417071,11500,313511.7003288083,5261309.61635202,56726
3,149302185159,0,4105637.567199166,5390214.69098512,152876108,4097801.9668529932,5390330.175455648,409.82648132738996,15297,852027.2521343227,5631147.452995591,76589
