SLAVE_INDEX,DURATION,FAILURES,READS_PER_SEC,READS_PER_SEC_NET,READ_COUNT,REQ_PER_SEC,REQ_PER_SEC_NET,TRANSACTIONS_PER_SEC,TRANSACTION_COUNT,WRITES_PER_SEC,WRITES_PER_SEC_NET,WRITE_COUNT
0,139259132016,0,4694754.606455304,5581563.978043928,163105975,4687360.423336563,5578296.876544022,468.7661661685595,16320,1149436.328811011,2601923.119564316,83461
1,133120015222,0,5011507.410163359,5799337.930667377,166599431,5008588.219345478,5799428.457237346,500.9012190619792,16670,2359047.9014923037,5979396.18990998,86404
2,144516135934,0,4497046.437447957,5483103.846966586,161826935,4481420.761871005,5480344.949995878,448.198995038184,16193,573195.5437313219,2757604.206118843,82468
3,145088982664,0,4409461.799154359,5656374.039838335,159628797,4403012.056948611,5656598.206216403,440.39168361517704,15974,1106133.2549503401,6153528.324410922,78338
