SLAVE_INDEX,DURATION,FAILURES,READS_PER_SEC,READS_PER_SEC_NET,READ_COUNT,REQ_PER_SEC,REQ_PER_SEC_NET,TRANSACTIONS_PER_SEC,TRANSACTION_COUNT,WRITES_PER_SEC,WRITES_PER_SEC_NET,WRITE_COUNT
0,128057919550,0,5578671.795923818,6137270.302908749,178399345,5575224.230636035,6137179.270343006,557.5913480997283,17851,2483482.0707521914,5959120.149122341,88559
1,137249534564,0,5141972.46834491,6276082.537674329,176081261,5134466.460951051,6276087.239986915,513.5171259094573,17620,1380487.2151416526,6284859.240366959,94522
