SLAVE_INDEX,DURATION,FAILURES,READS_PER_SEC,READS_PER_SEC_NET,READ_COUNT,REQ_PER_SEC,REQ_PER_SEC_NET,TRANSACTIONS_PER_SEC,TRANSACTION_COUNT,WRITES_PER_SEC,WRITES_PER_SEC_NET,WRITE_COUNT
0,208456589372,0,1072477.9352492727,4026314.135886287,54839107,1052807.2087390614,4026393.5850558197,105.28809962076232,5487,27565.058129791236,4194223.2612354113,27043
1,233996066998,0,228559.93033595043,4071639.489835793,13369917,228661.45011085732,4070317.406609363,22.87217608880487,1338,2438571.026404704,2448328.883835892,6553
2,202810037262,0,1207819.4446094849,3555315.874936786,60806306,1199881.1463440103,3555492.9816481317,120.013771113,6085,85542.94582637027,3944995.987848168,30679
3,236271772495,0,205957.1646343607,3791830.1573305666,12164513,206054.50869519453,3788454.798301232,20.62031909620851,1218,1448484.2669930565,,6703
4,235681351830,0,202520.13844603288,3946332.6108900774,11843624,201119.00934016294,3914606.463420507,20.111900934016294,1185,14519.89066066878,245684.90360094653,6376
5,231028487612,0,329593.699597235,3830350.9902905114,18782420,325327.8449635493,3829774.369802994,32.53278449635493,1879,9837.32063742575,2789304.0493206363,7580
