SLAVE_INDEX,DURATION,FAILURES,READS_PER_SEC,READS_PER_SEC_NET,READ_COUNT,REQ_PER_SEC,REQ_PER_SEC_NET,TRANSACTIONS_PER_SEC,TRANSACTION_COUNT,WRITES_PER_SEC,WRITES_PER_SEC_NET,WRITE_COUNT
0,165164159841,0,3075144.723597252,5120858.606276257,126611871,3067773.035553088,5120137.279147248,306.47049020264234,12670,504014.26140400476,3941909.878722916,59668
1,152167905378,0,3848765.5207115873,5037178.760970802,145983331,3839325.0044990443,5037338.001526015,383.97044817823297,14607,644084.5303122984,5381409.544967639,72180
2,163045564642,0,2620906.48222359,4795133.574609006,105934911,2600224.182306831,4794686.848222266,260.07446524449,10601,157344.98117321523,4051990.765097342,53844
3,176220329914,0,2451491.3649915867,5054637.333604745,107490276,2441063.3450177484,5054352.514753912,243.51446441328002,10756,244828.1426796655,4517535.439844395,50971
4,176239842606,0,2205327.4968915074,5211730.037118654,96517321,2191652.842447841,5211842.279521748,219.0617760770298,9659,159007.17869845865,5453996.228556423,46817
5,176309623793,0,2457310.8716536327,5195027.017117507,108073529,2453155.9122819253,5194645.200257818,245.3636985761915,10815,569276.7351193676,4541395.0689471485,55220
6,142467515735,0,4665018.272356198,5663594.67800455,165725390,4655277.075467845,5660685.880315016,465.5655391851644,16582,883408.4599292353,2761088.465700272,81050
7,155710457612,0,3636605.4076946867,4934111.06883366,141133608,3627336.0997204594,4934087.32004449,362.7501810904774,14121,590388.4913171185,4886620.5746445125,69933
