SLAVE_INDEX,DURATION,FAILURES,READS_PER_SEC,READS_PER_SEC_NET,READ_COUNT,REQ_PER_SEC,REQ_PER_SEC_NET,TRANSACTIONS_PER_SEC,TRANSACTION_COUNT,WRITES_PER_SEC,WRITES_PER_SEC_NET,WRITE_COUNT
0,173980049145,0,2583965.8673423557,5284514.39148122,111890009,2573751.497373162,5284688.660633688,257.29553934508306,11198,286232.61131164886,5662191.992853917,55344
1,136746742891,0,4128457.6001250674,5112049.39284771,140489509,4111493.349776914,5112168.299743712,411.2125462585693,14058,437947.46713479783,5367004.158001118,68822
2,169623224014,0,2811583.8373707114,5258613.607384841,117986292,2783746.381103024,5258731.756807725,278.4051647920005,11806,137538.47524280488,5498808.55525387,60717
3,159724041926,0,2822708.0524465884,5453358.379235974,111840608,2802288.838942414,5453298.28460588,279.6316357215903,11192,186300.44298526575,5339092.53913548,57617
4,141677536036,0,4758281.971208126,5569400.454550669,168291041,4753750.007544351,5569492.145992814,475.44571264461626,16840,1632777.0967535651,5759799.04994156,83856
5,151129364550,0,3620267.088085823,5262942.98743315,136434914,3612820.2459248677,5262847.29285323,361.33245811037017,13652,686965.5734051901,5071899.113443304,65893
6,142083500136,0,4001243.542680172,4941409.464380736,141712039,3991329.5172006544,4941409.922048236,399.177815856755,14180,611094.4584977761,4942431.857421765,63478
7,171257243890,0,2739452.1361979665,5246371.126862678,116818595,2729923.554651455,5242268.497058899,273.0161548367522,11689,357355.6498212307,2103093.975253105,61201
