SLAVE_INDEX,DURATION,FAILURES,READS_PER_SEC,READS_PER_SEC_NET,READ_COUNT,REQ_PER_SEC,REQ_PER_SEC_NET,TRANSACTIONS_PER_SEC,TRANSACTION_COUNT,WRITES_PER_SEC,WRITES_PER_SEC_NET,WRITE_COUNT
0,181196672134,0,2164674.831651989,3115269.6373060746,97885112,2161925.0474440395,3115404.7370667043,216.22906796179123,9795,604782.2447834722,3415634.5377133433,48294
1,202041550483,0,1303813.3692417545,3034328.236968754,65376087,1294981.153008003,3034352.114598314,129.4981153008003,6541,92111.05426444851,3081091.823813661,33913
2,197658403034,0,1449711.5721150583,3324362.51061775,71464835,1446937.643985741,3323812.504718361,144.73451126758448,7152,294948.88700107427,2484699.1067243773,35011
3,197647076690,0,1370083.5986128144,3272841.8537871586,66955174,1355773.8595865492,3272446.9475010578,135.59519569720317,6700,66396.68115347564,2672812.6042066906,36011
4,207816885649,0,1037736.8380686013,3161934.30875774,53607009,1032328.4334187708,3161668.7876211437,103.30243060249266,5367,90392.20743381506,2707136.2893331046,26811
5,176657573889,0,2389208.0750626773,3299196.2716756198,105231875,2383949.4606929133,3299249.0831059245,238.42732776779513,10530,449417.54179015907,3405873.538327376,53807
