SLAVE_INDEX,DURATION,FAILURES,READS_PER_SEC,READS_PER_SEC_NET,READ_COUNT,REQ_PER_SEC,REQ_PER_SEC_NET,TRANSACTIONS_PER_SEC,TRANSACTION_COUNT,WRITES_PER_SEC,WRITES_PER_SEC_NET,WRITE_COUNT
0,121076096652,0,5613689.077935654,6343140.356261492,169653058,5607605.884020583,6343267.255721963,560.8041808692375,16975,1754327.9855655904,6611358.349188844,83700
1,141143054077,0,4872507.165873558,6192753.512103078,171602585,4865703.668459241,6192799.87896894,486.598453191156,17170,1301375.7745308604,6285106.268794334,87484
