SLAVE_INDEX,DURATION,FAILURES,READS_PER_SEC,READS_PER_SEC_NET,READ_COUNT,REQ_PER_SEC,REQ_PER_SEC_NET,TRANSACTIONS_PER_SEC,TRANSACTION_COUNT,WRITES_PER_SEC,WRITES_PER_SEC_NET,WRITE_COUNT
0,136244316429,0,3954826.657402275,5153810.207607811,134475099,3950098.015871781,5153889.485485001,395.0547755330802,13456,1192153.1870704382,5311987.046156075,69502
1,166422700823,0,3002369.8914894266,5335763.484043121,124333115,2989774.6734034205,5335598.490788154,298.99755315323534,12440,301411.3420254573,5006453.90286316,58479
2,161670581902,0,2706803.126762744,5241254.406429741,108638539,2689261.3540758304,5241417.217857394,268.96662350659017,10871,195102.20194221634,5583558.850895822,55073
3,166766414919,0,2752108.793839953,5621832.018249133,113716377,2728846.8137966306,5621972.695665712,272.88468137966305,11377,144194.64052631138,5937028.557784957,53623
4,136236869959,0,4805826.432182748,5730179.8650445985,163204850,4794242.441099564,5729929.029262264,479.51763565381987,16332,837744.996265507,5277300.451997464,83296
5,142045715769,0,3839903.938984416,5176822.559896077,135932256,3829878.578560595,5176790.203593444,383.0314349855841,13602,647471.7325077403,5116585.407523928,72205
