SLAVE_INDEX,DURATION,FAILURES,READS_PER_SEC,READS_PER_SEC_NET,READ_COUNT,REQ_PER_SEC,REQ_PER_SEC_NET,TRANSACTIONS_PER_SEC,TRANSACTION_COUNT,WRITES_PER_SEC,WRITES_PER_SEC_NET,WRITE_COUNT
0,151499003519,0,4025957.890955761,4470024.238668613,152342684,4024419.2624246273,4470173.611896981,402.4580262860602,15243,2343757.6733018504,4769201.413250307,81193
1,149888674554,0,4144634.3814963643,4594791.984875686,155104320,4141202.461406616,4594948.289327255,414.1739490373589,15520,1533375.820617466,4940108.858432505,75517
