SLAVE_INDEX,DURATION,FAILURES,READS_PER_SEC,READS_PER_SEC_NET,READ_COUNT,REQ_PER_SEC,REQ_PER_SEC_NET,TRANSACTIONS_PER_SEC,TRANSACTION_COUNT,WRITES_PER_SEC,WRITES_PER_SEC_NET,WRITE_COUNT
0,152025230918,0,4259470.257452622,4482312.485223895,161877798,4259255.441284342,4482207.395900389,425.9817980532267,16190,369275.4268168768,760065.2871563432,775
1,159550592530,0,3527777.922289739,3734499.8378606616,140702917,3527498.3757529766,3734327.701710991,352.79075841822333,14072,207543.42946757888,362385.00807502464,697
2,168501866435,0,2937335.53465028,3073645.947429701,123723348,2937034.8855507025,3073497.1907413704,293.71774944786523,12373,136450.7048607744,287112.3880968416,617
3,162285684264,0,3342569.6510290736,3520825.8251932226,135599619,3342261.5337878047,3520672.270355119,334.2499729028019,13561,172684.900264961,363547.6970174275,681
