SLAVE_INDEX,DURATION,FAILURES,READS_PER_SEC,READS_PER_SEC_NET,READ_COUNT,REQ_PER_SEC,REQ_PER_SEC_NET,TRANSACTIONS_PER_SEC,TRANSACTION_COUNT,WRITES_PER_SEC,WRITES_PER_SEC_NET,WRITE_COUNT
0,166717124968,0,3027466.007457089,3333515.5129459887,126174111,3027277.9001969527,3333447.363973073,302.7641999254043,12619,233754.3197557766,675869.3769097367,656
1,173584547350,0,2636954.065610956,2914950.2379544256,114421843,2636696.658701746,2914902.2583047394,263.7099601898728,11444,135693.86925694172,709590.4486315355,606
2,171252187309,0,2770685.9045449845,3070343.811410502,118607015,2770362.1393399085,3070140.9997637253,277.0883526018188,11863,120270.27924932798,228167.80526875376,629
3,170364572415,0,2726951.0385509417,2900923.4206329603,116129962,2726636.1627606824,2900811.0048428155,272.70514110958703,11615,114727.38270902516,335723.7740026111,589
4,166551043261,0,3037658.0934346397,3366485.137911899,126458839,3037134.4549749107,3366363.668015979,303.7625675964349,12648,86491.93581134308,413523.04484977754,639
5,168642144848,0,2879899.3159807813,3171549.296482149,121403228,2879561.051821852,3171374.6611064207,287.9855430968953,12142,118128.67524209843,265192.74567417917,610
