SLAVE_INDEX,DURATION,FAILURES,READS_PER_SEC,READS_PER_SEC_NET,READ_COUNT,REQ_PER_SEC,REQ_PER_SEC_NET,TRANSACTIONS_PER_SEC,TRANSACTION_COUNT,WRITES_PER_SEC,WRITES_PER_SEC_NET,WRITE_COUNT
0,141944614227,0,5068451.908406675,5185057.468131985,179828732,5067600.9929454215,5184758.627923445,506.817277919071,17985,152229.14964349277,429026.8066043515,935
1,144148990766,0,4974755.867140868,5087648.893898249,179257497,4974252.155285465,5087293.169455551,497.4852004904201,17928,225026.43242897783,326655.2900732211,860
