SLAVE_INDEX,DURATION,FAILURES,READS_PER_SEC,READS_PER_SEC_NET,READ_COUNT,REQ_PER_SEC,REQ_PER_SEC_NET,TRANSACTIONS_PER_SEC,TRANSACTION_COUNT,WRITES_PER_SEC,WRITES_PER_SEC_NET,WRITE_COUNT
0,215404159620,0,773749.7099944976,3079033.331214808,41660502,773981.1352487939,3078479.8564967564,77.39868322585298,4168,2207735.1389807644,2214252.564546351,19187
1,187736994361,0,1837000.5628753498,3059539.1318886294,85889916,1830913.172813667,3059568.425427594,183.10718416504614,8594,238450.5331276354,3119767.126491558,42618
2,218273062884,0,704752.5302483209,3199977.852342653,38180135,700011.9115990112,3199189.924574797,70.00404446942102,3820,46563.967793018135,2113502.4495223155,18301
3,220235443161,0,631973.5244404709,3446949.3757023164,34122038,620063.6829384894,3445672.7104717502,62.006368293848936,3414,16849.392763027416,2022589.789862695,17962
4,183728934134,0,1999891.2548445363,3256054.0981601924,91641426,1996158.404383464,3253704.8904732633,199.6636033267096,9171,427299.12856608565,1344943.5515170426,46588
5,220915583879,0,591795.0704842042,3458333.4159550485,32429923,587464.3595586411,3458087.7008909495,58.75903165934488,3246,35109.88608240776,2999873.5717850006,15085
6,217948674179,0,628546.5016580737,3272448.5624969914,34043241,625072.5245894913,3271472.7283526286,62.51010488359852,3406,46695.69234343757,1961004.8423239347,15191
7,211340681331,0,888144.8994905642,3139328.080267195,46883761,887787.3716425773,3138993.89505123,88.78547536431508,4691,484131.05720301665,2571929.535425344,22636
