SLAVE_INDEX,DURATION,FAILURES,READS_PER_SEC,READS_PER_SEC_NET,READ_COUNT,REQ_PER_SEC,REQ_PER_SEC_NET,TRANSACTIONS_PER_SEC,TRANSACTION_COUNT,WRITES_PER_SEC,WRITES_PER_SEC_NET,WRITE_COUNT
0,142777216009,0,4944389.405325743,5126067.652154949,176459544,4943660.954668755,5125746.81449767,494.39251098751686,17647,181880.440443726,422834.10627592483,993
1,146897462985,0,4612639.653234635,4760869.812665299,169378556,4612180.430026778,4760473.6173963975,461.24641463140813,16939,220087.56098964912,269240.79989051935,845
