SLAVE_INDEX,DURATION,FAILURES,READS_PER_SEC,READS_PER_SEC_NET,READ_COUNT,REQ_PER_SEC,REQ_PER_SEC_NET,TRANSACTIONS_PER_SEC,TRANSACTION_COUNT,WRITES_PER_SEC,WRITES_PER_SEC_NET,WRITE_COUNT
0,156505351277,0,3827193.583778355,3949223.412604943,149724557,3826713.9565087473,3949071.589122301,382.7088681134593,14974,146324.2026507826,453092.95921783766,746
1,162825259882,0,3382487.9760135515,3463626.6482676645,137677655,3382235.3877961184,3463420.276014664,338.252110982544,13769,210982.61683682923,266560.6139935359,684
2,159903243819,0,3606730.626354385,3761927.4901787825,144168467,3606410.615739355,3761755.419966547,360.69305664473615,14419,192683.71655131108,371226.5966889107,722
3,162250368437,0,3328584.708399166,3469354.2243355983,134999728,3328199.8013439123,3469105.625360805,332.8680992885,13502,139509.5341132216,228783.79889133648,683
