SLAVE_INDEX,DURATION,FAILURES,READS_PER_SEC,READS_PER_SEC_NET,READ_COUNT,REQ_PER_SEC,REQ_PER_SEC_NET,TRANSACTIONS_PER_SEC,TRANSACTION_COUNT,WRITES_PER_SEC,WRITES_PER_SEC_NET,WRITE_COUNT
0,165821153297,0,2642660.517891277,3301266.3606712776,109532944,2642208.4715287443,3301028.201837794,264.26043138978986,10955,78008.2308947835,222097.60079066746,570
1,173683092062,0,2593114.413565876,2926061.6846381593,112585370,2592904.71313834,2926012.0076732887,259.3458236000089,11261,149483.72093428936,660258.8760070577,557
2,174494992773,0,2344134.885856612,2596844.8192156428,102244462,2343791.6326461053,2596769.9069014555,234.43647537166737,10227,77794.8077944192,385374.1512537312,514
3,173025182852,0,2640312.0677218316,3118509.5799232516,114197437,2640032.7424634183,3118451.0934771695,264.0308007800087,11421,124910.52632975973,682441.8794108138,600
4,172428297751,0,2651758.334904935,3108385.2147765975,114293921,2651408.556269579,3108243.0906205988,265.1535424295694,11430,92505.56412481461,293543.4314338425,545
5,176026261576,0,2430554.661318731,2892361.6881343513,106945877,2430237.307603684,2892222.0414246703,243.0773234635261,10697,87251.08534267759,264618.95697130373,520
6,175561416907,0,2512776.8491748916,3035724.4387166323,110276682,2512562.7929607583,3035631.6781476815,251.30797459825703,11030,148239.69452555716,451665.90142909315,589
7,173775107501,0,2554090.4604724385,3078178.0624226676,110944719,2553767.5814555096,3078009.0847139335,255.43338287857924,11097,103092.61237466057,271845.80537314754,590
