SLAVE_INDEX,DURATION,FAILURES,READS_PER_SEC,READS_PER_SEC_NET,READ_COUNT,REQ_PER_SEC,REQ_PER_SEC_NET,TRANSACTIONS_PER_SEC,TRANSACTION_COUNT,WRITES_PER_SEC,WRITES_PER_SEC_NET,WRITE_COUNT
0,207774545699,0,1142113.7846809486,4578295.427893699,59264685,1141530.514250772,4577861.393135724,114.18144297462048,5931,573532.3544964617,3866946.9605348967,30561
1,183087706296,0,2184576.504635794,4386052.0564441895,99346587,2171514.975217569,4385652.579372086,217.18542788057724,9941,161848.33402621667,3688055.653505333,47837
2,204719194896,0,1301936.188533118,4597190.1150869075,66622134,1302329.3108173967,4596710.301735162,130.24669339469907,6666,3750492.344915079,,30818
3,209288768309,0,1098524.0978625026,4754475.138889734,57362759,1096897.1620161613,4753921.325034005,109.70488267051017,5740,281327.3698266916,3871247.1162148253,29305
