SLAVE_INDEX,DURATION,FAILURES,READS_PER_SEC,READS_PER_SEC_NET,READ_COUNT,REQ_PER_SEC,REQ_PER_SEC_NET,TRANSACTIONS_PER_SEC,TRANSACTION_COUNT,WRITES_PER_SEC,WRITES_PER_SEC_NET,WRITE_COUNT
0,167273130868,0,3096616.698600716,4529136.268370998,129479641,3096260.5967404675,4529030.105350498,309.6492201837794,12949,131418.70876738013,808973.2291147014,660
1,160260964020,0,3536260.7820688467,4632067.4638617225,141665170,3535878.8427684885,4631968.140901204,353.62319590486953,14168,147911.69118474552,834982.7784801938,668
2,156794881337,0,3872097.44533802,4592918.741275948,151756130,3871474.443705296,4592610.014063657,387.1809737495564,15177,109993.72311729915,300430.29065263114,714
3,158445472078,0,3561224.2599564623,4699721.793528554,141047768,3560807.8198805014,4699623.908987604,356.10984483925773,14106,145167.92962938017,905387.0529651426,701
