SLAVE_INDEX,DURATION,FAILURES,READS_PER_SEC,READS_PER_SEC_NET,READ_COUNT,REQ_PER_SEC,REQ_PER_SEC_NET,TRANSACTIONS_PER_SEC,TRANSACTION_COUNT,WRITES_PER_SEC,WRITES_PER_SEC_NET,WRITE_COUNT
0,155751283308,0,3859745.9207850173,5328719.592294864,149941617,3852823.7793927533,5328404.704126217,385.33226643747247,15004,874395.379809782,4790715.387858839,78945
1,154378234814,0,3795845.8454827145,5334455.168186661,146142279,3788536.465031277,5334230.915106059,378.9134204067151,14624,793973.3386372719,4928430.456331615,74614
