SLAVE_INDEX,DURATION,FAILURES,READS_PER_SEC,READS_PER_SEC_NET,READ_COUNT,REQ_PER_SEC,REQ_PER_SEC_NET,TRANSACTIONS_PER_SEC,TRANSACTION_COUNT,WRITES_PER_SEC,WRITES_PER_SEC_NET,WRITE_COUNT
0,164840948019,0,3202705.8104893025,3677537.615711818,131957690,3202077.7988923024,3677206.0967751765,320.2601120754714,13198,83756.84267795572,202981.63965355852,695
1,166627559638,0,3079031.9240261153,3540126.6728242105,128245153,3078621.574452996,3540067.427471821,307.92015224051573,12827,112290.53292314602,819990.7925299726,647
2,163029741164,0,3280295.1847302336,3742261.7337599383,133680420,3279918.818383532,3742193.67579362,328.03820236500275,13370,135117.90805902972,798052.461353038,659
3,166415093892,0,3226060.2709703,3698751.007956455,134200174,3225688.893030186,3698686.1374837835,322.5897665547541,13422,131392.05576791597,806181.5444644146,656
4,162575561414,0,3382075.435796011,3884523.1152890306,137441980,3381631.133353461,3884445.0825107424,338.1923163654572,13746,120122.76727451195,753996.6784462113,665
5,161902766331,0,3345025.6178593724,3829716.76860617,135372741,3344561.1849086643,3829643.653755749,334.49694313341394,13539,117771.43988504066,803291.8572435614,686
