SLAVE_INDEX,DURATION,FAILURES,READS_PER_SEC,READS_PER_SEC_NET,READ_COUNT,REQ_PER_SEC,REQ_PER_SEC_NET,TRANSACTIONS_PER_SEC,TRANSACTION_COUNT,WRITES_PER_SEC,WRITES_PER_SEC_NET,WRITE_COUNT
0,166173459527,0,3212807.91926447,3924232.287649192,133449358,3212307.0767102116,3924074.6383863026,321.2787040623429,13347,102690.58295964125,445733.41638118966,687
1,164263911085,0,3191744.906669978,3868239.381885376,131052155,3191274.459115622,3868056.038608198,319.14487742960534,13106,104045.34203307955,366937.41687895206,651
2,165981841355,0,3121060.456053306,3785019.446337468,129490682,3120614.3019716353,3784895.116772917,312.1064044698513,12951,105075.95892197931,498369.96320368437,645
3,175139236526,0,2614588.42763072,3864463.443368928,114463854,2614250.7017953657,3864393.208474833,261.48333447535373,11449,104235.44342058963,880641.2043270463,614
4,187082869512,0,2462734.759717811,3989043.241250389,115170698,2462465.9713723836,3988982.0375881908,246.26517259955384,11518,112542.21793697683,1013638.2330197706,602
5,169238576171,0,2968889.2249730127,4041849.5231076977,125593333,2968448.1834235913,4041686.242443505,296.8578014706142,12561,100380.75126076417,460865.8384608775,653
