SLAVE_INDEX,DURATION,FAILURES,READS_PER_SEC,READS_PER_SEC_NET,READ_COUNT,REQ_PER_SEC,REQ_PER_SEC_NET,TRANSACTIONS_PER_SEC,TRANSACTION_COUNT,WRITES_PER_SEC,WRITES_PER_SEC_NET,WRITE_COUNT
0,169346976028,0,2912937.694395698,3386572.347730359,123307329,2912550.8560510026,3386524.7856995123,291.30719839055143,12333,101455.55677964097,861661.1105805715,591
1,167432714375,0,2962162.575074084,3441367.4592335774,123972075,2961731.9521521376,3441323.136848631,296.19049498560594,12398,100035.02019635604,973665.0646270186,630
2,167401808393,0,2962495.8582434845,3462294.8992621824,123963812,2962081.3105907557,3462240.0674690353,296.26910390547044,12399,103808.42632769536,841129.0755958081,630
3,168123713824,0,3034307.725347708,3476847.3594053234,127517856,3033919.6321464195,3476794.8555421005,303.4431127254835,12754,108170.05462722298,829102.458776902,603
4,167870006285,0,3078471.803316894,3576079.281189531,129177239,3078045.1817149343,3576020.613192421,307.85716116602333,12920,104159.32955280927,816449.0391586277,627
5,161184667615,0,2903626.487976716,3383893.1122830943,116989191,2903248.6211266117,3383850.171923158,290.37490598171416,11701,110079.07392676687,973980.1210657291,600
6,160878611988,0,2970838.54997486,3422252.937112769,119470156,2970456.383820899,3422206.0400472726,297.09346444037766,11949,106050.8535276493,882632.7274475899,569
7,166200490025,0,3049061.992240921,3478761.244352446,126671600,3048660.6382675734,3478704.386686505,304.9087562619082,12669,109805.88109195163,804660.8331985236,623
