SLAVE_INDEX,DURATION,FAILURES,READS_PER_SEC,READS_PER_SEC_NET,READ_COUNT,REQ_PER_SEC,REQ_PER_SEC_NET,TRANSACTIONS_PER_SEC,TRANSACTION_COUNT,WRITES_PER_SEC,WRITES_PER_SEC_NET,WRITE_COUNT
0,157702020441,0,3656652.8572009876,3865427.419732886,144150088,3656282.3126018266,3865375.7214607536,365.7020618794791,14418,164691.3957530057,1017694.0662453846,689
1,160886829112,0,3619416.1637394116,3873514.5090525863,145559106,3618937.977792321,3873464.244293685,361.91887141538484,14557,137234.5047556599,1109274.9212769687,758
2,159715109145,0,3636747.828834149,3877194.9229677436,145190825,3636264.0648652827,3877140.7743811333,363.6724029519842,14521,136452.0880567184,1049902.0683977038,753
3,158864553250,0,3607482.887989993,3827036.899473196,143256778,3607034.5478405203,3826982.762988749,360.760027948385,14328,137390.13600210586,987750.8388001139,705
4,156677274871,0,3755874.649265768,4025500.8144745487,146923791,3751010.020335625,4025447.591381211,375.14045798853994,14694,14060.459179151081,1084132.3004802887,716
5,156287321984,0,3840297.7146599228,4102380.0310413106,150025839,3839762.793180602,4102324.063347971,383.9996756385145,15004,128232.75417092796,1069747.6980792694,722
