SLAVE_INDEX,DURATION,FAILURES,READS_PER_SEC,READS_PER_SEC_NET,READ_COUNT,REQ_PER_SEC,REQ_PER_SEC_NET,TRANSACTIONS_PER_SEC,TRANSACTION_COUNT,WRITES_PER_SEC,WRITES_PER_SEC_NET,WRITE_COUNT
0,174694839491,0,2609056.7682778034,3482581.5497605884,113934490,2608778.606900286,3482528.576842961,260.9120491156452,11395,113005.42446583876,838966.1648759188,550
1,170668155681,0,2804755.748245449,3557539.0015758616,119654990,2804403.844936397,3557482.421759875,280.4740798009647,11967,110879.25545118214,872078.255617708,618
2,175420147601,0,2587256.1096529006,3532600.4053338366,113449132,2586925.448450672,3532542.002931537,258.73874882908507,11347,99337.23279152937,833273.0685496624,579
3,178448853704,0,2441542.7490903893,3501447.4608801557,108909568,2441262.753767047,3501386.944181578,244.14830258727667,10892,106014.11829464792,810545.6709248906,567
4,174471135304,0,2880850.405038023,3641457.3257748284,125640151,2880493.7568860883,3641402.413920076,288.07053614602955,12565,107502.3874934254,879147.474801964,603
5,174454280350,0,2840107.652755506,3574948.787635283,123851606,2839763.489930329,3574897.776889903,283.9790457149689,12386,112309.15621294979,926235.739735251,618
6,167971784917,0,2992026.888027193,3473029.7492687,125626920,2991633.9118995825,3472976.974046798,299.2168210963452,12565,105307.32289105686,832631.6935998354,602
7,185737510056,0,2623718.409526457,3506839.0329407146,121816255,2623419.1674750485,3506790.874139391,262.3702333841629,12183,105303.11756132479,903972.0313231754,581
