SLAVE_INDEX,DURATION,FAILURES,READS_PER_SEC,READS_PER_SEC_NET,READ_COUNT,REQ_PER_SEC,REQ_PER_SEC_NET,TRANSACTIONS_PER_SEC,TRANSACTION_COUNT,WRITES_PER_SEC,WRITES_PER_SEC_NET,WRITE_COUNT
0,229626767587,0,446184.1999364187,4651695.878931408,25510407,444587.68057744345,4651202.32463084,44.47216642187053,2553,51279.00523805602,3789367.101505112,11901
1,231665643464,0,422764.5284526085,3896091.8463106183,24347580,420606.17423896014,3895748.685995593,42.06061742389601,2436,38208.249636238506,3322135.1699765646,12420
2,193775048409,0,1696894.0374719512,4000723.6079528914,81947719,1692354.69010348,4000472.369188647,169.28903240848578,8201,240474.7248838078,3503860.106148848,36309
3,218169487308,0,713055.6137238395,4344893.131190397,38842107,712538.8518722513,4344281.820530878,71.26569051875326,3887,308164.0813129111,3462262.8959387206,21452
4,214668100706,0,879182.6551697495,4373488.426755485,47076025,877674.7331362305,4372964.236696862,87.78201805488892,4711,214819.26165371097,3597285.98540437,26167
5,209868088084,0,1045433.3945961024,4125188.4739892716,54706897,1043225.6661735491,4124822.645731668,104.3322008778387,5474,203789.8492437397,3516540.8882980132,28047
