SLAVE_INDEX,DURATION,FAILURES,READS_PER_SEC,READS_PER_SEC_NET,READ_COUNT,REQ_PER_SEC,REQ_PER_SEC_NET,TRANSACTIONS_PER_SEC,TRANSACTION_COUNT,WRITES_PER_SEC,WRITES_PER_SEC_NET,WRITE_COUNT
0,144859208721,0,4954027.66320126,6849219.866286378,179391916,4953577.7693087375,6849027.521229976,495.37752734903455,17940,265602.6828460809,1060533.7253746195,923
1,133393859861,0,5397532.4427906275,6661997.863010639,179980718,5396998.5481354445,6661814.191887583,539.7548864448477,18000,259436.16066803513,1021823.1416230962,899
