SLAVE_INDEX,DURATION,FAILURES,READS_PER_SEC,READS_PER_SEC_NET,READ_COUNT,REQ_PER_SEC,REQ_PER_SEC_NET,TRANSACTIONS_PER_SEC,TRANSACTION_COUNT,WRITES_PER_SEC,WRITES_PER_SEC_NET,WRITE_COUNT
0,151677383413,0,3593868.4760451764,4189480.0771609168,136261918,3593483.9838045673,4189396.012183997,359.3943421918748,13628,152029.5442507189,798642.8032858446,644
1,162887209005,0,3456346.7983881226,4065370.551996616,140732672,3455971.868133121,4065301.282338702,345.63786596850105,14075,157923.3362136519,949758.6138461423,731
2,156113335615,0,3721069.2246153923,4321099.547262724,145211404,3720683.7309047272,4321019.864362053,372.11414040749025,14523,161588.35437698316,878151.6386592437,683
3,159763896059,0,3628877.169370129,4288114.645946401,144912245,3628177.618965536,4287666.90008088,362.8429699392244,14493,89063.16101564816,190363.28517746975,703
