SLAVE_INDEX,DURATION,FAILURES,READS_PER_SEC,READS_PER_SEC_NET,READ_COUNT,REQ_PER_SEC,REQ_PER_SEC_NET,TRANSACTIONS_PER_SEC,TRANSACTION_COUNT,WRITES_PER_SEC,WRITES_PER_SEC_NET,WRITE_COUNT
0,163755301115,0,3338135.072328112,3823600.772955208,136633434,3337518.3354594754,3823371.970548002,333.79069392024115,13665,83277.7879511608,279967.85570300696,646
1,159222348088,0,3563737.689343186,4177887.335585431,141832579,3563151.3968531773,4177503.086380768,356.35694190148246,14185,111534.52648157309,228271.50109779974,754
2,157219415027,0,3803481.609311313,4426144.322564572,149472153,3802911.261928569,4425834.803233219,380.3217199306537,14949,118039.77364969198,284475.4928622107,718
3,159107079425,0,3631220.9706501276,4163994.0236784546,144412950,3630603.1264453903,4163611.8836044865,363.10124940655743,14443,102658.60296501736,213126.69681639387,715
