SLAVE_INDEX,DURATION,FAILURES,READS_PER_SEC,READS_PER_SEC_NET,READ_COUNT,REQ_PER_SEC,REQ_PER_SEC_NET,TRANSACTIONS_PER_SEC,TRANSACTION_COUNT,WRITES_PER_SEC,WRITES_PER_SEC_NET,WRITE_COUNT
0,167020503748,0,2655821.687074191,2782291.40565013,110759661,2653918.99828531,2780565.3101893454,265.4259486103458,11083,1087163.4924453406,1236929.7819498752,55061
1,161308499826,0,2428699.873269759,2538276.391883238,97827834,2427059.3826258895,2537281.445302233,242.76120571105028,9790,1027262.9013412996,1416874.7435743927,48493
