SLAVE_INDEX,DURATION,FAILURES,READS_PER_SEC,READS_PER_SEC_NET,READ_COUNT,REQ_PER_SEC,REQ_PER_SEC_NET,TRANSACTIONS_PER_SEC,TRANSACTION_COUNT,WRITES_PER_SEC,WRITES_PER_SEC_NET,WRITE_COUNT
0,198355440903,0,1328181.4599394687,1361197.9444748133,65810970,1327754.1105050512,1361085.3506829152,132.83158954683105,6587,787263.9715648717,1156897.570407263,30843
1,199328823187,0,1252847.4587545593,1284918.3859352455,62391023,1252668.048743513,1284912.9675843108,125.29951993811261,6244,980512.9710376135,1274495.9197689595,32189
