SLAVE_INDEX,DURATION,FAILURES,READS_PER_SEC,READS_PER_SEC_NET,READ_COUNT,REQ_PER_SEC,REQ_PER_SEC_NET,TRANSACTIONS_PER_SEC,TRANSACTION_COUNT,WRITES_PER_SEC,WRITES_PER_SEC_NET,WRITE_COUNT
0,163757373869,0,2176496.155109194,2255597.0469368487,89091882,2176202.070052018,2255355.173636856,217.6356511178563,8910,70324.39532718885,91070.13181721953,402
1,159438377648,0,2240106.2439057683,2326155.0598172657,89275545,2239760.898648855,2325879.021926514,224.0342839968865,8930,65712.08282502563,87880.1217963563,416
