SLAVE_INDEX,DURATION,FAILURES,READS_PER_SEC,READS_PER_SEC_NET,READ_COUNT,REQ_PER_SEC,REQ_PER_SEC_NET,TRANSACTIONS_PER_SEC,TRANSACTION_COUNT,WRITES_PER_SEC,WRITES_PER_SEC_NET,WRITE_COUNT
0,177842962185,0,2043723.8310203298,2166378.437405113,90846139,2043299.5016243015,2166081.5848163697,204.37208498281862,9087,49676.78119401949,78806.94005772274,470
1,186632220810,0,1661235.181731908,1759981.0824275499,77494018,1660901.7170490155,1759786.5754659893,166.14451056224968,7752,44272.407918068195,83385.80424213535,426
2,183204571434,0,1758500.164124816,1854178.7381111924,80517519,1757989.385739904,1853957.4176730274,175.84484477705007,8054,29852.386230911976,74789.06452440425,404
3,179429079147,0,2073627.507520863,2215428.271677249,92996829,2073182.2387342367,2215150.209373179,207.3668410094248,9302,47276.51990841138,85042.29257231309,466
4,181095584496,0,1984286.032153243,2102784.9102955484,89817273,1983874.123711368,2102510.256773483,198.43326350642312,8984,45535.23037642743,75673.3110598099,438
5,181161287306,0,1911416.928846501,2014668.2980867303,86553957,1911101.3017654428,2014496.7607861392,191.1418657923486,8657,56573.63040155308,112524.89871468692,436
