SLAVE_INDEX,DURATION,FAILURES,READS_PER_SEC,READS_PER_SEC_NET,READ_COUNT,REQ_PER_SEC,REQ_PER_SEC_NET,TRANSACTIONS_PER_SEC,TRANSACTION_COUNT,WRITES_PER_SEC,WRITES_PER_SEC_NET,WRITE_COUNT
0,188211437812,0,1681432.0654839182,1731799.474989575,79105387,1681211.1722777854,1731664.1824075447,168.17150685700682,7913,63211.398260651185,106751.41572163069,406
1,190766401141,0,1655571.8520792986,1698719.3350366172,78946968,1655372.5924021204,1698563.8216859652,165.58241615025514,7897,66871.440950407,89077.06418698389,400
