SLAVE_INDEX,DURATION,FAILURES,READS_PER_SEC,READS_PER_SEC_NET,READ_COUNT,REQ_PER_SEC,REQ_PER_SEC_NET,TRANSACTIONS_PER_SEC,TRANSACTION_COUNT,WRITES_PER_SEC,WRITES_PER_SEC_NET,WRITE_COUNT
0,172182529493,0,2044703.0945728219,2163931.8462617984,87996679,2044275.880000415,2163695.095788152,204.47769380620008,8802,50849.98763038814,100507.39626750033,469
1,174535414474,0,2306442.830436648,2436590.229337395,100617175,2305953.9246687084,2436230.3039592383,230.64423660896298,10064,50857.56856837319,76371.10546063725,481
2,179633679324,0,2086272.3932622331,2192083.7953714663,93674125,2085902.9409744898,2191873.720810986,208.6223425958225,9369,58659.735041309286,111249.70970778873,480
3,179818476822,0,2017953.640002229,2122174.9417365612,90698957,2017577.2501906394,2121986.8060708162,201.80160616691694,9072,53408.1744403861,114827.88018434617,460
