SLAVE_INDEX,DURATION,FAILURES,READS_PER_SEC,READS_PER_SEC_NET,READ_COUNT,READ_NULLS_PER_SEC,READ_NULLS_PER_SEC_NET,READ_NULL_COUNT,REQ_PER_SEC,REQ_PER_SEC_NET,TRANSACTIONS_PER_SEC,TRANSACTION_COUNT,WRITES_PER_SEC,WRITES_PER_SEC_NET,WRITE_COUNT
0,238433110658,0,13797.286320629722,14386.29476844222,745744,36.70536763166575,,204,12514.23508994046,12996.744272786127,1.308530704499909,78,8723.26319829722,9683.377755828787,4
1,238402121916,0,13785.047403191498,14463.603016954385,736259,25.848018650713787,,160,12355.997406088121,12898.275714437945,1.2751327427311263,76,9458.997374655279,10539.728981408973,5
2,240733979030,0,13716.252762408922,14365.460417792216,762480,21.334483659665754,,98,12670.949121062264,13222.916692950213,1.2960205580762556,78,8589.497192308105,9362.337073391946,4
3,239436277213,0,13291.775907843228,13758.448819426105,760654,30.024775545937544,,79,12708.801003003506,13134.739396293571,1.2863231046203663,77,8128.2722646077755,8767.31544800982,4
4,238774377058,0,13500.63664427838,14032.662482693335,770912,38.588649852618595,,100,12916.226766035532,13402.301707665081,1.3234082408621526,79,15446.60975878188,18413.196738102197,4
5,238416074673,0,13857.652651283524,14785.13951869944,755744,20.920247620450514,,106,12681.309362830456,13453.523455285173,1.3011393671102802,78,7474.003148156898,8148.86106570223,7
6,239333393215,0,13073.210232808058,13332.366996360872,746593,26.42730050167484,,72,12479.111083830208,12715.016690583863,1.3036112164326525,78,7336.535119535084,7905.7476762042925,2
7,238457201134,0,12758.3554345921,13212.316643612496,727278,15.326260704456644,15.328420128880476,40,12200.445137176379,12614.988528134767,1.2748515909658322,76,8685.73910211172,9497.239864664332,3
