SLAVE_INDEX,DURATION,FAILURES,READS_PER_SEC,READS_PER_SEC_NET,READ_COUNT,REQ_PER_SEC,REQ_PER_SEC_NET,TRANSACTIONS_PER_SEC,TRANSACTION_COUNT,WRITES_PER_SEC,WRITES_PER_SEC_NET,WRITE_COUNT
0,208135062867,0,1181042.2809306604,1183466.822297643,61447402,1180920.1035822704,1183348.2427994036,118.13466374331573,6147,56262.45586416014,58118.10293008447,318
1,206323983467,0,1197505.089874813,1199986.3883500942,61762416,1197392.6242050962,1199876.5539839608,119.79201157220548,6179,56639.23433195055,58165.120679497864,288
