SLAVE_INDEX,DURATION,FAILURES,READS_PER_SEC,READS_PER_SEC_NET,READ_COUNT,REQ_PER_SEC,REQ_PER_SEC_NET,TRANSACTIONS_PER_SEC,TRANSACTION_COUNT,WRITES_PER_SEC,WRITES_PER_SEC_NET,WRITE_COUNT
0,207874251299,0,1125342.6799606842,1127538.2092326365,58475895,1125222.977537311,1127421.509177313,112.54865336607014,5849,56037.116166703716,57623.887823612924,326
1,209788059757,0,1110917.8410544288,1113061.822223833,58258629,1110814.6587080692,1112961.1065587176,111.12151708443447,5828,55393.69532950691,56894.66988595674,284
2,208757627847,0,1102575.1664850903,1104685.2551382345,57537316,1102476.466961384,1104588.4533947092,110.29042816439905,5756,56265.54983274202,57525.2412763335,277
3,208919474927,0,1158323.0808811784,1160683.3918951307,60493286,1158217.7682791415,1160580.3342948055,115.87223188647626,6052,55344.79304757105,56721.68395992983,276
