SLAVE_INDEX,DURATION,FAILURES,READS_PER_SEC,READS_PER_SEC_NET,READ_COUNT,REQ_PER_SEC,REQ_PER_SEC_NET,TRANSACTIONS_PER_SEC,TRANSACTION_COUNT,WRITES_PER_SEC,WRITES_PER_SEC_NET,WRITE_COUNT
0,124883481108,0,4024547.824422927,6930377.344502419,125145557,4012422.2639714726,6927348.790024057,4012.475443470338,125273,1003550.335219751,4827861.920607646,125758
1,138373629507,0,4418550.432743029,7828466.949177264,152013872,4398710.723774208,7825532.969198551,4398.727973033818,152167,803388.9582080944,5697347.200725728,152520
2,134183950569,0,4162700.8650632286,7612173.654106939,138916747,4145191.862673485,7608529.685353097,4145.234045950834,139056,791066.3870870468,5132041.379057366,137808
3,139050588928,0,4306292.162699847,8062134.4982952485,148873384,4286813.947322802,8057804.81038693,4286.870765153516,149023,770774.5627758749,5226873.93674267,147617
4,135291204873,0,3990501.0811730158,6992752.200402996,134352471,3976246.855846863,6991424.349074486,3976.041949419707,134490,874653.9875876055,5882513.637509657,135336
5,137851887901,0,4148106.786600716,7730621.436294207,142286819,4132829.9864064986,7727572.318034457,4132.870024814841,142431,884976.7183441275,5547253.657803545,142785
