SLAVE_INDEX,DURATION,FAILURES,READS_PER_SEC,READS_PER_SEC_NET,READ_COUNT,REQ_PER_SEC,REQ_PER_SEC_NET,TRANSACTIONS_PER_SEC,TRANSACTION_COUNT,WRITES_PER_SEC,WRITES_PER_SEC_NET,WRITE_COUNT
0,352425264853,0,5290320.214345686,5.620750875423001E7,46600758,5291775.437206215,5.615399805044508E7,52918.44449750932,466245,1.1872788050839212E7,1.9241375530375984E7,23126
