SLAVE_INDEX,DURATION,FAILURES,READS_PER_SEC,READS_PER_SEC_NET,READ_COUNT,REQ_PER_SEC,REQ_PER_SEC_NET,TRANSACTIONS_PER_SEC,TRANSACTION_COUNT,WRITES_PER_SEC,WRITES_PER_SEC_NET,WRITE_COUNT
0,357882820153,0,8470657.018204454,8.147301826077577E7,74604735,8342634.381621271,8.143944803190172E7,83426.41218765336,746422,267855.7659448087,4.4701144678798884E7,37403
